OrderID,LineNumber,OrderDate,PromisedDate,ShipDate,CustomerID,SKU,WarehouseID,QtyOrdered,QtyShipped,UnitPrice,DiscountPct
700001,1,01/01/2026,05/01/2026,05/01/2026,CUST-110,SKU-1005,WH-04,50,20,77.98,0
700001,2,01/01/2026,05/01/2026,05/01/2026,CUST-110,SKU-1018,WH-04,200,200,66.93,0.05
700001,3,01/01/2026,05/01/2026,05/01/2026,CUST-110,SKU-1022,WH-04,25,25,11.23,0
700001,4,01/01/2026,05/01/2026,05/01/2026,CUST-110,SKU-1023,WH-04,10,10,19.51,0.1
700002,1,01/01/2026,04/01/2026,03/01/2026,CUST-143,SKU-1004,WH-04,10,10,44.52,0.05
700002,2,01/01/2026,04/01/2026,03/01/2026,CUST-143,SKU-1001,WH-04,200,180,59.63,0.05
700002,3,01/01/2026,04/01/2026,03/01/2026,CUST-143,SKU-1023,WH-04,10,10,19.51,0
700003,1,01/01/2026,06/01/2026,05/01/2026,CUST-138,SKU-1002,WH-01,75,45,54.08,0.1
700003,2,01/01/2026,06/01/2026,05/01/2026,CUST-138,SKU-1018,WH-01,50,50,66.93,0
700004,1,01/01/2026,05/01/2026,05/01/2026,CUST-113,SKU-1024,WH-01,10,10,68.06,0.125
700004,2,01/01/2026,05/01/2026,05/01/2026,CUST-113,SKU-1012,WH-01,20,20,54.11,0
700005,1,01/01/2026,08/01/2026,09/01/2026,CUST-101,SKU-1014,WH-01,100,100,100.88,0.1
700005,2,01/01/2026,08/01/2026,09/01/2026,CUST-101,SKU-1023,WH-01,25,10,19.51,0.05
700005,3,01/01/2026,08/01/2026,09/01/2026,CUST-101,SKU-1011,WH-01,25,25,39.0,0.05
700005,4,01/01/2026,08/01/2026,09/01/2026,CUST-101,SKU-1018,WH-01,75,75,66.93,0.05
700006,1,01/01/2026,04/01/2026,06/01/2026,CUST-160,SKU-1007,WH-02,50,30,66.6,0.125
700006,2,01/01/2026,04/01/2026,06/01/2026,CUST-160,SKU-1017,WH-02,150,150,44.62,0
700007,1,01/01/2026,06/01/2026,08/01/2026,CUST-130,SKU-1018,WH-01,75,75,66.93,0.1
700007,2,01/01/2026,06/01/2026,08/01/2026,CUST-130,SKU-1003,WH-01,50,50,52.5,0
700008,1,01/01/2026,04/01/2026,03/01/2026,CUST-137,SKU-1014,WH-02,20,20,100.88,0
700008,2,01/01/2026,04/01/2026,03/01/2026,CUST-137,SKU-1007,WH-02,150,150,66.6,0
700009,1,02/01/2026,07/01/2026,08/01/2026,CUST-143,SKU-1010,WH-04,100,100,75.49,0.1
700009,2,02/01/2026,07/01/2026,08/01/2026,CUST-143,SKU-1009,WH-04,200,200,32.15,0
700009,3,02/01/2026,07/01/2026,08/01/2026,CUST-143,SKU-1021,WH-04,75,75,50.68,0.1
700010,1,02/01/2026,06/01/2026,05/01/2026,CUST-125,SKU-1016,WH-01,50,50,19.18,0
700011,1,02/01/2026,05/01/2026,04/01/2026,CUST-117,SKU-1024,WH-03,150,90,68.06,0
700011,2,02/01/2026,05/01/2026,04/01/2026,CUST-117,SKU-1010,WH-03,150,150,75.49,0.125
700012,1,02/01/2026,06/01/2026,05/01/2026,CUST-116,SKU-1003,WH-03,50,50,52.5,0
700012,2,02/01/2026,06/01/2026,05/01/2026,CUST-116,SKU-1014,WH-03,10,4,100.88,0.05
700012,3,02/01/2026,06/01/2026,05/01/2026,CUST-116,SKU-1011,WH-03,50,50,39.0,0.1
700013,1,05/01/2026,09/01/2026,08/01/2026,CUST-151,SKU-1012,WH-03,150,150,54.11,0
700013,2,05/01/2026,09/01/2026,08/01/2026,CUST-151,SKU-1020,WH-03,10,9,72.1,0.1
700013,3,05/01/2026,09/01/2026,08/01/2026,CUST-151,SKU-1014,WH-03,50,50,100.88,0
700014,1,05/01/2026,12/01/2026,12/01/2026,CUST-157,SKU-1008,WH-01,75,30,12.26,0
700014,2,05/01/2026,12/01/2026,12/01/2026,CUST-157,SKU-1015,WH-01,25,25,27.45,0.05
700014,3,05/01/2026,12/01/2026,12/01/2026,CUST-157,SKU-1017,WH-01,25,25,44.62,0.05
700015,1,05/01/2026,10/01/2026,15/01/2026,CUST-121,SKU-1024,WH-02,25,25,68.06,0.125
700016,1,05/01/2026,07/01/2026,06/01/2026,CUST-143,SKU-1019,WH-02,75,75,68.25,0.125
700016,2,05/01/2026,07/01/2026,06/01/2026,CUST-143,SKU-1019,WH-02,75,75,68.25,0
700016,3,05/01/2026,07/01/2026,06/01/2026,CUST-143,SKU-1008,WH-02,100,100,12.26,0.1
700017,1,05/01/2026,08/01/2026,07/01/2026,CUST-145,SKU-1021,WH-03,200,200,50.68,0.05
700017,2,05/01/2026,08/01/2026,07/01/2026,CUST-145,SKU-1003,WH-03,100,100,52.5,0
700018,1,06/01/2026,10/01/2026,12/01/2026,CUST-128,SKU-1005,WH-01,50,50,77.98,0.05
700019,1,06/01/2026,10/01/2026,09/01/2026,CUST-111,SKU-1023,WH-02,25,22,19.51,0.05
700019,2,06/01/2026,10/01/2026,09/01/2026,CUST-111,SKU-1023,WH-02,75,75,19.51,0.125
700019,3,06/01/2026,10/01/2026,09/01/2026,CUST-111,SKU-1005,WH-02,100,100,77.98,0
700020,1,06/01/2026,13/01/2026,12/01/2026,CUST-120,SKU-1008,WH-04,10,10,12.26,0
700021,1,06/01/2026,11/01/2026,10/01/2026,CUST-143,SKU-1018,WH-02,20,20,66.93,0.125
700021,2,06/01/2026,11/01/2026,10/01/2026,CUST-143,SKU-1010,WH-02,150,150,75.49,0.05
700021,3,06/01/2026,11/01/2026,10/01/2026,CUST-143,SKU-1024,WH-02,150,60,68.06,0.125
700022,1,06/01/2026,10/01/2026,12/01/2026,CUST-111,SKU-1019,WH-02,100,100,68.25,0
700023,1,06/01/2026,13/01/2026,13/01/2026,CUST-121,SKU-1020,WH-04,25,25,72.1,0
700023,2,06/01/2026,13/01/2026,13/01/2026,CUST-121,SKU-1003,WH-04,200,200,52.5,0.1
700023,3,06/01/2026,13/01/2026,13/01/2026,CUST-121,SKU-1001,WH-04,200,200,59.63,0.1
700024,1,06/01/2026,13/01/2026,18/01/2026,CUST-122,SKU-1002,WH-01,25,25,54.08,0.05
700024,2,06/01/2026,13/01/2026,18/01/2026,CUST-122,SKU-1018,WH-01,200,200,66.93,0
700024,3,06/01/2026,13/01/2026,18/01/2026,CUST-122,SKU-1011,WH-01,10,10,39.0,0
700024,4,06/01/2026,13/01/2026,18/01/2026,CUST-122,SKU-1012,WH-01,200,200,54.11,0
700025,1,06/01/2026,08/01/2026,10/01/2026,CUST-106,SKU-1013,WH-01,200,200,75.26,0.125
700025,2,06/01/2026,08/01/2026,10/01/2026,CUST-106,SKU-1024,WH-01,150,150,68.06,0
700025,3,06/01/2026,08/01/2026,10/01/2026,CUST-106,SKU-1017,WH-01,20,20,44.62,0.05
700025,4,06/01/2026,08/01/2026,10/01/2026,CUST-106,SKU-1018,WH-01,25,25,66.93,0
700026,1,06/01/2026,09/01/2026,08/01/2026,CUST-133,SKU-1021,WH-02,75,75,50.68,0.125
700026,2,06/01/2026,09/01/2026,08/01/2026,CUST-133,SKU-1009,WH-02,50,50,32.15,0
700026,3,06/01/2026,09/01/2026,08/01/2026,CUST-133,SKU-1015,WH-02,200,200,27.45,0.1
700027,1,07/01/2026,10/01/2026,11/01/2026,CUST-139,SKU-1001,WH-03,150,150,59.63,0.125
700027,2,07/01/2026,10/01/2026,11/01/2026,CUST-139,SKU-1021,WH-03,200,200,50.68,0
700028,1,07/01/2026,12/01/2026,11/01/2026,CUST-156,SKU-1009,WH-01,100,100,32.15,0.05
700028,2,07/01/2026,12/01/2026,11/01/2026,CUST-156,SKU-1011,WH-01,25,25,39.0,0.125
700029,1,07/01/2026,12/01/2026,11/01/2026,CUST-140,SKU-1023,WH-03,150,90,19.51,0
700029,2,07/01/2026,12/01/2026,11/01/2026,CUST-140,SKU-1024,WH-03,10,10,68.06,0
700030,1,07/01/2026,09/01/2026,09/01/2026,CUST-143,SKU-1007,WH-02,100,100,66.6,0.125
700031,1,07/01/2026,09/01/2026,09/01/2026,CUST-141,SKU-1021,WH-03,200,160,50.68,0.1
700031,2,07/01/2026,09/01/2026,09/01/2026,CUST-141,SKU-1024,WH-03,20,20,68.06,0.1
700031,3,07/01/2026,09/01/2026,09/01/2026,CUST-141,SKU-1018,WH-03,25,25,66.93,0
700031,4,07/01/2026,09/01/2026,09/01/2026,CUST-141,SKU-1022,WH-03,75,75,11.23,0.1
700032,1,07/01/2026,09/01/2026,14/01/2026,CUST-143,SKU-1007,WH-01,20,20,66.6,0
700032,2,07/01/2026,09/01/2026,14/01/2026,CUST-143,SKU-1021,WH-01,100,100,50.68,0
700032,3,07/01/2026,09/01/2026,14/01/2026,CUST-143,SKU-1001,WH-01,150,150,59.63,0
700032,4,07/01/2026,09/01/2026,14/01/2026,CUST-143,SKU-1017,WH-01,150,135,44.62,0
700033,1,08/01/2026,11/01/2026,13/01/2026,CUST-159,SKU-1017,WH-02,100,100,44.62,0
700033,2,08/01/2026,11/01/2026,13/01/2026,CUST-159,SKU-1011,WH-02,200,200,39.0,0
700033,3,08/01/2026,11/01/2026,13/01/2026,CUST-159,SKU-1014,WH-02,100,100,100.88,0
700034,1,08/01/2026,11/01/2026,11/01/2026,CUST-128,SKU-1009,WH-01,100,100,32.15,0
700034,2,08/01/2026,11/01/2026,11/01/2026,CUST-128,SKU-1001,WH-01,100,40,59.63,0
700034,3,08/01/2026,11/01/2026,11/01/2026,CUST-128,SKU-1009,WH-01,10,8,32.15,0
700034,4,08/01/2026,11/01/2026,11/01/2026,CUST-128,SKU-1001,WH-01,75,75,59.63,0
700035,1,08/01/2026,13/01/2026,12/01/2026,CUST-106,SKU-1012,WH-02,200,200,54.11,0.1
700035,2,08/01/2026,13/01/2026,12/01/2026,CUST-106,SKU-1004,WH-02,100,100,44.52,0
700036,1,08/01/2026,10/01/2026,10/01/2026,CUST-158,SKU-1018,WH-01,10,10,66.93,0.1
700036,2,08/01/2026,10/01/2026,10/01/2026,CUST-158,SKU-1003,WH-01,150,150,52.5,0.05
700036,3,08/01/2026,10/01/2026,10/01/2026,CUST-158,SKU-1013,WH-01,75,75,75.26,0
700036,4,08/01/2026,10/01/2026,10/01/2026,CUST-158,SKU-1008,WH-01,25,25,12.26,0.1
700037,1,08/01/2026,12/01/2026,11/01/2026,CUST-110,SKU-1007,WH-01,10,8,66.6,0
700038,1,09/01/2026,12/01/2026,12/01/2026,CUST-130,SKU-1014,WH-04,10,10,100.88,0.125
700038,2,09/01/2026,12/01/2026,12/01/2026,CUST-130,SKU-1009,WH-04,200,200,32.15,0.125
700038,3,09/01/2026,12/01/2026,12/01/2026,CUST-130,SKU-1006,WH-04,150,150,54.97,0.1
700039,1,09/01/2026,11/01/2026,12/01/2026,CUST-112,SKU-1024,WH-03,25,25,68.06,0
700040,1,09/01/2026,13/01/2026,14/01/2026,CUST-156,SKU-1023,WH-02,50,50,19.51,0
700041,1,09/01/2026,12/01/2026,14/01/2026,CUST-152,SKU-1003,WH-01,10,10,52.5,0
700041,2,09/01/2026,12/01/2026,14/01/2026,CUST-152,SKU-1022,WH-01,10,10,11.23,0.1
700042,1,09/01/2026,11/01/2026,11/01/2026,CUST-117,SKU-1009,WH-01,20,20,32.15,0.1
700042,2,09/01/2026,11/01/2026,11/01/2026,CUST-117,SKU-1020,WH-01,25,22,72.1,0.05
700042,3,09/01/2026,11/01/2026,11/01/2026,CUST-117,SKU-1001,WH-01,150,120,59.63,0
700043,1,09/01/2026,16/01/2026,16/01/2026,CUST-144,SKU-1023,WH-02,150,150,19.51,0.125
700044,1,09/01/2026,14/01/2026,13/01/2026,CUST-131,SKU-1014,WH-02,10,10,100.88,0.05
700044,2,09/01/2026,14/01/2026,13/01/2026,CUST-131,SKU-1020,WH-02,10,10,72.1,0.1
700044,3,09/01/2026,14/01/2026,13/01/2026,CUST-131,SKU-1001,WH-02,100,100,59.63,0
700045,1,09/01/2026,14/01/2026,13/01/2026,CUST-115,SKU-1012,WH-02,200,180,54.11,0
700045,2,09/01/2026,14/01/2026,13/01/2026,CUST-115,SKU-1001,WH-02,200,200,59.63,0
700045,3,09/01/2026,14/01/2026,13/01/2026,CUST-115,SKU-1002,WH-02,20,16,54.08,0
700045,4,09/01/2026,14/01/2026,13/01/2026,CUST-115,SKU-1018,WH-02,20,20,66.93,0
700046,1,12/01/2026,19/01/2026,18/01/2026,CUST-142,SKU-1005,WH-04,150,150,77.98,0.05
700046,2,12/01/2026,19/01/2026,18/01/2026,CUST-142,SKU-1017,WH-04,200,200,44.62,0.1
700046,3,12/01/2026,19/01/2026,18/01/2026,CUST-142,SKU-1008,WH-04,100,60,12.26,0
700046,4,12/01/2026,19/01/2026,18/01/2026,CUST-142,SKU-1003,WH-04,200,200,52.5,0.05
700047,1,12/01/2026,19/01/2026,18/01/2026,CUST-141,SKU-1003,WH-02,50,50,52.5,0.05
700047,2,12/01/2026,19/01/2026,18/01/2026,CUST-141,SKU-1006,WH-02,100,80,54.97,0.1
700047,3,12/01/2026,19/01/2026,18/01/2026,CUST-141,SKU-1005,WH-02,25,25,77.98,0
700048,1,12/01/2026,14/01/2026,13/01/2026,CUST-108,SKU-1020,WH-03,100,100,72.1,0
700048,2,12/01/2026,14/01/2026,13/01/2026,CUST-108,SKU-1014,WH-03,50,50,100.88,0.05
700048,3,12/01/2026,14/01/2026,13/01/2026,CUST-108,SKU-1016,WH-03,20,20,19.18,0
700049,1,12/01/2026,15/01/2026,14/01/2026,CUST-152,SKU-1009,WH-04,25,25,32.15,0
700049,2,12/01/2026,15/01/2026,14/01/2026,CUST-152,SKU-1001,WH-04,75,75,59.63,0
700049,3,12/01/2026,15/01/2026,14/01/2026,CUST-152,SKU-1024,WH-04,100,100,68.06,0
700049,4,12/01/2026,15/01/2026,14/01/2026,CUST-152,SKU-1002,WH-04,150,150,54.08,0
700050,1,12/01/2026,17/01/2026,16/01/2026,CUST-127,SKU-1009,WH-01,10,8,32.15,0.05
700050,2,12/01/2026,17/01/2026,16/01/2026,CUST-127,SKU-1017,WH-01,150,120,44.62,0
700050,3,12/01/2026,17/01/2026,16/01/2026,CUST-127,SKU-1003,WH-01,20,20,52.5,0.05
700051,1,12/01/2026,17/01/2026,19/01/2026,CUST-121,SKU-1010,WH-01,50,50,75.49,0
700051,2,12/01/2026,17/01/2026,19/01/2026,CUST-121,SKU-1024,WH-01,150,150,68.06,0.1
700051,3,12/01/2026,17/01/2026,19/01/2026,CUST-121,SKU-1002,WH-01,75,75,54.08,0
700052,1,13/01/2026,17/01/2026,22/01/2026,CUST-157,SKU-1022,WH-02,200,200,11.23,0
700052,2,13/01/2026,17/01/2026,22/01/2026,CUST-157,SKU-1014,WH-02,150,150,100.88,0
700052,3,13/01/2026,17/01/2026,22/01/2026,CUST-157,SKU-1013,WH-02,50,50,75.26,0.125
700053,1,13/01/2026,18/01/2026,23/01/2026,CUST-103,SKU-1008,WH-04,25,10,12.26,0
700053,2,13/01/2026,18/01/2026,23/01/2026,CUST-103,SKU-1020,WH-04,150,150,72.1,0.05
700053,3,13/01/2026,18/01/2026,23/01/2026,CUST-103,SKU-1018,WH-04,200,200,66.93,0
700054,1,13/01/2026,16/01/2026,15/01/2026,CUST-160,SKU-1014,WH-03,100,100,100.88,0.1
700054,2,13/01/2026,16/01/2026,15/01/2026,CUST-160,SKU-1008,WH-03,150,150,12.26,0.05
700054,3,13/01/2026,16/01/2026,15/01/2026,CUST-160,SKU-1022,WH-03,200,200,11.23,0.05
700054,4,13/01/2026,16/01/2026,15/01/2026,CUST-160,SKU-1018,WH-03,25,25,66.93,0
700055,1,13/01/2026,17/01/2026,16/01/2026,CUST-125,SKU-1010,WH-02,20,20,75.49,0.125
700055,2,13/01/2026,17/01/2026,16/01/2026,CUST-125,SKU-1005,WH-02,150,150,77.98,0.05
700055,3,13/01/2026,17/01/2026,16/01/2026,CUST-125,SKU-1016,WH-02,150,90,19.18,0.125
700055,4,13/01/2026,17/01/2026,16/01/2026,CUST-125,SKU-1022,WH-02,10,6,11.23,0.125
700056,1,13/01/2026,16/01/2026,15/01/2026,CUST-143,SKU-1007,WH-04,100,100,66.6,0
700056,2,13/01/2026,16/01/2026,15/01/2026,CUST-143,SKU-1024,WH-04,100,100,68.06,0.05
700057,1,13/01/2026,15/01/2026,14/01/2026,CUST-141,SKU-1015,WH-02,20,20,27.45,0
700057,2,13/01/2026,15/01/2026,14/01/2026,CUST-141,SKU-1012,WH-02,100,100,54.11,0
700057,3,13/01/2026,15/01/2026,14/01/2026,CUST-141,SKU-1003,WH-02,20,20,52.5,0
700057,4,13/01/2026,15/01/2026,14/01/2026,CUST-141,SKU-1016,WH-02,75,75,19.18,0
700058,1,13/01/2026,18/01/2026,20/01/2026,CUST-116,SKU-1021,WH-04,150,60,50.68,0.125
700058,2,13/01/2026,18/01/2026,20/01/2026,CUST-116,SKU-1022,WH-04,20,20,11.23,0.125
700058,3,13/01/2026,18/01/2026,20/01/2026,CUST-116,SKU-1008,WH-04,20,20,12.26,0.125
700059,1,14/01/2026,17/01/2026,16/01/2026,CUST-102,SKU-1004,WH-04,20,20,44.52,0.05
700059,2,14/01/2026,17/01/2026,16/01/2026,CUST-102,SKU-1003,WH-04,20,20,52.5,0.125
700059,3,14/01/2026,17/01/2026,16/01/2026,CUST-102,SKU-1019,WH-04,150,150,68.25,0.05
700059,4,14/01/2026,17/01/2026,16/01/2026,CUST-102,SKU-1012,WH-04,200,200,54.11,0.05
700060,1,14/01/2026,17/01/2026,17/01/2026,CUST-153,SKU-1002,WH-04,25,25,54.08,0.05
700061,1,14/01/2026,19/01/2026,19/01/2026,CUST-118,SKU-1013,WH-04,10,10,75.26,0
700061,2,14/01/2026,19/01/2026,19/01/2026,CUST-118,SKU-1003,WH-04,25,25,52.5,0
700061,3,14/01/2026,19/01/2026,19/01/2026,CUST-118,SKU-1011,WH-04,20,20,39.0,0.05
700062,1,14/01/2026,16/01/2026,16/01/2026,CUST-138,SKU-1019,WH-04,150,150,68.25,0.1
700062,2,14/01/2026,16/01/2026,16/01/2026,CUST-138,SKU-1008,WH-04,10,10,12.26,0.05
700062,3,14/01/2026,16/01/2026,16/01/2026,CUST-138,SKU-1009,WH-04,100,100,32.15,0.1
700063,1,14/01/2026,17/01/2026,17/01/2026,CUST-136,SKU-1003,WH-01,20,20,52.5,0
700063,2,14/01/2026,17/01/2026,17/01/2026,CUST-136,SKU-1023,WH-01,75,75,19.51,0
700063,3,14/01/2026,17/01/2026,17/01/2026,CUST-136,SKU-1009,WH-01,75,45,32.15,0
700063,4,14/01/2026,17/01/2026,17/01/2026,CUST-136,SKU-1015,WH-01,50,50,27.45,0.1
700064,1,15/01/2026,18/01/2026,23/01/2026,CUST-126,SKU-1005,WH-03,25,20,77.98,0
700064,2,15/01/2026,18/01/2026,23/01/2026,CUST-126,SKU-1019,WH-03,75,75,68.25,0.125
700065,1,15/01/2026,18/01/2026,17/01/2026,CUST-149,SKU-1004,WH-02,75,75,44.52,0.125
700065,2,15/01/2026,18/01/2026,17/01/2026,CUST-149,SKU-1012,WH-02,150,150,54.11,0.05
700065,3,15/01/2026,18/01/2026,17/01/2026,CUST-149,SKU-1018,WH-02,75,75,66.93,0.1
700065,4,15/01/2026,18/01/2026,17/01/2026,CUST-149,SKU-1009,WH-02,50,50,32.15,0.05
700066,1,15/01/2026,20/01/2026,19/01/2026,CUST-101,SKU-1001,WH-02,50,20,59.63,0.125
700066,2,15/01/2026,20/01/2026,19/01/2026,CUST-101,SKU-1004,WH-02,50,50,44.52,0
700067,1,15/01/2026,20/01/2026,21/01/2026,CUST-128,SKU-1003,WH-02,20,20,52.5,0
700067,2,15/01/2026,20/01/2026,21/01/2026,CUST-128,SKU-1013,WH-02,150,150,75.26,0
700067,3,15/01/2026,20/01/2026,21/01/2026,CUST-128,SKU-1003,WH-02,10,10,52.5,0.1
700067,4,15/01/2026,20/01/2026,21/01/2026,CUST-128,SKU-1001,WH-02,150,150,59.63,0
700068,1,16/01/2026,18/01/2026,18/01/2026,CUST-103,SKU-1007,WH-01,50,50,66.6,0
700068,2,16/01/2026,18/01/2026,18/01/2026,CUST-103,SKU-1011,WH-01,200,200,39.0,0.05
700068,3,16/01/2026,18/01/2026,18/01/2026,CUST-103,SKU-1017,WH-01,150,150,44.62,0.125
700069,1,16/01/2026,23/01/2026,23/01/2026,CUST-145,SKU-1018,WH-02,50,45,66.93,0.1
700069,2,16/01/2026,23/01/2026,23/01/2026,CUST-145,SKU-1001,WH-02,150,150,59.63,0.1
700069,3,16/01/2026,23/01/2026,23/01/2026,CUST-145,SKU-1011,WH-02,200,200,39.0,0.05
700070,1,16/01/2026,21/01/2026,20/01/2026,CUST-145,SKU-1020,WH-01,10,10,72.1,0
700071,1,16/01/2026,19/01/2026,19/01/2026,CUST-122,SKU-1012,WH-02,50,50,54.11,0.1
700071,2,16/01/2026,19/01/2026,19/01/2026,CUST-122,SKU-1024,WH-02,200,200,68.06,0.1
700072,1,16/01/2026,21/01/2026,20/01/2026,CUST-137,SKU-1004,WH-01,100,100,44.52,0
700072,2,16/01/2026,21/01/2026,20/01/2026,CUST-137,SKU-1018,WH-01,10,10,66.93,0
700072,3,16/01/2026,21/01/2026,20/01/2026,CUST-137,SKU-1014,WH-01,200,180,100.88,0
700072,4,16/01/2026,21/01/2026,20/01/2026,CUST-137,SKU-1014,WH-01,10,10,100.88,0
700073,1,16/01/2026,19/01/2026,20/01/2026,CUST-142,SKU-1011,WH-01,150,150,39.0,0.1
700073,2,16/01/2026,19/01/2026,20/01/2026,CUST-142,SKU-1006,WH-01,10,10,54.97,0.1
700073,3,16/01/2026,19/01/2026,20/01/2026,CUST-142,SKU-1004,WH-01,25,25,44.52,0
700073,4,16/01/2026,19/01/2026,20/01/2026,CUST-142,SKU-1012,WH-01,50,50,54.11,0
700074,1,16/01/2026,20/01/2026,21/01/2026,CUST-106,SKU-1007,WH-04,10,10,66.6,0.1
700074,2,16/01/2026,20/01/2026,21/01/2026,CUST-106,SKU-1010,WH-04,25,25,75.49,0.125
700074,3,16/01/2026,20/01/2026,21/01/2026,CUST-106,SKU-1012,WH-04,10,10,54.11,0
700074,4,16/01/2026,20/01/2026,21/01/2026,CUST-106,SKU-1024,WH-04,10,6,68.06,0
700075,1,19/01/2026,23/01/2026,24/01/2026,CUST-140,SKU-1007,WH-04,25,25,66.6,0
700075,2,19/01/2026,23/01/2026,24/01/2026,CUST-140,SKU-1009,WH-04,10,10,32.15,0
700075,3,19/01/2026,23/01/2026,24/01/2026,CUST-140,SKU-1012,WH-04,200,200,54.11,0
700076,1,19/01/2026,22/01/2026,22/01/2026,CUST-118,SKU-1002,WH-04,200,200,54.08,0.125
700077,1,19/01/2026,22/01/2026,21/01/2026,CUST-125,SKU-1001,WH-04,10,10,59.63,0.05
700077,2,19/01/2026,22/01/2026,21/01/2026,CUST-125,SKU-1018,WH-04,100,100,66.93,0.1
700077,3,19/01/2026,22/01/2026,21/01/2026,CUST-125,SKU-1013,WH-04,200,200,75.26,0.1
700078,1,19/01/2026,23/01/2026,22/01/2026,CUST-138,SKU-1024,WH-02,200,200,68.06,0
700078,2,19/01/2026,23/01/2026,22/01/2026,CUST-138,SKU-1017,WH-02,200,200,44.62,0
700078,3,19/01/2026,23/01/2026,22/01/2026,CUST-138,SKU-1008,WH-02,100,100,12.26,0
700079,1,20/01/2026,22/01/2026,22/01/2026,CUST-157,SKU-1019,WH-02,150,150,68.25,0.05
700079,2,20/01/2026,22/01/2026,22/01/2026,CUST-157,SKU-1023,WH-02,25,25,19.51,0.05
700079,3,20/01/2026,22/01/2026,22/01/2026,CUST-157,SKU-1016,WH-02,100,100,19.18,0
700079,4,20/01/2026,22/01/2026,22/01/2026,CUST-157,SKU-1015,WH-02,200,200,27.45,0.05
700080,1,20/01/2026,23/01/2026,23/01/2026,CUST-106,SKU-1022,WH-03,10,10,11.23,0
700080,2,20/01/2026,23/01/2026,23/01/2026,CUST-106,SKU-1009,WH-03,25,25,32.15,0
700081,1,20/01/2026,23/01/2026,24/01/2026,CUST-101,SKU-1013,WH-03,25,25,75.26,0
700082,1,20/01/2026,25/01/2026,30/01/2026,CUST-111,SKU-1012,WH-04,100,100,54.11,0
700082,2,20/01/2026,25/01/2026,30/01/2026,CUST-111,SKU-1001,WH-04,10,10,59.63,0.1
700082,3,20/01/2026,25/01/2026,30/01/2026,CUST-111,SKU-1004,WH-04,75,75,44.52,0.1
700082,4,20/01/2026,25/01/2026,30/01/2026,CUST-111,SKU-1013,WH-04,100,100,75.26,0.125
700083,1,20/01/2026,25/01/2026,24/01/2026,CUST-105,SKU-1017,WH-02,20,20,44.62,0.125
700083,2,20/01/2026,25/01/2026,24/01/2026,CUST-105,SKU-1004,WH-02,200,200,44.52,0
700083,3,20/01/2026,25/01/2026,24/01/2026,CUST-105,SKU-1006,WH-02,20,20,54.97,0.05
700083,4,20/01/2026,25/01/2026,24/01/2026,CUST-105,SKU-1023,WH-02,25,25,19.51,0
700084,1,20/01/2026,25/01/2026,24/01/2026,CUST-144,SKU-1016,WH-03,200,200,19.18,0.125
700084,2,20/01/2026,25/01/2026,24/01/2026,CUST-144,SKU-1021,WH-03,100,100,50.68,0
700085,1,20/01/2026,24/01/2026,23/01/2026,CUST-148,SKU-1004,WH-04,150,135,44.52,0
700085,2,20/01/2026,24/01/2026,23/01/2026,CUST-148,SKU-1013,WH-04,75,75,75.26,0.125
700085,3,20/01/2026,24/01/2026,23/01/2026,CUST-148,SKU-1004,WH-04,200,200,44.52,0
700085,4,20/01/2026,24/01/2026,23/01/2026,CUST-148,SKU-1023,WH-04,10,9,19.51,0
700086,1,20/01/2026,23/01/2026,23/01/2026,CUST-156,SKU-1007,WH-01,20,20,66.6,0.1
700086,2,20/01/2026,23/01/2026,23/01/2026,CUST-156,SKU-1007,WH-01,200,200,66.6,0
700086,3,20/01/2026,23/01/2026,23/01/2026,CUST-156,SKU-1011,WH-01,10,10,39.0,0
700087,1,21/01/2026,24/01/2026,29/01/2026,CUST-140,SKU-1011,WH-01,200,200,39.0,0.125
700087,2,21/01/2026,24/01/2026,29/01/2026,CUST-140,SKU-1021,WH-01,100,100,50.68,0
700087,3,21/01/2026,24/01/2026,29/01/2026,CUST-140,SKU-1024,WH-01,75,75,68.06,0
700087,4,21/01/2026,24/01/2026,29/01/2026,CUST-140,SKU-1001,WH-01,75,75,59.63,0.05
700088,1,21/01/2026,24/01/2026,26/01/2026,CUST-112,SKU-1011,WH-03,200,200,39.0,0
700089,1,21/01/2026,28/01/2026,30/01/2026,CUST-110,SKU-1003,WH-03,75,75,52.5,0.125
700089,2,21/01/2026,28/01/2026,30/01/2026,CUST-110,SKU-1005,WH-03,20,20,77.98,0
700089,3,21/01/2026,28/01/2026,30/01/2026,CUST-110,SKU-1020,WH-03,150,150,72.1,0
700090,1,21/01/2026,28/01/2026,30/01/2026,CUST-151,SKU-1009,WH-01,200,180,32.15,0.05
700090,2,21/01/2026,28/01/2026,30/01/2026,CUST-151,SKU-1001,WH-01,50,50,59.63,0
700091,1,22/01/2026,29/01/2026,28/01/2026,CUST-123,SKU-1011,WH-01,100,100,39.0,0.125
700091,2,22/01/2026,29/01/2026,28/01/2026,CUST-123,SKU-1023,WH-01,75,75,19.51,0
700091,3,22/01/2026,29/01/2026,28/01/2026,CUST-123,SKU-1004,WH-01,50,50,44.52,0.1
700092,1,22/01/2026,27/01/2026,26/01/2026,CUST-107,SKU-1020,WH-04,50,50,72.1,0
700092,2,22/01/2026,27/01/2026,26/01/2026,CUST-107,SKU-1002,WH-04,25,25,54.08,0.05
700092,3,22/01/2026,27/01/2026,26/01/2026,CUST-107,SKU-1006,WH-04,200,200,54.97,0
700093,1,22/01/2026,29/01/2026,30/01/2026,CUST-140,SKU-1014,WH-04,50,50,100.88,0.1
700094,1,22/01/2026,25/01/2026,26/01/2026,CUST-118,SKU-1007,WH-03,50,50,66.6,0
700095,1,22/01/2026,24/01/2026,25/01/2026,CUST-129,SKU-1021,WH-02,50,50,50.68,0.1
700095,2,22/01/2026,24/01/2026,25/01/2026,CUST-129,SKU-1005,WH-02,200,200,77.98,0
700095,3,22/01/2026,24/01/2026,25/01/2026,CUST-129,SKU-1021,WH-02,200,200,50.68,0
700095,4,22/01/2026,24/01/2026,25/01/2026,CUST-129,SKU-1007,WH-02,150,150,66.6,0
700096,1,22/01/2026,25/01/2026,25/01/2026,CUST-104,SKU-1017,WH-04,20,20,44.62,0
700096,2,22/01/2026,25/01/2026,25/01/2026,CUST-104,SKU-1010,WH-04,150,150,75.49,0
700096,3,22/01/2026,25/01/2026,25/01/2026,CUST-104,SKU-1021,WH-04,20,16,50.68,0
700097,1,22/01/2026,26/01/2026,27/01/2026,CUST-137,SKU-1002,WH-03,25,25,54.08,0.05
700097,2,22/01/2026,26/01/2026,27/01/2026,CUST-137,SKU-1001,WH-03,10,9,59.63,0
700097,3,22/01/2026,26/01/2026,27/01/2026,CUST-137,SKU-1017,WH-03,10,10,44.62,0
700098,1,22/01/2026,25/01/2026,24/01/2026,CUST-145,SKU-1023,WH-04,150,150,19.51,0
700098,2,22/01/2026,25/01/2026,24/01/2026,CUST-145,SKU-1001,WH-04,150,150,59.63,0
700098,3,22/01/2026,25/01/2026,24/01/2026,CUST-145,SKU-1021,WH-04,20,20,50.68,0
700098,4,22/01/2026,25/01/2026,24/01/2026,CUST-145,SKU-1005,WH-04,100,100,77.98,0
700099,1,23/01/2026,28/01/2026,30/01/2026,CUST-141,SKU-1015,WH-04,150,90,27.45,0.1
700099,2,23/01/2026,28/01/2026,30/01/2026,CUST-141,SKU-1013,WH-04,25,25,75.26,0.05
700099,3,23/01/2026,28/01/2026,30/01/2026,CUST-141,SKU-1005,WH-04,100,100,77.98,0.1
700100,1,23/01/2026,30/01/2026,31/01/2026,CUST-146,SKU-1005,WH-02,75,75,77.98,0
700100,2,23/01/2026,30/01/2026,31/01/2026,CUST-146,SKU-1009,WH-02,150,150,32.15,0.05
700100,3,23/01/2026,30/01/2026,31/01/2026,CUST-146,SKU-1009,WH-02,100,100,32.15,0
700101,1,23/01/2026,30/01/2026,29/01/2026,CUST-126,SKU-1017,WH-02,75,75,44.62,0.05
700102,1,23/01/2026,26/01/2026,27/01/2026,CUST-147,SKU-1004,WH-02,150,135,44.52,0
700103,1,23/01/2026,28/01/2026,27/01/2026,CUST-107,SKU-1006,WH-03,75,75,54.97,0
700103,2,23/01/2026,28/01/2026,27/01/2026,CUST-107,SKU-1014,WH-03,20,20,100.88,0.1
700103,3,23/01/2026,28/01/2026,27/01/2026,CUST-107,SKU-1004,WH-03,20,16,44.52,0
700104,1,23/01/2026,30/01/2026,30/01/2026,CUST-118,SKU-1017,WH-03,75,75,44.62,0
700105,1,23/01/2026,26/01/2026,25/01/2026,CUST-142,SKU-1016,WH-02,25,15,19.18,0
700105,2,23/01/2026,26/01/2026,25/01/2026,CUST-142,SKU-1002,WH-02,20,20,54.08,0.125
700106,1,23/01/2026,28/01/2026,28/01/2026,CUST-158,SKU-1018,WH-04,25,20,66.93,0.125
700106,2,23/01/2026,28/01/2026,28/01/2026,CUST-158,SKU-1005,WH-04,50,40,77.98,0.1
700106,3,23/01/2026,28/01/2026,28/01/2026,CUST-158,SKU-1021,WH-04,25,25,50.68,0.1
700107,1,23/01/2026,30/01/2026,01/02/2026,CUST-155,SKU-1008,WH-04,10,10,12.26,0.05
700107,2,23/01/2026,30/01/2026,01/02/2026,CUST-155,SKU-1004,WH-04,50,50,44.52,0.125
700107,3,23/01/2026,30/01/2026,01/02/2026,CUST-155,SKU-1020,WH-04,25,25,72.1,0
700108,1,26/01/2026,30/01/2026,29/01/2026,CUST-133,SKU-1008,WH-03,200,200,12.26,0.125
700108,2,26/01/2026,30/01/2026,29/01/2026,CUST-133,SKU-1020,WH-03,75,75,72.1,0
700108,3,26/01/2026,30/01/2026,29/01/2026,CUST-133,SKU-1008,WH-03,50,50,12.26,0
700109,1,26/01/2026,29/01/2026,28/01/2026,CUST-141,SKU-1017,WH-02,50,50,44.62,0
700109,2,26/01/2026,29/01/2026,28/01/2026,CUST-141,SKU-1011,WH-02,25,25,39.0,0.125
700109,3,26/01/2026,29/01/2026,28/01/2026,CUST-141,SKU-1016,WH-02,20,8,19.18,0.05
700110,1,26/01/2026,28/01/2026,29/01/2026,CUST-153,SKU-1007,WH-04,25,25,66.6,0.1
700111,1,26/01/2026,28/01/2026,27/01/2026,CUST-155,SKU-1009,WH-03,50,50,32.15,0
700111,2,26/01/2026,28/01/2026,27/01/2026,CUST-155,SKU-1009,WH-03,10,4,32.15,0.1
700112,1,26/01/2026,29/01/2026,28/01/2026,CUST-135,SKU-1014,WH-04,10,10,100.88,0.125
700112,2,26/01/2026,29/01/2026,28/01/2026,CUST-135,SKU-1016,WH-04,50,50,19.18,0
700113,1,26/01/2026,30/01/2026,29/01/2026,CUST-112,SKU-1007,WH-03,200,200,66.6,0.1
700113,2,26/01/2026,30/01/2026,29/01/2026,CUST-112,SKU-1018,WH-03,50,50,66.93,0.05
700113,3,26/01/2026,30/01/2026,29/01/2026,CUST-112,SKU-1016,WH-03,50,50,19.18,0.1
700114,1,26/01/2026,31/01/2026,31/01/2026,CUST-152,SKU-1014,WH-01,20,20,100.88,0.125
700114,2,26/01/2026,31/01/2026,31/01/2026,CUST-152,SKU-1023,WH-01,75,75,19.51,0
700114,3,26/01/2026,31/01/2026,31/01/2026,CUST-152,SKU-1005,WH-01,100,100,77.98,0
700114,4,26/01/2026,31/01/2026,31/01/2026,CUST-152,SKU-1013,WH-01,50,45,75.26,0.125
700115,1,26/01/2026,28/01/2026,30/01/2026,CUST-146,SKU-1018,WH-01,20,20,66.93,0
700115,2,26/01/2026,28/01/2026,30/01/2026,CUST-146,SKU-1007,WH-01,25,25,66.6,0.1
700115,3,26/01/2026,28/01/2026,30/01/2026,CUST-146,SKU-1004,WH-01,10,10,44.52,0
700116,1,26/01/2026,28/01/2026,27/01/2026,CUST-111,SKU-1021,WH-04,75,30,50.68,0
700117,1,27/01/2026,30/01/2026,30/01/2026,CUST-141,SKU-1004,WH-03,75,75,44.52,0.05
700118,1,27/01/2026,31/01/2026,01/02/2026,CUST-103,SKU-1016,WH-03,200,200,19.18,0.125
700119,1,27/01/2026,29/01/2026,28/01/2026,CUST-146,SKU-1005,WH-02,200,200,77.98,0
700119,2,27/01/2026,29/01/2026,28/01/2026,CUST-146,SKU-1012,WH-02,150,135,54.11,0.1
700120,1,27/01/2026,30/01/2026,29/01/2026,CUST-141,SKU-1011,WH-01,25,25,39.0,0.125
700120,2,27/01/2026,30/01/2026,29/01/2026,CUST-141,SKU-1023,WH-01,75,75,19.51,0.1
700121,1,27/01/2026,03/02/2026,04/02/2026,CUST-132,SKU-1003,WH-03,100,100,52.5,0
700121,2,27/01/2026,03/02/2026,04/02/2026,CUST-132,SKU-1012,WH-03,200,200,54.11,0.125
700122,1,27/01/2026,29/01/2026,30/01/2026,CUST-106,SKU-1001,WH-02,150,150,59.63,0.125
700123,1,27/01/2026,31/01/2026,02/02/2026,CUST-141,SKU-1022,WH-02,20,20,11.23,0.05
700124,1,28/01/2026,01/02/2026,03/02/2026,CUST-131,SKU-1019,WH-02,200,200,68.25,0.1
700124,2,28/01/2026,01/02/2026,03/02/2026,CUST-131,SKU-1015,WH-02,100,100,27.45,0
700124,3,28/01/2026,01/02/2026,03/02/2026,CUST-131,SKU-1005,WH-02,200,200,77.98,0.1
700124,4,28/01/2026,01/02/2026,03/02/2026,CUST-131,SKU-1019,WH-02,20,20,68.25,0
700125,1,28/01/2026,31/01/2026,05/02/2026,CUST-124,SKU-1010,WH-04,50,50,75.49,0
700125,2,28/01/2026,31/01/2026,05/02/2026,CUST-124,SKU-1015,WH-04,200,200,27.45,0.05
700126,1,28/01/2026,02/02/2026,07/02/2026,CUST-104,SKU-1011,WH-03,50,50,39.0,0
700126,2,28/01/2026,02/02/2026,07/02/2026,CUST-104,SKU-1024,WH-03,75,75,68.06,0
700126,3,28/01/2026,02/02/2026,07/02/2026,CUST-104,SKU-1011,WH-03,50,50,39.0,0.1
700127,1,28/01/2026,30/01/2026,01/02/2026,CUST-115,SKU-1003,WH-01,20,20,52.5,0.05
700128,1,29/01/2026,03/02/2026,02/02/2026,CUST-137,SKU-1006,WH-02,200,160,54.97,0
700129,1,29/01/2026,01/02/2026,03/02/2026,CUST-120,SKU-1012,WH-02,75,75,54.11,0.125
700130,1,29/01/2026,03/02/2026,03/02/2026,CUST-150,SKU-1007,WH-04,10,10,66.6,0.05
700130,2,29/01/2026,03/02/2026,03/02/2026,CUST-150,SKU-1018,WH-04,150,150,66.93,0.1
700130,3,29/01/2026,03/02/2026,03/02/2026,CUST-150,SKU-1012,WH-04,200,200,54.11,0
700130,4,29/01/2026,03/02/2026,03/02/2026,CUST-150,SKU-1001,WH-04,20,20,59.63,0
700131,1,29/01/2026,31/01/2026,30/01/2026,CUST-155,SKU-1024,WH-02,150,150,68.06,0
700131,2,29/01/2026,31/01/2026,30/01/2026,CUST-155,SKU-1013,WH-02,25,25,75.26,0
700131,3,29/01/2026,31/01/2026,30/01/2026,CUST-155,SKU-1001,WH-02,75,75,59.63,0
700132,1,29/01/2026,02/02/2026,01/02/2026,CUST-142,SKU-1006,WH-03,150,150,54.97,0.125
700132,2,29/01/2026,02/02/2026,01/02/2026,CUST-142,SKU-1006,WH-03,25,25,54.97,0.05
700132,3,29/01/2026,02/02/2026,01/02/2026,CUST-142,SKU-1001,WH-03,20,20,59.63,0
700132,4,29/01/2026,02/02/2026,01/02/2026,CUST-142,SKU-1016,WH-03,150,150,19.18,0
700133,1,30/01/2026,01/02/2026,31/01/2026,CUST-120,SKU-1001,WH-04,200,200,59.63,0
700133,2,30/01/2026,01/02/2026,31/01/2026,CUST-120,SKU-1015,WH-04,25,25,27.45,0
700133,3,30/01/2026,01/02/2026,31/01/2026,CUST-120,SKU-1004,WH-04,50,50,44.52,0
700134,1,30/01/2026,02/02/2026,01/02/2026,CUST-148,SKU-1024,WH-01,75,45,68.06,0.05
700134,2,30/01/2026,02/02/2026,01/02/2026,CUST-148,SKU-1013,WH-01,25,25,75.26,0.1
700135,1,30/01/2026,01/02/2026,31/01/2026,CUST-152,SKU-1005,WH-04,75,75,77.98,0
700135,2,30/01/2026,01/02/2026,31/01/2026,CUST-152,SKU-1002,WH-04,50,50,54.08,0.05
700136,1,30/01/2026,01/02/2026,01/02/2026,CUST-130,SKU-1001,WH-01,50,50,59.63,0
700136,2,30/01/2026,01/02/2026,01/02/2026,CUST-130,SKU-1019,WH-01,150,150,68.25,0
700136,3,30/01/2026,01/02/2026,01/02/2026,CUST-130,SKU-1015,WH-01,75,30,27.45,0
700136,4,30/01/2026,01/02/2026,01/02/2026,CUST-130,SKU-1023,WH-01,50,50,19.51,0.05
700137,1,30/01/2026,04/02/2026,06/02/2026,CUST-107,SKU-1023,WH-01,20,20,19.51,0
700137,2,30/01/2026,04/02/2026,06/02/2026,CUST-107,SKU-1020,WH-01,100,100,72.1,0.1
700137,3,30/01/2026,04/02/2026,06/02/2026,CUST-107,SKU-1014,WH-01,200,200,100.88,0
700137,4,30/01/2026,04/02/2026,06/02/2026,CUST-107,SKU-1023,WH-01,150,150,19.51,0.05
700138,1,30/01/2026,03/02/2026,04/02/2026,CUST-121,SKU-1005,WH-02,25,25,77.98,0
700138,2,30/01/2026,03/02/2026,04/02/2026,CUST-121,SKU-1007,WH-02,150,150,66.6,0.125
700138,3,30/01/2026,03/02/2026,04/02/2026,CUST-121,SKU-1019,WH-02,100,100,68.25,0
700139,1,30/01/2026,02/02/2026,01/02/2026,CUST-139,SKU-1011,WH-01,100,100,39.0,0.125
700140,1,30/01/2026,02/02/2026,01/02/2026,CUST-106,SKU-1002,WH-04,75,75,54.08,0
700141,1,02/02/2026,09/02/2026,08/02/2026,CUST-127,SKU-1019,WH-01,10,10,68.25,0.05
700141,2,02/02/2026,09/02/2026,08/02/2026,CUST-127,SKU-1005,WH-01,75,75,77.98,0.125
700141,3,02/02/2026,09/02/2026,08/02/2026,CUST-127,SKU-1018,WH-01,20,20,66.93,0.125
700142,1,02/02/2026,05/02/2026,10/02/2026,CUST-127,SKU-1021,WH-04,25,25,50.68,0.1
700142,2,02/02/2026,05/02/2026,10/02/2026,CUST-127,SKU-1006,WH-04,20,20,54.97,0
700142,3,02/02/2026,05/02/2026,10/02/2026,CUST-127,SKU-1019,WH-04,100,100,68.25,0.1
700143,1,02/02/2026,09/02/2026,08/02/2026,CUST-146,SKU-1007,WH-02,150,150,66.6,0
700143,2,02/02/2026,09/02/2026,08/02/2026,CUST-146,SKU-1014,WH-02,50,50,100.88,0
700143,3,02/02/2026,09/02/2026,08/02/2026,CUST-146,SKU-1022,WH-02,50,50,11.23,0.125
700144,1,02/02/2026,05/02/2026,06/02/2026,CUST-104,SKU-1012,WH-01,75,67,54.11,0.05
700144,2,02/02/2026,05/02/2026,06/02/2026,CUST-104,SKU-1011,WH-01,10,8,39.0,0.1
700144,3,02/02/2026,05/02/2026,06/02/2026,CUST-104,SKU-1022,WH-01,100,100,11.23,0
700145,1,02/02/2026,06/02/2026,07/02/2026,CUST-139,SKU-1009,WH-01,10,10,32.15,0.125
700145,2,02/02/2026,06/02/2026,07/02/2026,CUST-139,SKU-1008,WH-01,100,80,12.26,0.125
700145,3,02/02/2026,06/02/2026,07/02/2026,CUST-139,SKU-1013,WH-01,20,18,75.26,0
700146,1,02/02/2026,05/02/2026,05/02/2026,CUST-137,SKU-1014,WH-03,200,200,100.88,0
700146,2,02/02/2026,05/02/2026,05/02/2026,CUST-137,SKU-1021,WH-03,50,50,50.68,0.125
700146,3,02/02/2026,05/02/2026,05/02/2026,CUST-137,SKU-1015,WH-03,100,100,27.45,0.1
700147,1,03/02/2026,08/02/2026,07/02/2026,CUST-115,SKU-1008,WH-01,100,100,12.26,0.125
700147,2,03/02/2026,08/02/2026,07/02/2026,CUST-115,SKU-1012,WH-01,100,80,54.11,0
700147,3,03/02/2026,08/02/2026,07/02/2026,CUST-115,SKU-1021,WH-01,150,150,50.68,0.05
700148,1,03/02/2026,05/02/2026,04/02/2026,CUST-153,SKU-1003,WH-02,75,75,52.5,0
700148,2,03/02/2026,05/02/2026,04/02/2026,CUST-153,SKU-1011,WH-02,75,75,39.0,0.1
700148,3,03/02/2026,05/02/2026,04/02/2026,CUST-153,SKU-1023,WH-02,75,75,19.51,0
700149,1,03/02/2026,06/02/2026,05/02/2026,CUST-157,SKU-1021,WH-04,25,25,50.68,0
700150,1,03/02/2026,07/02/2026,06/02/2026,CUST-102,SKU-1001,WH-03,25,25,59.63,0
700150,2,03/02/2026,07/02/2026,06/02/2026,CUST-102,SKU-1017,WH-03,100,100,44.62,0.125
700150,3,03/02/2026,07/02/2026,06/02/2026,CUST-102,SKU-1007,WH-03,10,10,66.6,0.1
700151,1,03/02/2026,08/02/2026,07/02/2026,CUST-139,SKU-1023,WH-04,200,200,19.51,0
700151,2,03/02/2026,08/02/2026,07/02/2026,CUST-139,SKU-1023,WH-04,25,10,19.51,0.05
700151,3,03/02/2026,08/02/2026,07/02/2026,CUST-139,SKU-1005,WH-04,10,10,77.98,0.05
700151,4,03/02/2026,08/02/2026,07/02/2026,CUST-139,SKU-1006,WH-04,75,75,54.97,0.05
700152,1,03/02/2026,10/02/2026,11/02/2026,CUST-138,SKU-1003,WH-02,25,20,52.5,0.05
700153,1,03/02/2026,06/02/2026,11/02/2026,CUST-149,SKU-1013,WH-03,150,150,75.26,0
700153,2,03/02/2026,06/02/2026,11/02/2026,CUST-149,SKU-1012,WH-03,25,25,54.11,0.05
700153,3,03/02/2026,06/02/2026,11/02/2026,CUST-149,SKU-1008,WH-03,50,50,12.26,0.1
700153,4,03/02/2026,06/02/2026,11/02/2026,CUST-149,SKU-1015,WH-03,200,80,27.45,0
700154,1,03/02/2026,07/02/2026,12/02/2026,CUST-120,SKU-1004,WH-03,150,150,44.52,0
700154,2,03/02/2026,07/02/2026,12/02/2026,CUST-120,SKU-1020,WH-03,75,75,72.1,0.125
700154,3,03/02/2026,07/02/2026,12/02/2026,CUST-120,SKU-1014,WH-03,200,80,100.88,0
700155,1,03/02/2026,05/02/2026,04/02/2026,CUST-149,SKU-1018,WH-01,50,50,66.93,0.05
700155,2,03/02/2026,05/02/2026,04/02/2026,CUST-149,SKU-1023,WH-01,50,50,19.51,0
700155,3,03/02/2026,05/02/2026,04/02/2026,CUST-149,SKU-1013,WH-01,20,20,75.26,0.1
700155,4,03/02/2026,05/02/2026,04/02/2026,CUST-149,SKU-1008,WH-01,50,50,12.26,0.05
700156,1,04/02/2026,07/02/2026,06/02/2026,CUST-152,SKU-1019,WH-03,100,80,68.25,0
700156,2,04/02/2026,07/02/2026,06/02/2026,CUST-152,SKU-1002,WH-03,100,100,54.08,0
700157,1,04/02/2026,08/02/2026,07/02/2026,CUST-124,SKU-1006,WH-04,25,25,54.97,0
700158,1,04/02/2026,08/02/2026,07/02/2026,CUST-156,SKU-1012,WH-04,100,100,54.11,0.05
700158,2,04/02/2026,08/02/2026,07/02/2026,CUST-156,SKU-1014,WH-04,50,50,100.88,0
700159,1,04/02/2026,09/02/2026,14/02/2026,CUST-124,SKU-1017,WH-04,75,30,44.62,0
700159,2,04/02/2026,09/02/2026,14/02/2026,CUST-124,SKU-1014,WH-04,10,10,100.88,0
700159,3,04/02/2026,09/02/2026,14/02/2026,CUST-124,SKU-1021,WH-04,10,10,50.68,0
700159,4,04/02/2026,09/02/2026,14/02/2026,CUST-124,SKU-1008,WH-04,25,25,12.26,0.1
700160,1,04/02/2026,06/02/2026,05/02/2026,CUST-141,SKU-1020,WH-03,25,25,72.1,0
700160,2,04/02/2026,06/02/2026,05/02/2026,CUST-141,SKU-1006,WH-03,10,6,54.97,0.05
700161,1,05/02/2026,08/02/2026,08/02/2026,CUST-132,SKU-1021,WH-04,50,50,50.68,0
700162,1,05/02/2026,10/02/2026,09/02/2026,CUST-131,SKU-1019,WH-01,100,100,68.25,0
700162,2,05/02/2026,10/02/2026,09/02/2026,CUST-131,SKU-1018,WH-01,75,75,66.93,0.125
700162,3,05/02/2026,10/02/2026,09/02/2026,CUST-131,SKU-1019,WH-01,20,20,68.25,0
700163,1,05/02/2026,10/02/2026,15/02/2026,CUST-108,SKU-1006,WH-01,75,30,54.97,0.05
700163,2,05/02/2026,10/02/2026,15/02/2026,CUST-108,SKU-1001,WH-01,50,50,59.63,0.125
700163,3,05/02/2026,10/02/2026,15/02/2026,CUST-108,SKU-1013,WH-01,20,20,75.26,0.1
700164,1,05/02/2026,09/02/2026,08/02/2026,CUST-148,SKU-1021,WH-03,25,20,50.68,0.05
700164,2,05/02/2026,09/02/2026,08/02/2026,CUST-148,SKU-1012,WH-03,25,25,54.11,0
700165,1,06/02/2026,10/02/2026,12/02/2026,CUST-128,SKU-1013,WH-01,20,20,75.26,0.05
700165,2,06/02/2026,10/02/2026,12/02/2026,CUST-128,SKU-1012,WH-01,150,150,54.11,0
700165,3,06/02/2026,10/02/2026,12/02/2026,CUST-128,SKU-1006,WH-01,200,120,54.97,0
700166,1,06/02/2026,08/02/2026,07/02/2026,CUST-154,SKU-1019,WH-03,75,67,68.25,0.1
700167,1,06/02/2026,11/02/2026,10/02/2026,CUST-153,SKU-1004,WH-04,50,50,44.52,0
700167,2,06/02/2026,11/02/2026,10/02/2026,CUST-153,SKU-1016,WH-04,75,75,19.18,0
700167,3,06/02/2026,11/02/2026,10/02/2026,CUST-153,SKU-1018,WH-04,200,180,66.93,0.125
700167,4,06/02/2026,11/02/2026,10/02/2026,CUST-153,SKU-1001,WH-04,75,75,59.63,0
700168,1,06/02/2026,13/02/2026,12/02/2026,CUST-129,SKU-1020,WH-03,150,150,72.1,0.125
700168,2,06/02/2026,13/02/2026,12/02/2026,CUST-129,SKU-1024,WH-03,10,4,68.06,0.05
700168,3,06/02/2026,13/02/2026,12/02/2026,CUST-129,SKU-1013,WH-03,100,100,75.26,0
700168,4,06/02/2026,13/02/2026,12/02/2026,CUST-129,SKU-1004,WH-03,200,200,44.52,0
700169,1,09/02/2026,13/02/2026,12/02/2026,CUST-146,SKU-1020,WH-01,25,25,72.1,0
700170,1,09/02/2026,12/02/2026,12/02/2026,CUST-145,SKU-1021,WH-02,200,200,50.68,0.1
700170,2,09/02/2026,12/02/2026,12/02/2026,CUST-145,SKU-1009,WH-02,150,150,32.15,0.1
700170,3,09/02/2026,12/02/2026,12/02/2026,CUST-145,SKU-1020,WH-02,25,25,72.1,0.05
700170,4,09/02/2026,12/02/2026,12/02/2026,CUST-145,SKU-1001,WH-02,150,60,59.63,0
700171,1,09/02/2026,16/02/2026,15/02/2026,CUST-103,SKU-1007,WH-04,200,120,66.6,0.1
700171,2,09/02/2026,16/02/2026,15/02/2026,CUST-103,SKU-1014,WH-04,50,50,100.88,0.1
700172,1,09/02/2026,13/02/2026,12/02/2026,CUST-153,SKU-1008,WH-01,25,25,12.26,0.1
700173,1,09/02/2026,14/02/2026,13/02/2026,CUST-125,SKU-1014,WH-04,100,100,100.88,0
700173,2,09/02/2026,14/02/2026,13/02/2026,CUST-125,SKU-1024,WH-04,150,150,68.06,0
700174,1,09/02/2026,13/02/2026,12/02/2026,CUST-128,SKU-1009,WH-02,150,150,32.15,0
700175,1,09/02/2026,12/02/2026,12/02/2026,CUST-122,SKU-1022,WH-03,150,150,11.23,0.1
700175,2,09/02/2026,12/02/2026,12/02/2026,CUST-122,SKU-1003,WH-03,25,10,52.5,0.05
700176,1,09/02/2026,13/02/2026,13/02/2026,CUST-116,SKU-1018,WH-03,50,50,66.93,0
700176,2,09/02/2026,13/02/2026,13/02/2026,CUST-116,SKU-1006,WH-03,20,20,54.97,0
700176,3,09/02/2026,13/02/2026,13/02/2026,CUST-116,SKU-1017,WH-03,75,75,44.62,0
700176,4,09/02/2026,13/02/2026,13/02/2026,CUST-116,SKU-1019,WH-03,150,150,68.25,0
700177,1,09/02/2026,16/02/2026,15/02/2026,CUST-154,SKU-1022,WH-02,100,100,11.23,0
700177,2,09/02/2026,16/02/2026,15/02/2026,CUST-154,SKU-1013,WH-02,200,200,75.26,0
700177,3,09/02/2026,16/02/2026,15/02/2026,CUST-154,SKU-1003,WH-02,200,200,52.5,0
700177,4,09/02/2026,16/02/2026,15/02/2026,CUST-154,SKU-1011,WH-02,200,200,39.0,0
700178,1,10/02/2026,15/02/2026,14/02/2026,CUST-117,SKU-1012,WH-04,75,75,54.11,0.125
700179,1,10/02/2026,17/02/2026,16/02/2026,CUST-123,SKU-1003,WH-04,10,10,52.5,0.125
700179,2,10/02/2026,17/02/2026,16/02/2026,CUST-123,SKU-1017,WH-04,20,20,44.62,0
700179,3,10/02/2026,17/02/2026,16/02/2026,CUST-123,SKU-1015,WH-04,20,20,27.45,0
700180,1,10/02/2026,13/02/2026,12/02/2026,CUST-150,SKU-1022,WH-04,75,75,11.23,0
700180,2,10/02/2026,13/02/2026,12/02/2026,CUST-150,SKU-1011,WH-04,200,80,39.0,0.125
700180,3,10/02/2026,13/02/2026,12/02/2026,CUST-150,SKU-1018,WH-04,10,10,66.93,0
700180,4,10/02/2026,13/02/2026,12/02/2026,CUST-150,SKU-1003,WH-04,100,100,52.5,0.125
700181,1,10/02/2026,13/02/2026,18/02/2026,CUST-102,SKU-1004,WH-02,50,50,44.52,0.125
700181,2,10/02/2026,13/02/2026,18/02/2026,CUST-102,SKU-1013,WH-02,100,80,75.26,0.05
700182,1,10/02/2026,15/02/2026,14/02/2026,CUST-106,SKU-1019,WH-01,20,20,68.25,0
700182,2,10/02/2026,15/02/2026,14/02/2026,CUST-106,SKU-1015,WH-01,75,75,27.45,0
700182,3,10/02/2026,15/02/2026,14/02/2026,CUST-106,SKU-1003,WH-01,100,100,52.5,0
700183,1,10/02/2026,15/02/2026,15/02/2026,CUST-149,SKU-1012,WH-03,25,25,54.11,0
700183,2,10/02/2026,15/02/2026,15/02/2026,CUST-149,SKU-1013,WH-03,75,75,75.26,0
700184,1,10/02/2026,15/02/2026,15/02/2026,CUST-158,SKU-1019,WH-01,100,100,68.25,0
700185,1,11/02/2026,18/02/2026,18/02/2026,CUST-107,SKU-1008,WH-04,100,100,12.26,0.05
700185,2,11/02/2026,18/02/2026,18/02/2026,CUST-107,SKU-1018,WH-04,200,120,66.93,0.05
700186,1,11/02/2026,16/02/2026,15/02/2026,CUST-156,SKU-1007,WH-02,200,200,66.6,0.125
700186,2,11/02/2026,16/02/2026,15/02/2026,CUST-156,SKU-1017,WH-02,100,100,44.62,0.05
700186,3,11/02/2026,16/02/2026,15/02/2026,CUST-156,SKU-1012,WH-02,10,10,54.11,0
700186,4,11/02/2026,16/02/2026,15/02/2026,CUST-156,SKU-1004,WH-02,20,20,44.52,0
700187,1,11/02/2026,14/02/2026,19/02/2026,CUST-149,SKU-1011,WH-02,20,20,39.0,0.125
700188,1,11/02/2026,18/02/2026,17/02/2026,CUST-122,SKU-1019,WH-02,25,20,68.25,0
700188,2,11/02/2026,18/02/2026,17/02/2026,CUST-122,SKU-1016,WH-02,25,25,19.18,0.125
700189,1,11/02/2026,14/02/2026,14/02/2026,CUST-160,SKU-1006,WH-04,200,200,54.97,0
700189,2,11/02/2026,14/02/2026,14/02/2026,CUST-160,SKU-1012,WH-04,50,50,54.11,0.05
700190,1,11/02/2026,13/02/2026,12/02/2026,CUST-133,SKU-1005,WH-01,10,10,77.98,0.125
700190,2,11/02/2026,13/02/2026,12/02/2026,CUST-133,SKU-1021,WH-01,200,200,50.68,0.125
700190,3,11/02/2026,13/02/2026,12/02/2026,CUST-133,SKU-1003,WH-01,100,100,52.5,0.125
700191,1,12/02/2026,15/02/2026,16/02/2026,CUST-155,SKU-1013,WH-04,50,50,75.26,0.1
700191,2,12/02/2026,15/02/2026,16/02/2026,CUST-155,SKU-1019,WH-04,20,20,68.25,0.05
700191,3,12/02/2026,15/02/2026,16/02/2026,CUST-155,SKU-1006,WH-04,150,150,54.97,0.05
700191,4,12/02/2026,15/02/2026,16/02/2026,CUST-155,SKU-1002,WH-04,150,150,54.08,0
700192,1,12/02/2026,14/02/2026,14/02/2026,CUST-121,SKU-1003,WH-02,200,200,52.5,0.125
700192,2,12/02/2026,14/02/2026,14/02/2026,CUST-121,SKU-1009,WH-02,75,75,32.15,0.05
700192,3,12/02/2026,14/02/2026,14/02/2026,CUST-121,SKU-1012,WH-02,20,20,54.11,0.125
700192,4,12/02/2026,14/02/2026,14/02/2026,CUST-121,SKU-1020,WH-02,200,200,72.1,0
700193,1,12/02/2026,14/02/2026,13/02/2026,CUST-158,SKU-1020,WH-02,50,50,72.1,0.05
700193,2,12/02/2026,14/02/2026,13/02/2026,CUST-158,SKU-1024,WH-02,10,10,68.06,0
700194,1,12/02/2026,16/02/2026,21/02/2026,CUST-101,SKU-1014,WH-03,20,20,100.88,0
700194,2,12/02/2026,16/02/2026,21/02/2026,CUST-101,SKU-1019,WH-03,150,150,68.25,0
700195,1,12/02/2026,19/02/2026,18/02/2026,CUST-125,SKU-1006,WH-02,75,75,54.97,0
700195,2,12/02/2026,19/02/2026,18/02/2026,CUST-125,SKU-1011,WH-02,10,10,39.0,0.125
700195,3,12/02/2026,19/02/2026,18/02/2026,CUST-125,SKU-1012,WH-02,75,75,54.11,0
700196,1,12/02/2026,14/02/2026,15/02/2026,CUST-113,SKU-1010,WH-01,25,15,75.49,0
700196,2,12/02/2026,14/02/2026,15/02/2026,CUST-113,SKU-1013,WH-01,200,200,75.26,0.125
700196,3,12/02/2026,14/02/2026,15/02/2026,CUST-113,SKU-1017,WH-01,10,10,44.62,0
700197,1,13/02/2026,20/02/2026,19/02/2026,CUST-121,SKU-1011,WH-02,150,150,39.0,0.1
700197,2,13/02/2026,20/02/2026,19/02/2026,CUST-121,SKU-1022,WH-02,100,90,11.23,0.05
700198,1,13/02/2026,16/02/2026,21/02/2026,CUST-146,SKU-1008,WH-04,20,20,12.26,0.125
700198,2,13/02/2026,16/02/2026,21/02/2026,CUST-146,SKU-1016,WH-04,10,10,19.18,0
700198,3,13/02/2026,16/02/2026,21/02/2026,CUST-146,SKU-1003,WH-04,150,150,52.5,0
700198,4,13/02/2026,16/02/2026,21/02/2026,CUST-146,SKU-1010,WH-04,150,150,75.49,0.1
700199,1,13/02/2026,16/02/2026,15/02/2026,CUST-158,SKU-1021,WH-02,100,100,50.68,0
700199,2,13/02/2026,16/02/2026,15/02/2026,CUST-158,SKU-1008,WH-02,25,25,12.26,0.05
700199,3,13/02/2026,16/02/2026,15/02/2026,CUST-158,SKU-1003,WH-02,75,75,52.5,0
700200,1,13/02/2026,15/02/2026,16/02/2026,CUST-138,SKU-1024,WH-01,50,50,68.06,0.05
700200,2,13/02/2026,15/02/2026,16/02/2026,CUST-138,SKU-1019,WH-01,75,75,68.25,0
700200,3,13/02/2026,15/02/2026,16/02/2026,CUST-138,SKU-1003,WH-01,20,20,52.5,0.125
700201,1,13/02/2026,20/02/2026,20/02/2026,CUST-139,SKU-1006,WH-03,75,75,54.97,0.1
700201,2,13/02/2026,20/02/2026,20/02/2026,CUST-139,SKU-1007,WH-03,25,25,66.6,0.05
700201,3,13/02/2026,20/02/2026,20/02/2026,CUST-139,SKU-1004,WH-03,100,100,44.52,0.125
700202,1,13/02/2026,18/02/2026,18/02/2026,CUST-123,SKU-1009,WH-02,50,50,32.15,0
700202,2,13/02/2026,18/02/2026,18/02/2026,CUST-123,SKU-1015,WH-02,20,20,27.45,0
700202,3,13/02/2026,18/02/2026,18/02/2026,CUST-123,SKU-1007,WH-02,150,150,66.6,0
700202,4,13/02/2026,18/02/2026,18/02/2026,CUST-123,SKU-1024,WH-02,200,200,68.06,0.1
700203,1,13/02/2026,18/02/2026,20/02/2026,CUST-160,SKU-1018,WH-01,25,25,66.93,0.1
700203,2,13/02/2026,18/02/2026,20/02/2026,CUST-160,SKU-1024,WH-01,10,10,68.06,0
700203,3,13/02/2026,18/02/2026,20/02/2026,CUST-160,SKU-1017,WH-01,200,200,44.62,0
700204,1,16/02/2026,23/02/2026,28/02/2026,CUST-102,SKU-1023,WH-01,75,67,19.51,0.125
700204,2,16/02/2026,23/02/2026,28/02/2026,CUST-102,SKU-1014,WH-01,150,90,100.88,0.125
700204,3,16/02/2026,23/02/2026,28/02/2026,CUST-102,SKU-1004,WH-01,25,25,44.52,0
700205,1,16/02/2026,18/02/2026,17/02/2026,CUST-132,SKU-1009,WH-01,100,60,32.15,0.125
700205,2,16/02/2026,18/02/2026,17/02/2026,CUST-132,SKU-1019,WH-01,10,10,68.25,0.125
700206,1,16/02/2026,19/02/2026,19/02/2026,CUST-144,SKU-1020,WH-01,25,25,72.1,0.125
700207,1,16/02/2026,23/02/2026,22/02/2026,CUST-151,SKU-1021,WH-01,10,10,50.68,0.125
700207,2,16/02/2026,23/02/2026,22/02/2026,CUST-151,SKU-1017,WH-01,100,100,44.62,0.1
700208,1,16/02/2026,19/02/2026,21/02/2026,CUST-151,SKU-1004,WH-02,75,75,44.52,0.1
700208,2,16/02/2026,19/02/2026,21/02/2026,CUST-151,SKU-1012,WH-02,20,20,54.11,0.05
700209,1,16/02/2026,20/02/2026,20/02/2026,CUST-143,SKU-1003,WH-04,50,50,52.5,0
700209,2,16/02/2026,20/02/2026,20/02/2026,CUST-143,SKU-1018,WH-04,25,25,66.93,0
700209,3,16/02/2026,20/02/2026,20/02/2026,CUST-143,SKU-1006,WH-04,10,10,54.97,0.05
700210,1,16/02/2026,20/02/2026,20/02/2026,CUST-154,SKU-1010,WH-04,20,20,75.49,0.1
700210,2,16/02/2026,20/02/2026,20/02/2026,CUST-154,SKU-1003,WH-04,25,25,52.5,0.1
700210,3,16/02/2026,20/02/2026,20/02/2026,CUST-154,SKU-1015,WH-04,200,200,27.45,0
700210,4,16/02/2026,20/02/2026,20/02/2026,CUST-154,SKU-1015,WH-04,150,150,27.45,0.05
700211,1,17/02/2026,22/02/2026,23/02/2026,CUST-148,SKU-1006,WH-04,50,50,54.97,0
700211,2,17/02/2026,22/02/2026,23/02/2026,CUST-148,SKU-1004,WH-04,25,25,44.52,0.1
700211,3,17/02/2026,22/02/2026,23/02/2026,CUST-148,SKU-1016,WH-04,100,100,19.18,0
700211,4,17/02/2026,22/02/2026,23/02/2026,CUST-148,SKU-1018,WH-04,10,10,66.93,0
700212,1,17/02/2026,20/02/2026,20/02/2026,CUST-129,SKU-1009,WH-03,75,75,32.15,0.125
700212,2,17/02/2026,20/02/2026,20/02/2026,CUST-129,SKU-1009,WH-03,100,100,32.15,0
700213,1,17/02/2026,20/02/2026,22/02/2026,CUST-115,SKU-1014,WH-01,100,100,100.88,0
700214,1,17/02/2026,19/02/2026,24/02/2026,CUST-115,SKU-1016,WH-02,50,50,19.18,0.1
700214,2,17/02/2026,19/02/2026,24/02/2026,CUST-115,SKU-1024,WH-02,20,20,68.06,0.1
700214,3,17/02/2026,19/02/2026,24/02/2026,CUST-115,SKU-1002,WH-02,150,90,54.08,0.125
700215,1,17/02/2026,22/02/2026,22/02/2026,CUST-117,SKU-1021,WH-04,200,200,50.68,0.125
700216,1,17/02/2026,24/02/2026,23/02/2026,CUST-150,SKU-1023,WH-02,20,20,19.51,0.05
700217,1,17/02/2026,21/02/2026,22/02/2026,CUST-129,SKU-1005,WH-04,150,150,77.98,0
700217,2,17/02/2026,21/02/2026,22/02/2026,CUST-129,SKU-1018,WH-04,100,100,66.93,0
700218,1,17/02/2026,24/02/2026,26/02/2026,CUST-156,SKU-1018,WH-02,50,50,66.93,0.125
700218,2,17/02/2026,24/02/2026,26/02/2026,CUST-156,SKU-1024,WH-02,25,25,68.06,0
700218,3,17/02/2026,24/02/2026,26/02/2026,CUST-156,SKU-1019,WH-02,50,20,68.25,0
700219,1,18/02/2026,25/02/2026,25/02/2026,CUST-156,SKU-1019,WH-01,25,25,68.25,0
700219,2,18/02/2026,25/02/2026,25/02/2026,CUST-156,SKU-1006,WH-01,20,20,54.97,0
700219,3,18/02/2026,25/02/2026,25/02/2026,CUST-156,SKU-1023,WH-01,100,100,19.51,0.1
700220,1,18/02/2026,22/02/2026,24/02/2026,CUST-108,SKU-1020,WH-04,20,20,72.1,0.05
700220,2,18/02/2026,22/02/2026,24/02/2026,CUST-108,SKU-1013,WH-04,50,50,75.26,0
700220,3,18/02/2026,22/02/2026,24/02/2026,CUST-108,SKU-1017,WH-04,20,20,44.62,0
700220,4,18/02/2026,22/02/2026,24/02/2026,CUST-108,SKU-1004,WH-04,25,10,44.52,0.125
700221,1,18/02/2026,20/02/2026,20/02/2026,CUST-118,SKU-1010,WH-01,10,10,75.49,0.125
700221,2,18/02/2026,20/02/2026,20/02/2026,CUST-118,SKU-1008,WH-01,100,100,12.26,0
700221,3,18/02/2026,20/02/2026,20/02/2026,CUST-118,SKU-1024,WH-01,20,20,68.06,0.125
700221,4,18/02/2026,20/02/2026,20/02/2026,CUST-118,SKU-1023,WH-01,150,135,19.51,0
700222,1,18/02/2026,21/02/2026,21/02/2026,CUST-139,SKU-1004,WH-01,25,25,44.52,0.1
700222,2,18/02/2026,21/02/2026,21/02/2026,CUST-139,SKU-1013,WH-01,25,25,75.26,0
700222,3,18/02/2026,21/02/2026,21/02/2026,CUST-139,SKU-1016,WH-01,20,20,19.18,0.1
700223,1,18/02/2026,21/02/2026,20/02/2026,CUST-155,SKU-1022,WH-02,100,100,11.23,0
700223,2,18/02/2026,21/02/2026,20/02/2026,CUST-155,SKU-1019,WH-02,20,20,68.25,0.125
700223,3,18/02/2026,21/02/2026,20/02/2026,CUST-155,SKU-1024,WH-02,75,75,68.06,0.05
700224,1,18/02/2026,21/02/2026,20/02/2026,CUST-157,SKU-1023,WH-03,50,50,19.51,0
700224,2,18/02/2026,21/02/2026,20/02/2026,CUST-157,SKU-1019,WH-03,20,20,68.25,0.05
700225,1,18/02/2026,22/02/2026,22/02/2026,CUST-109,SKU-1002,WH-03,20,20,54.08,0
700226,1,19/02/2026,23/02/2026,28/02/2026,CUST-138,SKU-1011,WH-04,100,100,39.0,0.1
700227,1,19/02/2026,23/02/2026,28/02/2026,CUST-142,SKU-1010,WH-04,100,100,75.49,0
700227,2,19/02/2026,23/02/2026,28/02/2026,CUST-142,SKU-1016,WH-04,150,150,19.18,0.05
700227,3,19/02/2026,23/02/2026,28/02/2026,CUST-142,SKU-1009,WH-04,25,25,32.15,0
700228,1,19/02/2026,22/02/2026,21/02/2026,CUST-160,SKU-1006,WH-04,75,75,54.97,0.1
700228,2,19/02/2026,22/02/2026,21/02/2026,CUST-160,SKU-1022,WH-04,200,200,11.23,0.125
700228,3,19/02/2026,22/02/2026,21/02/2026,CUST-160,SKU-1002,WH-04,150,150,54.08,0.05
700228,4,19/02/2026,22/02/2026,21/02/2026,CUST-160,SKU-1013,WH-04,20,20,75.26,0.05
700229,1,19/02/2026,21/02/2026,22/02/2026,CUST-150,SKU-1009,WH-04,200,200,32.15,0.1
700230,1,19/02/2026,23/02/2026,22/02/2026,CUST-109,SKU-1001,WH-04,50,50,59.63,0.1
700230,2,19/02/2026,23/02/2026,22/02/2026,CUST-109,SKU-1019,WH-04,20,20,68.25,0
700230,3,19/02/2026,23/02/2026,22/02/2026,CUST-109,SKU-1011,WH-04,75,75,39.0,0
700231,1,19/02/2026,24/02/2026,23/02/2026,CUST-123,SKU-1020,WH-02,10,10,72.1,0
700232,1,19/02/2026,23/02/2026,22/02/2026,CUST-144,SKU-1012,WH-01,50,50,54.11,0
700233,1,19/02/2026,21/02/2026,23/02/2026,CUST-111,SKU-1012,WH-04,100,100,54.11,0.05
700233,2,19/02/2026,21/02/2026,23/02/2026,CUST-111,SKU-1014,WH-04,25,25,100.88,0
700234,1,20/02/2026,23/02/2026,22/02/2026,CUST-119,SKU-1015,WH-01,150,150,27.45,0.1
700234,2,20/02/2026,23/02/2026,22/02/2026,CUST-119,SKU-1013,WH-01,20,20,75.26,0.125
700234,3,20/02/2026,23/02/2026,22/02/2026,CUST-119,SKU-1023,WH-01,20,20,19.51,0.1
700235,1,20/02/2026,23/02/2026,25/02/2026,CUST-135,SKU-1001,WH-04,10,10,59.63,0.1
700236,1,20/02/2026,23/02/2026,22/02/2026,CUST-140,SKU-1002,WH-01,25,25,54.08,0
700236,2,20/02/2026,23/02/2026,22/02/2026,CUST-140,SKU-1001,WH-01,20,20,59.63,0
700236,3,20/02/2026,23/02/2026,22/02/2026,CUST-140,SKU-1023,WH-01,25,25,19.51,0
700236,4,20/02/2026,23/02/2026,22/02/2026,CUST-140,SKU-1010,WH-01,20,20,75.49,0
700237,1,20/02/2026,23/02/2026,22/02/2026,CUST-153,SKU-1020,WH-03,50,50,72.1,0.05
700237,2,20/02/2026,23/02/2026,22/02/2026,CUST-153,SKU-1015,WH-03,200,200,27.45,0.1
700237,3,20/02/2026,23/02/2026,22/02/2026,CUST-153,SKU-1007,WH-03,50,50,66.6,0.05
700237,4,20/02/2026,23/02/2026,22/02/2026,CUST-153,SKU-1023,WH-03,75,75,19.51,0.125
700238,1,20/02/2026,24/02/2026,01/03/2026,CUST-122,SKU-1002,WH-02,150,135,54.08,0
700239,1,20/02/2026,23/02/2026,22/02/2026,CUST-111,SKU-1012,WH-01,150,150,54.11,0
700239,2,20/02/2026,23/02/2026,22/02/2026,CUST-111,SKU-1012,WH-01,200,200,54.11,0
700240,1,20/02/2026,23/02/2026,22/02/2026,CUST-128,SKU-1014,WH-03,100,100,100.88,0.05
700240,2,20/02/2026,23/02/2026,22/02/2026,CUST-128,SKU-1021,WH-03,20,20,50.68,0
700241,1,23/02/2026,26/02/2026,26/02/2026,CUST-158,SKU-1016,WH-04,10,10,19.18,0
700241,2,23/02/2026,26/02/2026,26/02/2026,CUST-158,SKU-1012,WH-04,20,20,54.11,0
700241,3,23/02/2026,26/02/2026,26/02/2026,CUST-158,SKU-1017,WH-04,25,25,44.62,0
700241,4,23/02/2026,26/02/2026,26/02/2026,CUST-158,SKU-1012,WH-04,200,200,54.11,0.05
700242,1,23/02/2026,26/02/2026,25/02/2026,CUST-152,SKU-1008,WH-04,50,50,12.26,0
700242,2,23/02/2026,26/02/2026,25/02/2026,CUST-152,SKU-1011,WH-04,10,10,39.0,0
700243,1,23/02/2026,28/02/2026,27/02/2026,CUST-116,SKU-1012,WH-03,100,100,54.11,0
700243,2,23/02/2026,28/02/2026,27/02/2026,CUST-116,SKU-1010,WH-03,10,10,75.49,0
700243,3,23/02/2026,28/02/2026,27/02/2026,CUST-116,SKU-1013,WH-03,25,25,75.26,0.125
700244,1,23/02/2026,26/02/2026,28/02/2026,CUST-106,SKU-1024,WH-04,50,50,68.06,0.1
700244,2,23/02/2026,26/02/2026,28/02/2026,CUST-106,SKU-1019,WH-04,20,20,68.25,0
700244,3,23/02/2026,26/02/2026,28/02/2026,CUST-106,SKU-1022,WH-04,75,75,11.23,0.05
700244,4,23/02/2026,26/02/2026,28/02/2026,CUST-106,SKU-1004,WH-04,10,10,44.52,0.05
700245,1,23/02/2026,27/02/2026,04/03/2026,CUST-117,SKU-1021,WH-04,150,150,50.68,0.1
700245,2,23/02/2026,27/02/2026,04/03/2026,CUST-117,SKU-1002,WH-04,20,20,54.08,0
700246,1,23/02/2026,28/02/2026,28/02/2026,CUST-133,SKU-1009,WH-04,75,75,32.15,0
700246,2,23/02/2026,28/02/2026,28/02/2026,CUST-133,SKU-1006,WH-04,75,75,54.97,0
700246,3,23/02/2026,28/02/2026,28/02/2026,CUST-133,SKU-1021,WH-04,20,20,50.68,0.1
700246,4,23/02/2026,28/02/2026,28/02/2026,CUST-133,SKU-1021,WH-04,150,150,50.68,0
700247,1,23/02/2026,26/02/2026,27/02/2026,CUST-116,SKU-1003,WH-03,150,150,52.5,0.05
700247,2,23/02/2026,26/02/2026,27/02/2026,CUST-116,SKU-1005,WH-03,10,10,77.98,0
700247,3,23/02/2026,26/02/2026,27/02/2026,CUST-116,SKU-1018,WH-03,100,100,66.93,0.125
700247,4,23/02/2026,26/02/2026,27/02/2026,CUST-116,SKU-1012,WH-03,150,150,54.11,0.125
700248,1,23/02/2026,27/02/2026,26/02/2026,CUST-102,SKU-1022,WH-02,75,75,11.23,0.1
700249,1,23/02/2026,25/02/2026,27/02/2026,CUST-129,SKU-1016,WH-04,20,20,19.18,0
700249,2,23/02/2026,25/02/2026,27/02/2026,CUST-129,SKU-1007,WH-04,200,200,66.6,0.05
700250,1,24/02/2026,26/02/2026,26/02/2026,CUST-125,SKU-1010,WH-04,75,75,75.49,0.05
700250,2,24/02/2026,26/02/2026,26/02/2026,CUST-125,SKU-1014,WH-04,50,30,100.88,0
700250,3,24/02/2026,26/02/2026,26/02/2026,CUST-125,SKU-1006,WH-04,150,150,54.97,0
700250,4,24/02/2026,26/02/2026,26/02/2026,CUST-125,SKU-1021,WH-04,10,10,50.68,0
700251,1,24/02/2026,01/03/2026,28/02/2026,CUST-157,SKU-1020,WH-01,75,75,72.1,0.1
700251,2,24/02/2026,01/03/2026,28/02/2026,CUST-157,SKU-1014,WH-01,100,60,100.88,0.125
700251,3,24/02/2026,01/03/2026,28/02/2026,CUST-157,SKU-1024,WH-01,50,45,68.06,0
700252,1,24/02/2026,28/02/2026,01/03/2026,CUST-123,SKU-1009,WH-02,25,25,32.15,0
700252,2,24/02/2026,28/02/2026,01/03/2026,CUST-123,SKU-1017,WH-02,150,150,44.62,0.05
700252,3,24/02/2026,28/02/2026,01/03/2026,CUST-123,SKU-1002,WH-02,10,10,54.08,0
700253,1,24/02/2026,03/03/2026,02/03/2026,CUST-134,SKU-1024,WH-03,20,20,68.06,0.1
700254,1,25/02/2026,01/03/2026,06/03/2026,CUST-127,SKU-1008,WH-01,50,50,12.26,0.05
700255,1,25/02/2026,01/03/2026,02/03/2026,CUST-158,SKU-1024,WH-04,100,100,68.06,0.05
700255,2,25/02/2026,01/03/2026,02/03/2026,CUST-158,SKU-1003,WH-04,100,80,52.5,0
700255,3,25/02/2026,01/03/2026,02/03/2026,CUST-158,SKU-1015,WH-04,75,45,27.45,0.1
700256,1,25/02/2026,28/02/2026,05/03/2026,CUST-144,SKU-1023,WH-04,100,100,19.51,0
700256,2,25/02/2026,28/02/2026,05/03/2026,CUST-144,SKU-1020,WH-04,25,25,72.1,0.05
700257,1,25/02/2026,02/03/2026,01/03/2026,CUST-159,SKU-1022,WH-04,10,10,11.23,0
700257,2,25/02/2026,02/03/2026,01/03/2026,CUST-159,SKU-1020,WH-04,100,100,72.1,0
700258,1,25/02/2026,28/02/2026,01/03/2026,CUST-154,SKU-1015,WH-01,20,20,27.45,0
700258,2,25/02/2026,28/02/2026,01/03/2026,CUST-154,SKU-1023,WH-01,10,10,19.51,0.1
700258,3,25/02/2026,28/02/2026,01/03/2026,CUST-154,SKU-1016,WH-01,25,25,19.18,0
700259,1,25/02/2026,27/02/2026,27/02/2026,CUST-149,SKU-1003,WH-03,100,100,52.5,0.05
700259,2,25/02/2026,27/02/2026,27/02/2026,CUST-149,SKU-1019,WH-03,20,12,68.25,0.125
700259,3,25/02/2026,27/02/2026,27/02/2026,CUST-149,SKU-1016,WH-03,200,200,19.18,0.125
700260,1,26/02/2026,03/03/2026,08/03/2026,CUST-142,SKU-1012,WH-04,150,150,54.11,0.05
700260,2,26/02/2026,03/03/2026,08/03/2026,CUST-142,SKU-1016,WH-04,100,80,19.18,0.05
700260,3,26/02/2026,03/03/2026,08/03/2026,CUST-142,SKU-1018,WH-04,150,150,66.93,0.1
700261,1,26/02/2026,05/03/2026,05/03/2026,CUST-144,SKU-1004,WH-01,150,150,44.52,0.05
700261,2,26/02/2026,05/03/2026,05/03/2026,CUST-144,SKU-1004,WH-01,150,150,44.52,0.125
700261,3,26/02/2026,05/03/2026,05/03/2026,CUST-144,SKU-1009,WH-01,75,75,32.15,0
700262,1,26/02/2026,01/03/2026,28/02/2026,CUST-125,SKU-1009,WH-01,75,75,32.15,0
700262,2,26/02/2026,01/03/2026,28/02/2026,CUST-125,SKU-1010,WH-01,25,25,75.49,0.125
700262,3,26/02/2026,01/03/2026,28/02/2026,CUST-125,SKU-1019,WH-01,100,100,68.25,0
700262,4,26/02/2026,01/03/2026,28/02/2026,CUST-125,SKU-1023,WH-01,100,100,19.51,0.125
700263,1,26/02/2026,01/03/2026,28/02/2026,CUST-110,SKU-1016,WH-04,100,100,19.18,0
700263,2,26/02/2026,01/03/2026,28/02/2026,CUST-110,SKU-1014,WH-04,150,150,100.88,0.1
700264,1,27/02/2026,02/03/2026,03/03/2026,CUST-156,SKU-1020,WH-01,100,100,72.1,0.125
700264,2,27/02/2026,02/03/2026,03/03/2026,CUST-156,SKU-1003,WH-01,50,50,52.5,0.05
700264,3,27/02/2026,02/03/2026,03/03/2026,CUST-156,SKU-1024,WH-01,100,100,68.06,0.125
700265,1,27/02/2026,02/03/2026,02/03/2026,CUST-123,SKU-1022,WH-02,100,100,11.23,0.05
700266,1,27/02/2026,02/03/2026,03/03/2026,CUST-137,SKU-1007,WH-01,10,10,66.6,0
700266,2,27/02/2026,02/03/2026,03/03/2026,CUST-137,SKU-1020,WH-01,10,10,72.1,0
700267,1,27/02/2026,01/03/2026,06/03/2026,CUST-150,SKU-1003,WH-03,150,150,52.5,0.05
700267,2,27/02/2026,01/03/2026,06/03/2026,CUST-150,SKU-1016,WH-03,50,45,19.18,0
700267,3,27/02/2026,01/03/2026,06/03/2026,CUST-150,SKU-1019,WH-03,75,75,68.25,0
700267,4,27/02/2026,01/03/2026,06/03/2026,CUST-150,SKU-1024,WH-03,20,20,68.06,0.05
700268,1,27/02/2026,06/03/2026,05/03/2026,CUST-111,SKU-1009,WH-02,75,67,32.15,0
700268,2,27/02/2026,06/03/2026,05/03/2026,CUST-111,SKU-1015,WH-02,25,25,27.45,0.1
700269,1,02/03/2026,05/03/2026,04/03/2026,CUST-110,SKU-1019,WH-04,50,50,68.25,0.05
700270,1,02/03/2026,05/03/2026,06/03/2026,CUST-109,SKU-1024,WH-02,200,200,68.06,0
700270,2,02/03/2026,05/03/2026,06/03/2026,CUST-109,SKU-1006,WH-02,75,75,54.97,0.1
700270,3,02/03/2026,05/03/2026,06/03/2026,CUST-109,SKU-1022,WH-02,200,200,11.23,0
700271,1,02/03/2026,05/03/2026,10/03/2026,CUST-155,SKU-1014,WH-04,150,60,100.88,0.1
700271,2,02/03/2026,05/03/2026,10/03/2026,CUST-155,SKU-1023,WH-04,100,100,19.51,0.125
700272,1,02/03/2026,05/03/2026,04/03/2026,CUST-108,SKU-1008,WH-03,150,150,12.26,0.125
700272,2,02/03/2026,05/03/2026,04/03/2026,CUST-108,SKU-1022,WH-03,200,200,11.23,0.1
700273,1,02/03/2026,06/03/2026,05/03/2026,CUST-137,SKU-1001,WH-04,20,20,59.63,0
700274,1,02/03/2026,06/03/2026,06/03/2026,CUST-159,SKU-1020,WH-01,25,25,72.1,0
700274,2,02/03/2026,06/03/2026,06/03/2026,CUST-159,SKU-1018,WH-01,150,150,66.93,0
700275,1,02/03/2026,09/03/2026,08/03/2026,CUST-121,SKU-1004,WH-03,150,150,44.52,0.125
700275,2,02/03/2026,09/03/2026,08/03/2026,CUST-121,SKU-1010,WH-03,100,100,75.49,0
700275,3,02/03/2026,09/03/2026,08/03/2026,CUST-121,SKU-1015,WH-03,10,6,27.45,0
700276,1,02/03/2026,05/03/2026,04/03/2026,CUST-151,SKU-1001,WH-04,50,50,59.63,0.05
700277,1,03/03/2026,06/03/2026,06/03/2026,CUST-153,SKU-1024,WH-03,100,100,68.06,0
700278,1,03/03/2026,06/03/2026,05/03/2026,CUST-124,SKU-1013,WH-01,75,75,75.26,0
700278,2,03/03/2026,06/03/2026,05/03/2026,CUST-124,SKU-1009,WH-01,10,6,32.15,0.05
700278,3,03/03/2026,06/03/2026,05/03/2026,CUST-124,SKU-1020,WH-01,75,75,72.1,0.05
700279,1,03/03/2026,05/03/2026,04/03/2026,CUST-153,SKU-1004,WH-02,200,160,44.52,0.1
700279,2,03/03/2026,05/03/2026,04/03/2026,CUST-153,SKU-1001,WH-02,100,100,59.63,0
700279,3,03/03/2026,05/03/2026,04/03/2026,CUST-153,SKU-1016,WH-02,50,50,19.18,0
700279,4,03/03/2026,05/03/2026,04/03/2026,CUST-153,SKU-1023,WH-02,10,10,19.51,0.05
700280,1,03/03/2026,05/03/2026,07/03/2026,CUST-138,SKU-1007,WH-04,50,50,66.6,0.05
700281,1,04/03/2026,11/03/2026,10/03/2026,CUST-143,SKU-1015,WH-02,10,10,27.45,0.1
700281,2,04/03/2026,11/03/2026,10/03/2026,CUST-143,SKU-1019,WH-02,25,25,68.25,0.05
700281,3,04/03/2026,11/03/2026,10/03/2026,CUST-143,SKU-1002,WH-02,20,20,54.08,0.125
700282,1,04/03/2026,11/03/2026,10/03/2026,CUST-157,SKU-1014,WH-02,150,150,100.88,0.05
700282,2,04/03/2026,11/03/2026,10/03/2026,CUST-157,SKU-1011,WH-02,50,50,39.0,0
700282,3,04/03/2026,11/03/2026,10/03/2026,CUST-157,SKU-1009,WH-02,20,20,32.15,0.1
700282,4,04/03/2026,11/03/2026,10/03/2026,CUST-157,SKU-1016,WH-02,75,75,19.18,0.125
700283,1,04/03/2026,06/03/2026,05/03/2026,CUST-116,SKU-1001,WH-02,200,200,59.63,0.05
700283,2,04/03/2026,06/03/2026,05/03/2026,CUST-116,SKU-1024,WH-02,20,20,68.06,0.05
700283,3,04/03/2026,06/03/2026,05/03/2026,CUST-116,SKU-1021,WH-02,150,150,50.68,0.125
700283,4,04/03/2026,06/03/2026,05/03/2026,CUST-116,SKU-1001,WH-02,200,120,59.63,0
700284,1,04/03/2026,08/03/2026,08/03/2026,CUST-102,SKU-1003,WH-04,10,10,52.5,0
700285,1,04/03/2026,08/03/2026,07/03/2026,CUST-154,SKU-1008,WH-03,10,10,12.26,0.05
700285,2,04/03/2026,08/03/2026,07/03/2026,CUST-154,SKU-1002,WH-03,20,20,54.08,0
700286,1,05/03/2026,12/03/2026,14/03/2026,CUST-143,SKU-1004,WH-01,25,25,44.52,0
700287,1,05/03/2026,09/03/2026,08/03/2026,CUST-115,SKU-1021,WH-01,75,75,50.68,0
700288,1,05/03/2026,07/03/2026,06/03/2026,CUST-111,SKU-1015,WH-04,150,150,27.45,0
700289,1,05/03/2026,07/03/2026,06/03/2026,CUST-154,SKU-1009,WH-02,100,90,32.15,0.125
700290,1,05/03/2026,12/03/2026,12/03/2026,CUST-150,SKU-1023,WH-04,150,90,19.51,0
700290,2,05/03/2026,12/03/2026,12/03/2026,CUST-150,SKU-1001,WH-04,200,180,59.63,0.1
700290,3,05/03/2026,12/03/2026,12/03/2026,CUST-150,SKU-1012,WH-04,50,50,54.11,0
700290,4,05/03/2026,12/03/2026,12/03/2026,CUST-150,SKU-1012,WH-04,100,100,54.11,0.05
700291,1,05/03/2026,10/03/2026,09/03/2026,CUST-110,SKU-1022,WH-03,25,25,11.23,0
700291,2,05/03/2026,10/03/2026,09/03/2026,CUST-110,SKU-1021,WH-03,75,75,50.68,0
700291,3,05/03/2026,10/03/2026,09/03/2026,CUST-110,SKU-1012,WH-03,100,100,54.11,0
700291,4,05/03/2026,10/03/2026,09/03/2026,CUST-110,SKU-1017,WH-03,200,200,44.62,0
700292,1,05/03/2026,08/03/2026,07/03/2026,CUST-109,SKU-1003,WH-03,10,10,52.5,0.125
700292,2,05/03/2026,08/03/2026,07/03/2026,CUST-109,SKU-1024,WH-03,10,8,68.06,0
700292,3,05/03/2026,08/03/2026,07/03/2026,CUST-109,SKU-1010,WH-03,100,100,75.49,0
700292,4,05/03/2026,08/03/2026,07/03/2026,CUST-109,SKU-1012,WH-03,10,10,54.11,0.1
700293,1,05/03/2026,07/03/2026,07/03/2026,CUST-137,SKU-1018,WH-04,25,25,66.93,0.1
700293,2,05/03/2026,07/03/2026,07/03/2026,CUST-137,SKU-1023,WH-04,25,25,19.51,0
700293,3,05/03/2026,07/03/2026,07/03/2026,CUST-137,SKU-1021,WH-04,75,75,50.68,0.05
700294,1,05/03/2026,07/03/2026,12/03/2026,CUST-104,SKU-1021,WH-01,200,200,50.68,0
700295,1,06/03/2026,11/03/2026,10/03/2026,CUST-116,SKU-1008,WH-04,50,50,12.26,0.05
700295,2,06/03/2026,11/03/2026,10/03/2026,CUST-116,SKU-1008,WH-04,200,200,12.26,0.05
700295,3,06/03/2026,11/03/2026,10/03/2026,CUST-116,SKU-1015,WH-04,100,100,27.45,0.1
700295,4,06/03/2026,11/03/2026,10/03/2026,CUST-116,SKU-1021,WH-04,20,20,50.68,0.05
700296,1,06/03/2026,11/03/2026,12/03/2026,CUST-113,SKU-1021,WH-01,10,10,50.68,0
700296,2,06/03/2026,11/03/2026,12/03/2026,CUST-113,SKU-1010,WH-01,100,80,75.49,0
700296,3,06/03/2026,11/03/2026,12/03/2026,CUST-113,SKU-1009,WH-01,50,50,32.15,0.1
700297,1,06/03/2026,09/03/2026,09/03/2026,CUST-132,SKU-1010,WH-03,100,100,75.49,0
700297,2,06/03/2026,09/03/2026,09/03/2026,CUST-132,SKU-1017,WH-03,150,150,44.62,0
700297,3,06/03/2026,09/03/2026,09/03/2026,CUST-132,SKU-1015,WH-03,50,50,27.45,0
700297,4,06/03/2026,09/03/2026,09/03/2026,CUST-132,SKU-1018,WH-03,50,50,66.93,0.125
700298,1,06/03/2026,13/03/2026,12/03/2026,CUST-160,SKU-1012,WH-04,10,4,54.11,0.05
700298,2,06/03/2026,13/03/2026,12/03/2026,CUST-160,SKU-1005,WH-04,75,75,77.98,0.05
700299,1,06/03/2026,11/03/2026,11/03/2026,CUST-111,SKU-1021,WH-04,75,75,50.68,0.05
700300,1,09/03/2026,12/03/2026,11/03/2026,CUST-153,SKU-1022,WH-01,150,150,11.23,0.05
700300,2,09/03/2026,12/03/2026,11/03/2026,CUST-153,SKU-1011,WH-01,50,50,39.0,0
700300,3,09/03/2026,12/03/2026,11/03/2026,CUST-153,SKU-1001,WH-01,150,150,59.63,0.125
700301,1,09/03/2026,12/03/2026,12/03/2026,CUST-142,SKU-1003,WH-02,75,75,52.5,0
700301,2,09/03/2026,12/03/2026,12/03/2026,CUST-142,SKU-1020,WH-02,100,90,72.1,0.05
700302,1,09/03/2026,12/03/2026,12/03/2026,CUST-160,SKU-1004,WH-01,10,10,44.52,0
700302,2,09/03/2026,12/03/2026,12/03/2026,CUST-160,SKU-1015,WH-01,20,20,27.45,0
700302,3,09/03/2026,12/03/2026,12/03/2026,CUST-160,SKU-1003,WH-01,75,75,52.5,0.125
700302,4,09/03/2026,12/03/2026,12/03/2026,CUST-160,SKU-1023,WH-01,100,100,19.51,0
700303,1,09/03/2026,16/03/2026,15/03/2026,CUST-102,SKU-1013,WH-04,50,50,75.26,0
700303,2,09/03/2026,16/03/2026,15/03/2026,CUST-102,SKU-1010,WH-04,150,150,75.49,0.125
700303,3,09/03/2026,16/03/2026,15/03/2026,CUST-102,SKU-1024,WH-04,50,50,68.06,0.05
700303,4,09/03/2026,16/03/2026,15/03/2026,CUST-102,SKU-1016,WH-04,50,50,19.18,0.05
700304,1,10/03/2026,17/03/2026,16/03/2026,CUST-107,SKU-1017,WH-03,20,20,44.62,0.125
700304,2,10/03/2026,17/03/2026,16/03/2026,CUST-107,SKU-1004,WH-03,50,50,44.52,0.125
700304,3,10/03/2026,17/03/2026,16/03/2026,CUST-107,SKU-1018,WH-03,50,50,66.93,0.125
700305,1,10/03/2026,15/03/2026,14/03/2026,CUST-119,SKU-1010,WH-03,200,80,75.49,0.05
700306,1,10/03/2026,15/03/2026,15/03/2026,CUST-133,SKU-1014,WH-01,150,150,100.88,0.05
700306,2,10/03/2026,15/03/2026,15/03/2026,CUST-133,SKU-1011,WH-01,200,200,39.0,0
700306,3,10/03/2026,15/03/2026,15/03/2026,CUST-133,SKU-1002,WH-01,75,75,54.08,0.1
700306,4,10/03/2026,15/03/2026,15/03/2026,CUST-133,SKU-1013,WH-01,10,10,75.26,0
700307,1,10/03/2026,13/03/2026,12/03/2026,CUST-110,SKU-1016,WH-02,150,150,19.18,0.125
700307,2,10/03/2026,13/03/2026,12/03/2026,CUST-110,SKU-1001,WH-02,150,150,59.63,0
700308,1,10/03/2026,14/03/2026,13/03/2026,CUST-112,SKU-1017,WH-04,20,18,44.62,0
700308,2,10/03/2026,14/03/2026,13/03/2026,CUST-112,SKU-1020,WH-04,20,20,72.1,0
700308,3,10/03/2026,14/03/2026,13/03/2026,CUST-112,SKU-1003,WH-04,10,10,52.5,0
700309,1,10/03/2026,13/03/2026,12/03/2026,CUST-110,SKU-1007,WH-04,200,200,66.6,0.1
700309,2,10/03/2026,13/03/2026,12/03/2026,CUST-110,SKU-1011,WH-04,10,10,39.0,0
700309,3,10/03/2026,13/03/2026,12/03/2026,CUST-110,SKU-1023,WH-04,25,25,19.51,0.125
700309,4,10/03/2026,13/03/2026,12/03/2026,CUST-110,SKU-1003,WH-04,100,100,52.5,0
700310,1,10/03/2026,15/03/2026,14/03/2026,CUST-119,SKU-1007,WH-01,25,22,66.6,0.05
700311,1,10/03/2026,15/03/2026,15/03/2026,CUST-155,SKU-1019,WH-04,150,150,68.25,0
700311,2,10/03/2026,15/03/2026,15/03/2026,CUST-155,SKU-1017,WH-04,25,25,44.62,0.125
700311,3,10/03/2026,15/03/2026,15/03/2026,CUST-155,SKU-1020,WH-04,100,100,72.1,0.1
700312,1,10/03/2026,13/03/2026,14/03/2026,CUST-137,SKU-1008,WH-01,75,75,12.26,0.125
700313,1,11/03/2026,13/03/2026,12/03/2026,CUST-132,SKU-1015,WH-02,10,10,27.45,0
700313,2,11/03/2026,13/03/2026,12/03/2026,CUST-132,SKU-1014,WH-02,20,20,100.88,0.1
700313,3,11/03/2026,13/03/2026,12/03/2026,CUST-132,SKU-1008,WH-02,25,25,12.26,0.125
700314,1,11/03/2026,18/03/2026,17/03/2026,CUST-127,SKU-1014,WH-01,25,25,100.88,0.125
700314,2,11/03/2026,18/03/2026,17/03/2026,CUST-127,SKU-1003,WH-01,100,100,52.5,0
700314,3,11/03/2026,18/03/2026,17/03/2026,CUST-127,SKU-1007,WH-01,50,50,66.6,0.05
700314,4,11/03/2026,18/03/2026,17/03/2026,CUST-127,SKU-1008,WH-01,200,200,12.26,0.1
700315,1,11/03/2026,15/03/2026,17/03/2026,CUST-132,SKU-1001,WH-04,75,75,59.63,0.05
700315,2,11/03/2026,15/03/2026,17/03/2026,CUST-132,SKU-1017,WH-04,200,200,44.62,0.05
700315,3,11/03/2026,15/03/2026,17/03/2026,CUST-132,SKU-1021,WH-04,25,15,50.68,0.1
700316,1,11/03/2026,16/03/2026,21/03/2026,CUST-132,SKU-1024,WH-03,10,8,68.06,0
700316,2,11/03/2026,16/03/2026,21/03/2026,CUST-132,SKU-1024,WH-03,75,30,68.06,0.05
700317,1,11/03/2026,14/03/2026,15/03/2026,CUST-124,SKU-1018,WH-01,20,20,66.93,0
700317,2,11/03/2026,14/03/2026,15/03/2026,CUST-124,SKU-1008,WH-01,100,100,12.26,0
700317,3,11/03/2026,14/03/2026,15/03/2026,CUST-124,SKU-1011,WH-01,75,75,39.0,0.1
700318,1,11/03/2026,16/03/2026,15/03/2026,CUST-113,SKU-1012,WH-02,75,75,54.11,0.05
700318,2,11/03/2026,16/03/2026,15/03/2026,CUST-113,SKU-1007,WH-02,20,20,66.6,0
700318,3,11/03/2026,16/03/2026,15/03/2026,CUST-113,SKU-1017,WH-02,20,20,44.62,0.1
700318,4,11/03/2026,16/03/2026,15/03/2026,CUST-113,SKU-1006,WH-02,20,20,54.97,0
700319,1,11/03/2026,14/03/2026,13/03/2026,CUST-114,SKU-1023,WH-02,50,50,19.51,0.05
700319,2,11/03/2026,14/03/2026,13/03/2026,CUST-114,SKU-1019,WH-02,50,50,68.25,0.05
700319,3,11/03/2026,14/03/2026,13/03/2026,CUST-114,SKU-1011,WH-02,10,9,39.0,0
700319,4,11/03/2026,14/03/2026,13/03/2026,CUST-114,SKU-1008,WH-02,25,25,12.26,0
700320,1,12/03/2026,15/03/2026,15/03/2026,CUST-108,SKU-1001,WH-02,150,150,59.63,0.1
700320,2,12/03/2026,15/03/2026,15/03/2026,CUST-108,SKU-1008,WH-02,75,60,12.26,0.1
700320,3,12/03/2026,15/03/2026,15/03/2026,CUST-108,SKU-1006,WH-02,200,200,54.97,0
700320,4,12/03/2026,15/03/2026,15/03/2026,CUST-108,SKU-1003,WH-02,25,25,52.5,0.1
700321,1,12/03/2026,19/03/2026,18/03/2026,CUST-152,SKU-1024,WH-03,200,200,68.06,0
700322,1,12/03/2026,19/03/2026,24/03/2026,CUST-107,SKU-1017,WH-01,75,75,44.62,0
700322,2,12/03/2026,19/03/2026,24/03/2026,CUST-107,SKU-1003,WH-01,75,75,52.5,0
700323,1,12/03/2026,17/03/2026,16/03/2026,CUST-147,SKU-1015,WH-03,75,75,27.45,0
700323,2,12/03/2026,17/03/2026,16/03/2026,CUST-147,SKU-1011,WH-03,200,200,39.0,0
700324,1,12/03/2026,15/03/2026,17/03/2026,CUST-123,SKU-1007,WH-04,100,100,66.6,0.05
700324,2,12/03/2026,15/03/2026,17/03/2026,CUST-123,SKU-1012,WH-04,10,10,54.11,0.05
700325,1,12/03/2026,16/03/2026,15/03/2026,CUST-101,SKU-1007,WH-01,150,150,66.6,0
700326,1,12/03/2026,15/03/2026,17/03/2026,CUST-148,SKU-1023,WH-03,100,100,19.51,0
700326,2,12/03/2026,15/03/2026,17/03/2026,CUST-148,SKU-1016,WH-03,100,100,19.18,0
700326,3,12/03/2026,15/03/2026,17/03/2026,CUST-148,SKU-1012,WH-03,200,200,54.11,0.1
700327,1,13/03/2026,20/03/2026,19/03/2026,CUST-109,SKU-1022,WH-03,10,10,11.23,0.1
700328,1,13/03/2026,15/03/2026,15/03/2026,CUST-104,SKU-1001,WH-02,10,10,59.63,0.125
700329,1,13/03/2026,20/03/2026,20/03/2026,CUST-124,SKU-1010,WH-04,75,75,75.49,0
700329,2,13/03/2026,20/03/2026,20/03/2026,CUST-124,SKU-1001,WH-04,50,30,59.63,0.125
700329,3,13/03/2026,20/03/2026,20/03/2026,CUST-124,SKU-1020,WH-04,150,150,72.1,0
700330,1,13/03/2026,16/03/2026,15/03/2026,CUST-139,SKU-1007,WH-01,10,10,66.6,0.1
700330,2,13/03/2026,16/03/2026,15/03/2026,CUST-139,SKU-1001,WH-01,50,50,59.63,0.125
700330,3,13/03/2026,16/03/2026,15/03/2026,CUST-139,SKU-1018,WH-01,150,150,66.93,0.1
700330,4,13/03/2026,16/03/2026,15/03/2026,CUST-139,SKU-1001,WH-01,25,25,59.63,0.1
700331,1,13/03/2026,16/03/2026,15/03/2026,CUST-109,SKU-1013,WH-03,50,50,75.26,0
700331,2,13/03/2026,16/03/2026,15/03/2026,CUST-109,SKU-1022,WH-03,10,10,11.23,0.05
700331,3,13/03/2026,16/03/2026,15/03/2026,CUST-109,SKU-1005,WH-03,100,100,77.98,0.05
700331,4,13/03/2026,16/03/2026,15/03/2026,CUST-109,SKU-1011,WH-03,150,120,39.0,0.05
700332,1,13/03/2026,18/03/2026,23/03/2026,CUST-155,SKU-1011,WH-04,200,200,39.0,0
700333,1,13/03/2026,15/03/2026,15/03/2026,CUST-127,SKU-1017,WH-02,25,10,44.62,0.05
700333,2,13/03/2026,15/03/2026,15/03/2026,CUST-127,SKU-1006,WH-02,150,150,54.97,0
700334,1,13/03/2026,18/03/2026,23/03/2026,CUST-132,SKU-1023,WH-01,25,25,19.51,0.05
700334,2,13/03/2026,18/03/2026,23/03/2026,CUST-132,SKU-1016,WH-01,150,60,19.18,0
700334,3,13/03/2026,18/03/2026,23/03/2026,CUST-132,SKU-1021,WH-01,200,200,50.68,0
700335,1,16/03/2026,19/03/2026,21/03/2026,CUST-160,SKU-1016,WH-04,100,100,19.18,0
700335,2,16/03/2026,19/03/2026,21/03/2026,CUST-160,SKU-1016,WH-04,75,75,19.18,0
700336,1,16/03/2026,20/03/2026,21/03/2026,CUST-146,SKU-1016,WH-03,10,10,19.18,0.1
700336,2,16/03/2026,20/03/2026,21/03/2026,CUST-146,SKU-1007,WH-03,10,10,66.6,0
700337,1,16/03/2026,20/03/2026,19/03/2026,CUST-151,SKU-1019,WH-03,150,150,68.25,0
700337,2,16/03/2026,20/03/2026,19/03/2026,CUST-151,SKU-1013,WH-03,150,150,75.26,0.05
700337,3,16/03/2026,20/03/2026,19/03/2026,CUST-151,SKU-1019,WH-03,100,100,68.25,0.05
700338,1,16/03/2026,21/03/2026,22/03/2026,CUST-128,SKU-1016,WH-01,200,120,19.18,0
700339,1,16/03/2026,19/03/2026,18/03/2026,CUST-123,SKU-1017,WH-01,200,80,44.62,0
700339,2,16/03/2026,19/03/2026,18/03/2026,CUST-123,SKU-1012,WH-01,100,60,54.11,0
700340,1,16/03/2026,19/03/2026,19/03/2026,CUST-149,SKU-1012,WH-02,200,200,54.11,0.125
700340,2,16/03/2026,19/03/2026,19/03/2026,CUST-149,SKU-1021,WH-02,100,100,50.68,0.1
700341,1,16/03/2026,19/03/2026,21/03/2026,CUST-104,SKU-1008,WH-04,10,10,12.26,0.125
700342,1,16/03/2026,18/03/2026,18/03/2026,CUST-132,SKU-1017,WH-04,75,75,44.62,0.125
700342,2,16/03/2026,18/03/2026,18/03/2026,CUST-132,SKU-1001,WH-04,75,75,59.63,0.05
700342,3,16/03/2026,18/03/2026,18/03/2026,CUST-132,SKU-1001,WH-04,10,10,59.63,0
700343,1,17/03/2026,21/03/2026,23/03/2026,CUST-151,SKU-1011,WH-02,50,50,39.0,0
700344,1,17/03/2026,21/03/2026,21/03/2026,CUST-141,SKU-1007,WH-01,200,200,66.6,0.05
700344,2,17/03/2026,21/03/2026,21/03/2026,CUST-141,SKU-1021,WH-01,200,200,50.68,0
700345,1,17/03/2026,20/03/2026,25/03/2026,CUST-142,SKU-1002,WH-03,100,100,54.08,0.1
700345,2,17/03/2026,20/03/2026,25/03/2026,CUST-142,SKU-1010,WH-03,200,200,75.49,0.1
700345,3,17/03/2026,20/03/2026,25/03/2026,CUST-142,SKU-1004,WH-03,75,75,44.52,0
700346,1,17/03/2026,21/03/2026,20/03/2026,CUST-158,SKU-1011,WH-04,50,50,39.0,0.1
700346,2,17/03/2026,21/03/2026,20/03/2026,CUST-158,SKU-1013,WH-04,75,75,75.26,0
700346,3,17/03/2026,21/03/2026,20/03/2026,CUST-158,SKU-1002,WH-04,10,10,54.08,0.05
700346,4,17/03/2026,21/03/2026,20/03/2026,CUST-158,SKU-1019,WH-04,25,25,68.25,0
700347,1,17/03/2026,24/03/2026,24/03/2026,CUST-146,SKU-1007,WH-03,75,75,66.6,0.1
700348,1,17/03/2026,22/03/2026,24/03/2026,CUST-109,SKU-1016,WH-04,10,10,19.18,0
700349,1,18/03/2026,20/03/2026,19/03/2026,CUST-118,SKU-1013,WH-04,10,10,75.26,0.1
700349,2,18/03/2026,20/03/2026,19/03/2026,CUST-118,SKU-1001,WH-04,200,200,59.63,0
700350,1,18/03/2026,23/03/2026,25/03/2026,CUST-110,SKU-1009,WH-02,50,50,32.15,0.125
700351,1,18/03/2026,21/03/2026,22/03/2026,CUST-152,SKU-1024,WH-01,150,150,68.06,0
700351,2,18/03/2026,21/03/2026,22/03/2026,CUST-152,SKU-1008,WH-01,150,150,12.26,0
700351,3,18/03/2026,21/03/2026,22/03/2026,CUST-152,SKU-1015,WH-01,75,75,27.45,0
700352,1,18/03/2026,22/03/2026,21/03/2026,CUST-103,SKU-1008,WH-01,100,100,12.26,0
700352,2,18/03/2026,22/03/2026,21/03/2026,CUST-103,SKU-1008,WH-01,50,40,12.26,0.1
700353,1,18/03/2026,23/03/2026,23/03/2026,CUST-127,SKU-1009,WH-02,100,100,32.15,0.1
700353,2,18/03/2026,23/03/2026,23/03/2026,CUST-127,SKU-1007,WH-02,20,20,66.6,0.05
700353,3,18/03/2026,23/03/2026,23/03/2026,CUST-127,SKU-1013,WH-02,75,75,75.26,0.05
700353,4,18/03/2026,23/03/2026,23/03/2026,CUST-127,SKU-1012,WH-02,100,100,54.11,0
700354,1,18/03/2026,21/03/2026,22/03/2026,CUST-116,SKU-1003,WH-01,20,20,52.5,0.05
700354,2,18/03/2026,21/03/2026,22/03/2026,CUST-116,SKU-1010,WH-01,10,6,75.49,0
700355,1,18/03/2026,23/03/2026,22/03/2026,CUST-148,SKU-1004,WH-03,25,25,44.52,0.1
700355,2,18/03/2026,23/03/2026,22/03/2026,CUST-148,SKU-1021,WH-03,150,150,50.68,0
700355,3,18/03/2026,23/03/2026,22/03/2026,CUST-148,SKU-1007,WH-03,50,40,66.6,0
700355,4,18/03/2026,23/03/2026,22/03/2026,CUST-148,SKU-1020,WH-03,150,150,72.1,0.1
700356,1,18/03/2026,20/03/2026,19/03/2026,CUST-110,SKU-1018,WH-02,50,50,66.93,0
700356,2,18/03/2026,20/03/2026,19/03/2026,CUST-110,SKU-1013,WH-02,25,25,75.26,0.05
700356,3,18/03/2026,20/03/2026,19/03/2026,CUST-110,SKU-1011,WH-02,200,200,39.0,0.1
700357,1,18/03/2026,22/03/2026,22/03/2026,CUST-124,SKU-1021,WH-01,100,100,50.68,0
700357,2,18/03/2026,22/03/2026,22/03/2026,CUST-124,SKU-1001,WH-01,150,150,59.63,0
700357,3,18/03/2026,22/03/2026,22/03/2026,CUST-124,SKU-1009,WH-01,50,50,32.15,0
700358,1,19/03/2026,21/03/2026,22/03/2026,CUST-114,SKU-1020,WH-02,50,50,72.1,0.05
700358,2,19/03/2026,21/03/2026,22/03/2026,CUST-114,SKU-1007,WH-02,20,20,66.6,0
700358,3,19/03/2026,21/03/2026,22/03/2026,CUST-114,SKU-1021,WH-02,20,20,50.68,0
700358,4,19/03/2026,21/03/2026,22/03/2026,CUST-114,SKU-1007,WH-02,150,60,66.6,0.1
700359,1,19/03/2026,26/03/2026,27/03/2026,CUST-105,SKU-1006,WH-01,50,50,54.97,0.125
700359,2,19/03/2026,26/03/2026,27/03/2026,CUST-105,SKU-1010,WH-01,10,8,75.49,0.1
700359,3,19/03/2026,26/03/2026,27/03/2026,CUST-105,SKU-1019,WH-01,75,45,68.25,0.1
700360,1,19/03/2026,24/03/2026,29/03/2026,CUST-125,SKU-1010,WH-04,20,20,75.49,0
700360,2,19/03/2026,24/03/2026,29/03/2026,CUST-125,SKU-1004,WH-04,50,50,44.52,0
700361,1,19/03/2026,26/03/2026,26/03/2026,CUST-111,SKU-1023,WH-04,75,75,19.51,0.05
700361,2,19/03/2026,26/03/2026,26/03/2026,CUST-111,SKU-1010,WH-04,20,20,75.49,0
700361,3,19/03/2026,26/03/2026,26/03/2026,CUST-111,SKU-1022,WH-04,25,25,11.23,0.1
700361,4,19/03/2026,26/03/2026,26/03/2026,CUST-111,SKU-1023,WH-04,20,12,19.51,0.1
700362,1,19/03/2026,22/03/2026,23/03/2026,CUST-147,SKU-1014,WH-03,150,150,100.88,0.125
700362,2,19/03/2026,22/03/2026,23/03/2026,CUST-147,SKU-1008,WH-03,75,75,12.26,0.05
700362,3,19/03/2026,22/03/2026,23/03/2026,CUST-147,SKU-1018,WH-03,20,20,66.93,0
700362,4,19/03/2026,22/03/2026,23/03/2026,CUST-147,SKU-1005,WH-03,10,4,77.98,0.1
700363,1,19/03/2026,22/03/2026,21/03/2026,CUST-124,SKU-1017,WH-02,10,10,44.62,0.1
700363,2,19/03/2026,22/03/2026,21/03/2026,CUST-124,SKU-1018,WH-02,10,10,66.93,0
700363,3,19/03/2026,22/03/2026,21/03/2026,CUST-124,SKU-1023,WH-02,100,100,19.51,0.05
700364,1,19/03/2026,23/03/2026,22/03/2026,CUST-132,SKU-1007,WH-04,20,20,66.6,0
700364,2,19/03/2026,23/03/2026,22/03/2026,CUST-132,SKU-1018,WH-04,10,10,66.93,0.05
700365,1,19/03/2026,22/03/2026,27/03/2026,CUST-134,SKU-1011,WH-02,150,150,39.0,0.05
700365,2,19/03/2026,22/03/2026,27/03/2026,CUST-134,SKU-1021,WH-02,150,60,50.68,0.1
700365,3,19/03/2026,22/03/2026,27/03/2026,CUST-134,SKU-1011,WH-02,150,150,39.0,0.1
700365,4,19/03/2026,22/03/2026,27/03/2026,CUST-134,SKU-1021,WH-02,10,10,50.68,0
700366,1,20/03/2026,25/03/2026,30/03/2026,CUST-147,SKU-1009,WH-04,25,25,32.15,0.125
700367,1,20/03/2026,27/03/2026,26/03/2026,CUST-110,SKU-1002,WH-02,50,50,54.08,0
700367,2,20/03/2026,27/03/2026,26/03/2026,CUST-110,SKU-1014,WH-02,75,75,100.88,0.125
700368,1,20/03/2026,25/03/2026,24/03/2026,CUST-104,SKU-1018,WH-01,20,20,66.93,0
700368,2,20/03/2026,25/03/2026,24/03/2026,CUST-104,SKU-1007,WH-01,10,10,66.6,0
700369,1,20/03/2026,23/03/2026,22/03/2026,CUST-135,SKU-1002,WH-01,200,200,54.08,0
700369,2,20/03/2026,23/03/2026,22/03/2026,CUST-135,SKU-1021,WH-01,25,25,50.68,0.05
700369,3,20/03/2026,23/03/2026,22/03/2026,CUST-135,SKU-1016,WH-01,25,25,19.18,0
700370,1,20/03/2026,27/03/2026,27/03/2026,CUST-115,SKU-1019,WH-03,20,20,68.25,0.125
700370,2,20/03/2026,27/03/2026,27/03/2026,CUST-115,SKU-1015,WH-03,150,150,27.45,0
700370,3,20/03/2026,27/03/2026,27/03/2026,CUST-115,SKU-1007,WH-03,100,100,66.6,0.125
700370,4,20/03/2026,27/03/2026,27/03/2026,CUST-115,SKU-1015,WH-03,50,50,27.45,0.1
700371,1,20/03/2026,22/03/2026,24/03/2026,CUST-120,SKU-1024,WH-04,20,20,68.06,0
700371,2,20/03/2026,22/03/2026,24/03/2026,CUST-120,SKU-1003,WH-04,50,50,52.5,0
700371,3,20/03/2026,22/03/2026,24/03/2026,CUST-120,SKU-1012,WH-04,20,20,54.11,0
700372,1,23/03/2026,25/03/2026,25/03/2026,CUST-129,SKU-1001,WH-03,100,100,59.63,0
700372,2,23/03/2026,25/03/2026,25/03/2026,CUST-129,SKU-1018,WH-03,200,200,66.93,0
700372,3,23/03/2026,25/03/2026,25/03/2026,CUST-129,SKU-1005,WH-03,75,75,77.98,0.05
700372,4,23/03/2026,25/03/2026,25/03/2026,CUST-129,SKU-1024,WH-03,10,10,68.06,0.05
700373,1,23/03/2026,26/03/2026,31/03/2026,CUST-130,SKU-1008,WH-04,20,20,12.26,0.1
700374,1,23/03/2026,26/03/2026,26/03/2026,CUST-123,SKU-1012,WH-04,75,75,54.11,0.1
700375,1,23/03/2026,25/03/2026,24/03/2026,CUST-113,SKU-1013,WH-01,20,20,75.26,0
700376,1,23/03/2026,28/03/2026,30/03/2026,CUST-157,SKU-1006,WH-01,25,25,54.97,0
700377,1,24/03/2026,31/03/2026,31/03/2026,CUST-113,SKU-1014,WH-03,150,150,100.88,0.1
700377,2,24/03/2026,31/03/2026,31/03/2026,CUST-113,SKU-1019,WH-03,75,67,68.25,0
700377,3,24/03/2026,31/03/2026,31/03/2026,CUST-113,SKU-1020,WH-03,150,150,72.1,0.05
700377,4,24/03/2026,31/03/2026,31/03/2026,CUST-113,SKU-1001,WH-03,50,20,59.63,0
700378,1,24/03/2026,31/03/2026,05/04/2026,CUST-120,SKU-1022,WH-04,20,20,11.23,0
700379,1,24/03/2026,27/03/2026,01/04/2026,CUST-113,SKU-1009,WH-03,75,75,32.15,0
700379,2,24/03/2026,27/03/2026,01/04/2026,CUST-113,SKU-1008,WH-03,75,67,12.26,0
700379,3,24/03/2026,27/03/2026,01/04/2026,CUST-113,SKU-1003,WH-03,150,150,52.5,0
700379,4,24/03/2026,27/03/2026,01/04/2026,CUST-113,SKU-1002,WH-03,25,25,54.08,0.125
700380,1,24/03/2026,27/03/2026,26/03/2026,CUST-132,SKU-1014,WH-01,25,25,100.88,0
700381,1,24/03/2026,31/03/2026,30/03/2026,CUST-152,SKU-1002,WH-02,20,20,54.08,0
700381,2,24/03/2026,31/03/2026,30/03/2026,CUST-152,SKU-1016,WH-02,10,10,19.18,0.1
700381,3,24/03/2026,31/03/2026,30/03/2026,CUST-152,SKU-1017,WH-02,50,50,44.62,0
700382,1,24/03/2026,28/03/2026,28/03/2026,CUST-116,SKU-1014,WH-03,25,25,100.88,0.05
700382,2,24/03/2026,28/03/2026,28/03/2026,CUST-116,SKU-1010,WH-03,20,20,75.49,0
700382,3,24/03/2026,28/03/2026,28/03/2026,CUST-116,SKU-1024,WH-03,200,200,68.06,0
700383,1,24/03/2026,27/03/2026,26/03/2026,CUST-144,SKU-1010,WH-04,200,200,75.49,0.125
700383,2,24/03/2026,27/03/2026,26/03/2026,CUST-144,SKU-1016,WH-04,150,150,19.18,0.05
700383,3,24/03/2026,27/03/2026,26/03/2026,CUST-144,SKU-1004,WH-04,150,150,44.52,0
700384,1,24/03/2026,27/03/2026,29/03/2026,CUST-108,SKU-1014,WH-04,100,100,100.88,0
700384,2,24/03/2026,27/03/2026,29/03/2026,CUST-108,SKU-1002,WH-04,200,200,54.08,0
700385,1,24/03/2026,26/03/2026,26/03/2026,CUST-145,SKU-1023,WH-03,75,75,19.51,0
700385,2,24/03/2026,26/03/2026,26/03/2026,CUST-145,SKU-1023,WH-03,10,10,19.51,0
700385,3,24/03/2026,26/03/2026,26/03/2026,CUST-145,SKU-1002,WH-03,75,75,54.08,0
700385,4,24/03/2026,26/03/2026,26/03/2026,CUST-145,SKU-1003,WH-03,75,75,52.5,0.125
700386,1,25/03/2026,27/03/2026,26/03/2026,CUST-119,SKU-1019,WH-02,200,120,68.25,0.125
700386,2,25/03/2026,27/03/2026,26/03/2026,CUST-119,SKU-1016,WH-02,10,10,19.18,0
700386,3,25/03/2026,27/03/2026,26/03/2026,CUST-119,SKU-1002,WH-02,25,25,54.08,0
700387,1,25/03/2026,01/04/2026,02/04/2026,CUST-151,SKU-1016,WH-02,50,50,19.18,0
700388,1,25/03/2026,28/03/2026,02/04/2026,CUST-115,SKU-1006,WH-03,75,75,54.97,0.05
700388,2,25/03/2026,28/03/2026,02/04/2026,CUST-115,SKU-1006,WH-03,10,10,54.97,0
700388,3,25/03/2026,28/03/2026,02/04/2026,CUST-115,SKU-1008,WH-03,25,25,12.26,0
700389,1,25/03/2026,01/04/2026,31/03/2026,CUST-102,SKU-1013,WH-01,200,200,75.26,0.1
700390,1,25/03/2026,01/04/2026,31/03/2026,CUST-151,SKU-1016,WH-01,25,25,19.18,0
700390,2,25/03/2026,01/04/2026,31/03/2026,CUST-151,SKU-1022,WH-01,25,25,11.23,0
700390,3,25/03/2026,01/04/2026,31/03/2026,CUST-151,SKU-1003,WH-01,150,150,52.5,0
700391,1,25/03/2026,28/03/2026,28/03/2026,CUST-147,SKU-1006,WH-02,150,150,54.97,0.05
700391,2,25/03/2026,28/03/2026,28/03/2026,CUST-147,SKU-1010,WH-02,200,200,75.49,0
700392,1,25/03/2026,01/04/2026,01/04/2026,CUST-147,SKU-1015,WH-04,75,75,27.45,0
700392,2,25/03/2026,01/04/2026,01/04/2026,CUST-147,SKU-1014,WH-04,25,15,100.88,0
700393,1,25/03/2026,28/03/2026,27/03/2026,CUST-137,SKU-1003,WH-02,20,20,52.5,0.1
700393,2,25/03/2026,28/03/2026,27/03/2026,CUST-137,SKU-1006,WH-02,200,200,54.97,0.1
700393,3,25/03/2026,28/03/2026,27/03/2026,CUST-137,SKU-1003,WH-02,75,75,52.5,0
700393,4,25/03/2026,28/03/2026,27/03/2026,CUST-137,SKU-1001,WH-02,20,12,59.63,0
700394,1,26/03/2026,29/03/2026,28/03/2026,CUST-123,SKU-1013,WH-01,25,10,75.26,0.125
700394,2,26/03/2026,29/03/2026,28/03/2026,CUST-123,SKU-1021,WH-01,50,50,50.68,0
700394,3,26/03/2026,29/03/2026,28/03/2026,CUST-123,SKU-1003,WH-01,25,25,52.5,0.05
700395,1,26/03/2026,29/03/2026,03/04/2026,CUST-114,SKU-1023,WH-01,200,200,19.51,0
700395,2,26/03/2026,29/03/2026,03/04/2026,CUST-114,SKU-1014,WH-01,75,75,100.88,0
700396,1,26/03/2026,29/03/2026,28/03/2026,CUST-131,SKU-1008,WH-02,100,100,12.26,0
700396,2,26/03/2026,29/03/2026,28/03/2026,CUST-131,SKU-1006,WH-02,20,20,54.97,0.05
700397,1,26/03/2026,29/03/2026,28/03/2026,CUST-110,SKU-1017,WH-03,75,75,44.62,0.125
700398,1,26/03/2026,02/04/2026,02/04/2026,CUST-125,SKU-1021,WH-04,75,75,50.68,0.125
700399,1,27/03/2026,01/04/2026,01/04/2026,CUST-132,SKU-1006,WH-01,75,75,54.97,0
700400,1,27/03/2026,01/04/2026,31/03/2026,CUST-106,SKU-1008,WH-04,25,25,12.26,0
700400,2,27/03/2026,01/04/2026,31/03/2026,CUST-106,SKU-1014,WH-04,150,150,100.88,0
700400,3,27/03/2026,01/04/2026,31/03/2026,CUST-106,SKU-1007,WH-04,100,100,66.6,0.05
700401,1,27/03/2026,01/04/2026,31/03/2026,CUST-105,SKU-1004,WH-03,50,50,44.52,0
700401,2,27/03/2026,01/04/2026,31/03/2026,CUST-105,SKU-1009,WH-03,150,150,32.15,0.1
700402,1,27/03/2026,01/04/2026,31/03/2026,CUST-145,SKU-1018,WH-01,75,67,66.93,0
700403,1,27/03/2026,29/03/2026,30/03/2026,CUST-103,SKU-1011,WH-01,100,80,39.0,0.125
700403,2,27/03/2026,29/03/2026,30/03/2026,CUST-103,SKU-1010,WH-01,200,200,75.49,0.1
700403,3,27/03/2026,29/03/2026,30/03/2026,CUST-103,SKU-1008,WH-01,10,10,12.26,0.05
700403,4,27/03/2026,29/03/2026,30/03/2026,CUST-103,SKU-1014,WH-01,200,200,100.88,0.1
700404,1,27/03/2026,30/03/2026,01/04/2026,CUST-119,SKU-1016,WH-01,200,200,19.18,0
700404,2,27/03/2026,30/03/2026,01/04/2026,CUST-119,SKU-1020,WH-01,25,25,72.1,0.125
700404,3,27/03/2026,30/03/2026,01/04/2026,CUST-119,SKU-1020,WH-01,150,150,72.1,0.05
700404,4,27/03/2026,30/03/2026,01/04/2026,CUST-119,SKU-1022,WH-01,25,10,11.23,0.125
700405,1,27/03/2026,01/04/2026,01/04/2026,CUST-102,SKU-1013,WH-02,20,20,75.26,0.05
700405,2,27/03/2026,01/04/2026,01/04/2026,CUST-102,SKU-1014,WH-02,50,50,100.88,0.05
700406,1,27/03/2026,03/04/2026,04/04/2026,CUST-149,SKU-1020,WH-01,75,75,72.1,0
700407,1,30/03/2026,06/04/2026,06/04/2026,CUST-157,SKU-1017,WH-02,25,25,44.62,0.05
700407,2,30/03/2026,06/04/2026,06/04/2026,CUST-157,SKU-1010,WH-02,50,30,75.49,0
700407,3,30/03/2026,06/04/2026,06/04/2026,CUST-157,SKU-1022,WH-02,100,100,11.23,0
700407,4,30/03/2026,06/04/2026,06/04/2026,CUST-157,SKU-1022,WH-02,10,10,11.23,0
700408,1,30/03/2026,03/04/2026,02/04/2026,CUST-147,SKU-1014,WH-02,25,25,100.88,0
700408,2,30/03/2026,03/04/2026,02/04/2026,CUST-147,SKU-1012,WH-02,75,75,54.11,0.05
700408,3,30/03/2026,03/04/2026,02/04/2026,CUST-147,SKU-1005,WH-02,50,50,77.98,0.1
700409,1,30/03/2026,02/04/2026,01/04/2026,CUST-117,SKU-1012,WH-02,10,10,54.11,0.125
700409,2,30/03/2026,02/04/2026,01/04/2026,CUST-117,SKU-1016,WH-02,75,75,19.18,0
700409,3,30/03/2026,02/04/2026,01/04/2026,CUST-117,SKU-1022,WH-02,75,75,11.23,0.05
700410,1,30/03/2026,02/04/2026,07/04/2026,CUST-107,SKU-1012,WH-03,20,20,54.11,0
700410,2,30/03/2026,02/04/2026,07/04/2026,CUST-107,SKU-1016,WH-03,10,10,19.18,0.125
700411,1,31/03/2026,02/04/2026,01/04/2026,CUST-128,SKU-1003,WH-02,10,10,52.5,0.1
700411,2,31/03/2026,02/04/2026,01/04/2026,CUST-128,SKU-1004,WH-02,50,50,44.52,0.05
700411,3,31/03/2026,02/04/2026,01/04/2026,CUST-128,SKU-1006,WH-02,100,100,54.97,0.125
700412,1,31/03/2026,03/04/2026,04/04/2026,CUST-105,SKU-1006,WH-02,10,10,54.97,0.125
700413,1,31/03/2026,03/04/2026,02/04/2026,CUST-127,SKU-1019,WH-03,75,75,68.25,0
700413,2,31/03/2026,03/04/2026,02/04/2026,CUST-127,SKU-1004,WH-03,75,75,44.52,0
700413,3,31/03/2026,03/04/2026,02/04/2026,CUST-127,SKU-1005,WH-03,75,75,77.98,0.05
700413,4,31/03/2026,03/04/2026,02/04/2026,CUST-127,SKU-1018,WH-03,100,100,66.93,0.1
700414,1,31/03/2026,04/04/2026,03/04/2026,CUST-142,SKU-1010,WH-02,25,25,75.49,0
700414,2,31/03/2026,04/04/2026,03/04/2026,CUST-142,SKU-1002,WH-02,25,25,54.08,0.05
700414,3,31/03/2026,04/04/2026,03/04/2026,CUST-142,SKU-1002,WH-02,200,200,54.08,0
700414,4,31/03/2026,04/04/2026,03/04/2026,CUST-142,SKU-1011,WH-02,25,25,39.0,0
700415,1,31/03/2026,07/04/2026,06/04/2026,CUST-127,SKU-1004,WH-01,50,50,44.52,0.1
700415,2,31/03/2026,07/04/2026,06/04/2026,CUST-127,SKU-1007,WH-01,150,150,66.6,0
700416,1,31/03/2026,05/04/2026,04/04/2026,CUST-111,SKU-1018,WH-04,25,25,66.93,0.05
700417,1,31/03/2026,03/04/2026,02/04/2026,CUST-116,SKU-1021,WH-04,150,150,50.68,0
700417,2,31/03/2026,03/04/2026,02/04/2026,CUST-116,SKU-1009,WH-04,25,25,32.15,0
700418,1,31/03/2026,05/04/2026,05/04/2026,CUST-136,SKU-1011,WH-02,75,75,39.0,0.05
700418,2,31/03/2026,05/04/2026,05/04/2026,CUST-136,SKU-1022,WH-02,100,100,11.23,0
700418,3,31/03/2026,05/04/2026,05/04/2026,CUST-136,SKU-1021,WH-02,25,25,50.68,0.125
700418,4,31/03/2026,05/04/2026,05/04/2026,CUST-136,SKU-1014,WH-02,50,50,100.88,0
700419,1,01/04/2026,05/04/2026,05/04/2026,CUST-103,SKU-1012,WH-03,50,50,54.11,0.125
700420,1,01/04/2026,04/04/2026,06/04/2026,CUST-133,SKU-1018,WH-02,200,200,66.93,0
700420,2,01/04/2026,04/04/2026,06/04/2026,CUST-133,SKU-1021,WH-02,50,50,50.68,0
700420,3,01/04/2026,04/04/2026,06/04/2026,CUST-133,SKU-1020,WH-02,150,150,72.1,0
700421,1,01/04/2026,08/04/2026,07/04/2026,CUST-111,SKU-1019,WH-02,100,100,68.25,0.125
700421,2,01/04/2026,08/04/2026,07/04/2026,CUST-111,SKU-1008,WH-02,25,25,12.26,0.1
700422,1,01/04/2026,04/04/2026,05/04/2026,CUST-134,SKU-1008,WH-02,200,200,12.26,0.05
700423,1,01/04/2026,03/04/2026,03/04/2026,CUST-116,SKU-1005,WH-02,20,20,77.98,0.05
700423,2,01/04/2026,03/04/2026,03/04/2026,CUST-116,SKU-1018,WH-02,50,50,66.93,0
700423,3,01/04/2026,03/04/2026,03/04/2026,CUST-116,SKU-1016,WH-02,25,25,19.18,0.05
700423,4,01/04/2026,03/04/2026,03/04/2026,CUST-116,SKU-1011,WH-02,75,75,39.0,0
700424,1,01/04/2026,05/04/2026,05/04/2026,CUST-150,SKU-1013,WH-03,100,100,75.26,0
700424,2,01/04/2026,05/04/2026,05/04/2026,CUST-150,SKU-1001,WH-03,50,50,59.63,0
700425,1,01/04/2026,06/04/2026,08/04/2026,CUST-140,SKU-1014,WH-04,50,40,100.88,0
700426,1,02/04/2026,05/04/2026,04/04/2026,CUST-158,SKU-1021,WH-02,10,10,50.68,0.05
700426,2,02/04/2026,05/04/2026,04/04/2026,CUST-158,SKU-1024,WH-02,20,20,68.06,0.125
700426,3,02/04/2026,05/04/2026,04/04/2026,CUST-158,SKU-1012,WH-02,10,10,54.11,0.1
700427,1,02/04/2026,06/04/2026,05/04/2026,CUST-146,SKU-1007,WH-03,100,100,66.6,0
700427,2,02/04/2026,06/04/2026,05/04/2026,CUST-146,SKU-1009,WH-03,75,75,32.15,0
700427,3,02/04/2026,06/04/2026,05/04/2026,CUST-146,SKU-1012,WH-03,25,25,54.11,0.125
700428,1,02/04/2026,09/04/2026,14/04/2026,CUST-157,SKU-1006,WH-04,10,4,54.97,0
700428,2,02/04/2026,09/04/2026,14/04/2026,CUST-157,SKU-1008,WH-04,25,25,12.26,0
700428,3,02/04/2026,09/04/2026,14/04/2026,CUST-157,SKU-1004,WH-04,50,50,44.52,0.1
700428,4,02/04/2026,09/04/2026,14/04/2026,CUST-157,SKU-1023,WH-04,25,25,19.51,0.1
700429,1,02/04/2026,05/04/2026,05/04/2026,CUST-120,SKU-1001,WH-02,10,10,59.63,0.1
700429,2,02/04/2026,05/04/2026,05/04/2026,CUST-120,SKU-1009,WH-02,75,75,32.15,0
700429,3,02/04/2026,05/04/2026,05/04/2026,CUST-120,SKU-1023,WH-02,20,20,19.51,0.125
700429,4,02/04/2026,05/04/2026,05/04/2026,CUST-120,SKU-1010,WH-02,150,150,75.49,0
700430,1,02/04/2026,05/04/2026,05/04/2026,CUST-154,SKU-1007,WH-04,50,50,66.6,0.1
700430,2,02/04/2026,05/04/2026,05/04/2026,CUST-154,SKU-1011,WH-04,25,25,39.0,0
700430,3,02/04/2026,05/04/2026,05/04/2026,CUST-154,SKU-1006,WH-04,100,90,54.97,0.1
700431,1,02/04/2026,05/04/2026,04/04/2026,CUST-145,SKU-1004,WH-01,50,50,44.52,0
700431,2,02/04/2026,05/04/2026,04/04/2026,CUST-145,SKU-1002,WH-01,75,60,54.08,0
700432,1,02/04/2026,05/04/2026,10/04/2026,CUST-152,SKU-1019,WH-03,50,45,68.25,0.1
700432,2,02/04/2026,05/04/2026,10/04/2026,CUST-152,SKU-1018,WH-03,200,200,66.93,0
700432,3,02/04/2026,05/04/2026,10/04/2026,CUST-152,SKU-1016,WH-03,25,25,19.18,0.125
700432,4,02/04/2026,05/04/2026,10/04/2026,CUST-152,SKU-1016,WH-03,10,10,19.18,0
700433,1,02/04/2026,04/04/2026,03/04/2026,CUST-137,SKU-1008,WH-04,20,16,12.26,0
700433,2,02/04/2026,04/04/2026,03/04/2026,CUST-137,SKU-1018,WH-04,100,100,66.93,0
700434,1,02/04/2026,05/04/2026,05/04/2026,CUST-146,SKU-1010,WH-01,20,20,75.49,0
700434,2,02/04/2026,05/04/2026,05/04/2026,CUST-146,SKU-1001,WH-01,150,150,59.63,0.1
700434,3,02/04/2026,05/04/2026,05/04/2026,CUST-146,SKU-1012,WH-01,10,10,54.11,0
700435,1,03/04/2026,10/04/2026,09/04/2026,CUST-101,SKU-1012,WH-03,20,20,54.11,0.125
700435,2,03/04/2026,10/04/2026,09/04/2026,CUST-101,SKU-1017,WH-03,200,200,44.62,0
700436,1,03/04/2026,10/04/2026,10/04/2026,CUST-109,SKU-1022,WH-01,150,150,11.23,0.1
700436,2,03/04/2026,10/04/2026,10/04/2026,CUST-109,SKU-1021,WH-01,100,100,50.68,0.1
700436,3,03/04/2026,10/04/2026,10/04/2026,CUST-109,SKU-1019,WH-01,20,20,68.25,0.1
700436,4,03/04/2026,10/04/2026,10/04/2026,CUST-109,SKU-1013,WH-01,25,25,75.26,0
700437,1,03/04/2026,05/04/2026,10/04/2026,CUST-130,SKU-1009,WH-04,10,10,32.15,0.05
700437,2,03/04/2026,05/04/2026,10/04/2026,CUST-130,SKU-1014,WH-04,200,200,100.88,0
700437,3,03/04/2026,05/04/2026,10/04/2026,CUST-130,SKU-1008,WH-04,25,25,12.26,0.05
700437,4,03/04/2026,05/04/2026,10/04/2026,CUST-130,SKU-1014,WH-04,75,75,100.88,0
700438,1,03/04/2026,06/04/2026,05/04/2026,CUST-112,SKU-1022,WH-04,75,75,11.23,0.125
700438,2,03/04/2026,06/04/2026,05/04/2026,CUST-112,SKU-1022,WH-04,200,200,11.23,0
700438,3,03/04/2026,06/04/2026,05/04/2026,CUST-112,SKU-1003,WH-04,150,150,52.5,0
700439,1,06/04/2026,10/04/2026,09/04/2026,CUST-156,SKU-1011,WH-03,50,50,39.0,0
700440,1,06/04/2026,11/04/2026,11/04/2026,CUST-113,SKU-1016,WH-03,50,50,19.18,0
700440,2,06/04/2026,11/04/2026,11/04/2026,CUST-113,SKU-1016,WH-03,20,20,19.18,0.125
700440,3,06/04/2026,11/04/2026,11/04/2026,CUST-113,SKU-1002,WH-03,100,100,54.08,0.05
700441,1,06/04/2026,11/04/2026,12/04/2026,CUST-101,SKU-1002,WH-04,50,50,54.08,0
700441,2,06/04/2026,11/04/2026,12/04/2026,CUST-101,SKU-1016,WH-04,20,20,19.18,0
700442,1,06/04/2026,09/04/2026,09/04/2026,CUST-137,SKU-1013,WH-04,20,20,75.26,0
700442,2,06/04/2026,09/04/2026,09/04/2026,CUST-137,SKU-1005,WH-04,150,150,77.98,0
700442,3,06/04/2026,09/04/2026,09/04/2026,CUST-137,SKU-1007,WH-04,20,20,66.6,0.125
700442,4,06/04/2026,09/04/2026,09/04/2026,CUST-137,SKU-1010,WH-04,100,100,75.49,0.1
700443,1,06/04/2026,13/04/2026,18/04/2026,CUST-146,SKU-1010,WH-02,200,200,75.49,0
700443,2,06/04/2026,13/04/2026,18/04/2026,CUST-146,SKU-1001,WH-02,50,50,59.63,0.05
700443,3,06/04/2026,13/04/2026,18/04/2026,CUST-146,SKU-1024,WH-02,20,20,68.06,0.125
700443,4,06/04/2026,13/04/2026,18/04/2026,CUST-146,SKU-1024,WH-02,20,20,68.06,0
700444,1,07/04/2026,09/04/2026,09/04/2026,CUST-153,SKU-1004,WH-04,150,90,44.52,0.1
700444,2,07/04/2026,09/04/2026,09/04/2026,CUST-153,SKU-1006,WH-04,75,75,54.97,0.125
700444,3,07/04/2026,09/04/2026,09/04/2026,CUST-153,SKU-1008,WH-04,10,10,12.26,0.1
700445,1,07/04/2026,09/04/2026,08/04/2026,CUST-128,SKU-1018,WH-04,100,100,66.93,0.1
700446,1,07/04/2026,12/04/2026,11/04/2026,CUST-122,SKU-1016,WH-03,75,75,19.18,0.125
700446,2,07/04/2026,12/04/2026,11/04/2026,CUST-122,SKU-1021,WH-03,25,25,50.68,0.125
700446,3,07/04/2026,12/04/2026,11/04/2026,CUST-122,SKU-1019,WH-03,25,25,68.25,0.05
700447,1,07/04/2026,14/04/2026,13/04/2026,CUST-112,SKU-1013,WH-03,150,150,75.26,0
700447,2,07/04/2026,14/04/2026,13/04/2026,CUST-112,SKU-1005,WH-03,75,75,77.98,0
700447,3,07/04/2026,14/04/2026,13/04/2026,CUST-112,SKU-1017,WH-03,75,75,44.62,0.1
700447,4,07/04/2026,14/04/2026,13/04/2026,CUST-112,SKU-1013,WH-03,50,50,75.26,0.05
700448,1,08/04/2026,10/04/2026,12/04/2026,CUST-118,SKU-1010,WH-01,200,200,75.49,0
700448,2,08/04/2026,10/04/2026,12/04/2026,CUST-118,SKU-1020,WH-01,25,25,72.1,0
700448,3,08/04/2026,10/04/2026,12/04/2026,CUST-118,SKU-1007,WH-01,200,200,66.6,0.1
700448,4,08/04/2026,10/04/2026,12/04/2026,CUST-118,SKU-1007,WH-01,75,75,66.6,0
700449,1,08/04/2026,11/04/2026,11/04/2026,CUST-102,SKU-1008,WH-03,10,10,12.26,0
700449,2,08/04/2026,11/04/2026,11/04/2026,CUST-102,SKU-1021,WH-03,50,50,50.68,0
700449,3,08/04/2026,11/04/2026,11/04/2026,CUST-102,SKU-1017,WH-03,200,200,44.62,0
700449,4,08/04/2026,11/04/2026,11/04/2026,CUST-102,SKU-1003,WH-03,100,100,52.5,0.05
700450,1,08/04/2026,11/04/2026,10/04/2026,CUST-102,SKU-1022,WH-03,75,75,11.23,0.1
700450,2,08/04/2026,11/04/2026,10/04/2026,CUST-102,SKU-1019,WH-03,20,20,68.25,0
700450,3,08/04/2026,11/04/2026,10/04/2026,CUST-102,SKU-1022,WH-03,50,50,11.23,0.125
700450,4,08/04/2026,11/04/2026,10/04/2026,CUST-102,SKU-1001,WH-03,25,25,59.63,0.1
700451,1,08/04/2026,15/04/2026,16/04/2026,CUST-127,SKU-1017,WH-02,75,75,44.62,0.125
700451,2,08/04/2026,15/04/2026,16/04/2026,CUST-127,SKU-1020,WH-02,150,150,72.1,0
700451,3,08/04/2026,15/04/2026,16/04/2026,CUST-127,SKU-1012,WH-02,150,150,54.11,0
700452,1,08/04/2026,11/04/2026,11/04/2026,CUST-101,SKU-1023,WH-04,150,150,19.51,0.05
700453,1,09/04/2026,12/04/2026,12/04/2026,CUST-149,SKU-1020,WH-01,25,25,72.1,0.125
700453,2,09/04/2026,12/04/2026,12/04/2026,CUST-149,SKU-1006,WH-01,10,10,54.97,0.1
700453,3,09/04/2026,12/04/2026,12/04/2026,CUST-149,SKU-1014,WH-01,100,100,100.88,0.1
700454,1,09/04/2026,12/04/2026,11/04/2026,CUST-109,SKU-1021,WH-01,200,200,50.68,0
700455,1,09/04/2026,11/04/2026,16/04/2026,CUST-133,SKU-1009,WH-03,100,100,32.15,0
700455,2,09/04/2026,11/04/2026,16/04/2026,CUST-133,SKU-1023,WH-03,150,150,19.51,0.125
700455,3,09/04/2026,11/04/2026,16/04/2026,CUST-133,SKU-1023,WH-03,100,100,19.51,0.125
700456,1,09/04/2026,14/04/2026,15/04/2026,CUST-133,SKU-1024,WH-01,20,20,68.06,0.125
700456,2,09/04/2026,14/04/2026,15/04/2026,CUST-133,SKU-1001,WH-01,200,200,59.63,0
700457,1,09/04/2026,12/04/2026,14/04/2026,CUST-152,SKU-1012,WH-02,150,150,54.11,0
700458,1,09/04/2026,12/04/2026,14/04/2026,CUST-131,SKU-1014,WH-03,20,20,100.88,0
700458,2,09/04/2026,12/04/2026,14/04/2026,CUST-131,SKU-1007,WH-03,75,75,66.6,0.125
700459,1,09/04/2026,11/04/2026,16/04/2026,CUST-141,SKU-1023,WH-04,50,40,19.51,0.125
700459,2,09/04/2026,11/04/2026,16/04/2026,CUST-141,SKU-1016,WH-04,75,75,19.18,0.1
700459,3,09/04/2026,11/04/2026,16/04/2026,CUST-141,SKU-1012,WH-04,150,150,54.11,0
700459,4,09/04/2026,11/04/2026,16/04/2026,CUST-141,SKU-1009,WH-04,200,200,32.15,0
700460,1,09/04/2026,14/04/2026,14/04/2026,CUST-125,SKU-1020,WH-01,25,25,72.1,0
700461,1,09/04/2026,11/04/2026,10/04/2026,CUST-148,SKU-1017,WH-01,50,50,44.62,0.05
700462,1,10/04/2026,17/04/2026,16/04/2026,CUST-110,SKU-1012,WH-01,50,50,54.11,0.1
700463,1,10/04/2026,12/04/2026,11/04/2026,CUST-111,SKU-1007,WH-01,150,150,66.6,0.05
700463,2,10/04/2026,12/04/2026,11/04/2026,CUST-111,SKU-1002,WH-01,200,200,54.08,0
700463,3,10/04/2026,12/04/2026,11/04/2026,CUST-111,SKU-1021,WH-01,75,75,50.68,0.1
700464,1,10/04/2026,13/04/2026,13/04/2026,CUST-155,SKU-1011,WH-04,75,75,39.0,0.1
700464,2,10/04/2026,13/04/2026,13/04/2026,CUST-155,SKU-1012,WH-04,100,100,54.11,0.125
700465,1,10/04/2026,13/04/2026,15/04/2026,CUST-146,SKU-1014,WH-01,50,50,100.88,0.1
700466,1,10/04/2026,14/04/2026,13/04/2026,CUST-142,SKU-1022,WH-01,25,25,11.23,0.125
700467,1,13/04/2026,17/04/2026,19/04/2026,CUST-140,SKU-1008,WH-04,75,75,12.26,0
700467,2,13/04/2026,17/04/2026,19/04/2026,CUST-140,SKU-1009,WH-04,20,20,32.15,0
700467,3,13/04/2026,17/04/2026,19/04/2026,CUST-140,SKU-1019,WH-04,25,25,68.25,0
700467,4,13/04/2026,17/04/2026,19/04/2026,CUST-140,SKU-1011,WH-04,20,20,39.0,0
700468,1,13/04/2026,16/04/2026,16/04/2026,CUST-142,SKU-1013,WH-01,200,200,75.26,0.125
700468,2,13/04/2026,16/04/2026,16/04/2026,CUST-142,SKU-1014,WH-01,20,20,100.88,0.125
700468,3,13/04/2026,16/04/2026,16/04/2026,CUST-142,SKU-1012,WH-01,25,10,54.11,0
700469,1,13/04/2026,15/04/2026,14/04/2026,CUST-101,SKU-1024,WH-01,200,200,68.06,0
700469,2,13/04/2026,15/04/2026,14/04/2026,CUST-101,SKU-1009,WH-01,100,100,32.15,0
700469,3,13/04/2026,15/04/2026,14/04/2026,CUST-101,SKU-1019,WH-01,10,4,68.25,0.125
700470,1,13/04/2026,16/04/2026,15/04/2026,CUST-106,SKU-1015,WH-03,100,100,27.45,0
700471,1,13/04/2026,15/04/2026,15/04/2026,CUST-129,SKU-1002,WH-04,150,150,54.08,0
700472,1,13/04/2026,16/04/2026,15/04/2026,CUST-107,SKU-1018,WH-04,50,50,66.93,0
700473,1,14/04/2026,18/04/2026,18/04/2026,CUST-156,SKU-1014,WH-04,50,50,100.88,0.125
700474,1,14/04/2026,19/04/2026,18/04/2026,CUST-113,SKU-1016,WH-02,25,25,19.18,0
700475,1,14/04/2026,16/04/2026,15/04/2026,CUST-123,SKU-1017,WH-02,75,75,44.62,0
700475,2,14/04/2026,16/04/2026,15/04/2026,CUST-123,SKU-1005,WH-02,50,50,77.98,0
700475,3,14/04/2026,16/04/2026,15/04/2026,CUST-123,SKU-1022,WH-02,75,75,11.23,0.125
700475,4,14/04/2026,16/04/2026,15/04/2026,CUST-123,SKU-1001,WH-02,150,150,59.63,0
700476,1,14/04/2026,18/04/2026,20/04/2026,CUST-139,SKU-1016,WH-01,75,75,19.18,0
700476,2,14/04/2026,18/04/2026,20/04/2026,CUST-139,SKU-1011,WH-01,200,200,39.0,0.1
700476,3,14/04/2026,18/04/2026,20/04/2026,CUST-139,SKU-1016,WH-01,150,150,19.18,0.1
700476,4,14/04/2026,18/04/2026,20/04/2026,CUST-139,SKU-1011,WH-01,150,150,39.0,0.1
700477,1,14/04/2026,17/04/2026,19/04/2026,CUST-104,SKU-1023,WH-02,150,150,19.51,0
700477,2,14/04/2026,17/04/2026,19/04/2026,CUST-104,SKU-1010,WH-02,20,20,75.49,0.05
700478,1,14/04/2026,17/04/2026,17/04/2026,CUST-149,SKU-1003,WH-02,200,200,52.5,0.1
700478,2,14/04/2026,17/04/2026,17/04/2026,CUST-149,SKU-1013,WH-02,75,75,75.26,0.05
700478,3,14/04/2026,17/04/2026,17/04/2026,CUST-149,SKU-1002,WH-02,50,50,54.08,0.1
700479,1,15/04/2026,18/04/2026,20/04/2026,CUST-123,SKU-1019,WH-02,150,150,68.25,0.125
700479,2,15/04/2026,18/04/2026,20/04/2026,CUST-123,SKU-1024,WH-02,10,10,68.06,0.05
700480,1,15/04/2026,20/04/2026,19/04/2026,CUST-114,SKU-1022,WH-01,25,25,11.23,0.1
700481,1,15/04/2026,22/04/2026,21/04/2026,CUST-141,SKU-1002,WH-04,200,200,54.08,0.1
700481,2,15/04/2026,22/04/2026,21/04/2026,CUST-141,SKU-1024,WH-04,200,200,68.06,0.1
700481,3,15/04/2026,22/04/2026,21/04/2026,CUST-141,SKU-1003,WH-04,75,75,52.5,0
700482,1,15/04/2026,18/04/2026,17/04/2026,CUST-107,SKU-1024,WH-02,200,200,68.06,0.1
700483,1,15/04/2026,18/04/2026,18/04/2026,CUST-121,SKU-1016,WH-02,10,10,19.18,0.1
700483,2,15/04/2026,18/04/2026,18/04/2026,CUST-121,SKU-1002,WH-02,150,150,54.08,0
700483,3,15/04/2026,18/04/2026,18/04/2026,CUST-121,SKU-1009,WH-02,50,50,32.15,0.125
700484,1,15/04/2026,18/04/2026,20/04/2026,CUST-144,SKU-1013,WH-02,75,75,75.26,0
700485,1,16/04/2026,21/04/2026,20/04/2026,CUST-127,SKU-1007,WH-03,100,100,66.6,0
700485,2,16/04/2026,21/04/2026,20/04/2026,CUST-127,SKU-1014,WH-03,200,200,100.88,0.125
700486,1,16/04/2026,23/04/2026,28/04/2026,CUST-138,SKU-1006,WH-03,10,10,54.97,0.125
700486,2,16/04/2026,23/04/2026,28/04/2026,CUST-138,SKU-1008,WH-03,100,100,12.26,0
700487,1,16/04/2026,23/04/2026,23/04/2026,CUST-154,SKU-1015,WH-02,20,20,27.45,0
700487,2,16/04/2026,23/04/2026,23/04/2026,CUST-154,SKU-1024,WH-02,200,200,68.06,0
700487,3,16/04/2026,23/04/2026,23/04/2026,CUST-154,SKU-1006,WH-02,50,50,54.97,0.1
700488,1,16/04/2026,18/04/2026,17/04/2026,CUST-155,SKU-1007,WH-02,50,50,66.6,0
700488,2,16/04/2026,18/04/2026,17/04/2026,CUST-155,SKU-1007,WH-02,10,10,66.6,0.05
700489,1,16/04/2026,21/04/2026,22/04/2026,CUST-115,SKU-1016,WH-01,10,10,19.18,0
700489,2,16/04/2026,21/04/2026,22/04/2026,CUST-115,SKU-1008,WH-01,200,200,12.26,0.1
700490,1,16/04/2026,23/04/2026,23/04/2026,CUST-108,SKU-1010,WH-02,200,120,75.49,0.05
700490,2,16/04/2026,23/04/2026,23/04/2026,CUST-108,SKU-1012,WH-02,75,45,54.11,0
700490,3,16/04/2026,23/04/2026,23/04/2026,CUST-108,SKU-1003,WH-02,100,100,52.5,0.125
700490,4,16/04/2026,23/04/2026,23/04/2026,CUST-108,SKU-1015,WH-02,20,20,27.45,0.125
700491,1,16/04/2026,19/04/2026,24/04/2026,CUST-110,SKU-1013,WH-02,20,20,75.26,0.1
700491,2,16/04/2026,19/04/2026,24/04/2026,CUST-110,SKU-1001,WH-02,200,160,59.63,0
700491,3,16/04/2026,19/04/2026,24/04/2026,CUST-110,SKU-1009,WH-02,75,75,32.15,0
700492,1,17/04/2026,19/04/2026,20/04/2026,CUST-156,SKU-1024,WH-02,25,25,68.06,0
700493,1,17/04/2026,20/04/2026,19/04/2026,CUST-131,SKU-1009,WH-03,75,75,32.15,0.1
700493,2,17/04/2026,20/04/2026,19/04/2026,CUST-131,SKU-1024,WH-03,10,10,68.06,0
700494,1,17/04/2026,24/04/2026,25/04/2026,CUST-104,SKU-1011,WH-02,100,100,39.0,0.1
700494,2,17/04/2026,24/04/2026,25/04/2026,CUST-104,SKU-1017,WH-02,75,75,44.62,0.125
700495,1,17/04/2026,22/04/2026,21/04/2026,CUST-117,SKU-1003,WH-04,50,20,52.5,0.05
700495,2,17/04/2026,22/04/2026,21/04/2026,CUST-117,SKU-1014,WH-04,20,20,100.88,0.05
700495,3,17/04/2026,22/04/2026,21/04/2026,CUST-117,SKU-1023,WH-04,20,20,19.51,0
700495,4,17/04/2026,22/04/2026,21/04/2026,CUST-117,SKU-1014,WH-04,150,120,100.88,0
700496,1,17/04/2026,20/04/2026,20/04/2026,CUST-147,SKU-1015,WH-04,10,4,27.45,0.125
700496,2,17/04/2026,20/04/2026,20/04/2026,CUST-147,SKU-1019,WH-04,10,10,68.25,0.1
700496,3,17/04/2026,20/04/2026,20/04/2026,CUST-147,SKU-1022,WH-04,150,150,11.23,0.05
700497,1,17/04/2026,22/04/2026,23/04/2026,CUST-156,SKU-1013,WH-03,50,50,75.26,0
700497,2,17/04/2026,22/04/2026,23/04/2026,CUST-156,SKU-1003,WH-03,20,20,52.5,0
700498,1,17/04/2026,20/04/2026,20/04/2026,CUST-160,SKU-1008,WH-03,10,10,12.26,0.125
700498,2,17/04/2026,20/04/2026,20/04/2026,CUST-160,SKU-1021,WH-03,20,20,50.68,0.125
700498,3,17/04/2026,20/04/2026,20/04/2026,CUST-160,SKU-1023,WH-03,25,25,19.51,0
700498,4,17/04/2026,20/04/2026,20/04/2026,CUST-160,SKU-1020,WH-03,200,200,72.1,0
700499,1,17/04/2026,19/04/2026,18/04/2026,CUST-129,SKU-1001,WH-02,100,100,59.63,0.05
700499,2,17/04/2026,19/04/2026,18/04/2026,CUST-129,SKU-1008,WH-02,75,75,12.26,0.125
700499,3,17/04/2026,19/04/2026,18/04/2026,CUST-129,SKU-1014,WH-02,75,75,100.88,0.125
700500,1,20/04/2026,25/04/2026,25/04/2026,CUST-126,SKU-1023,WH-04,25,25,19.51,0.125
700500,2,20/04/2026,25/04/2026,25/04/2026,CUST-126,SKU-1001,WH-04,10,10,59.63,0.1
700501,1,20/04/2026,23/04/2026,22/04/2026,CUST-147,SKU-1017,WH-03,75,75,44.62,0
700501,2,20/04/2026,23/04/2026,22/04/2026,CUST-147,SKU-1007,WH-03,25,25,66.6,0.125
700501,3,20/04/2026,23/04/2026,22/04/2026,CUST-147,SKU-1018,WH-03,10,10,66.93,0
700501,4,20/04/2026,23/04/2026,22/04/2026,CUST-147,SKU-1020,WH-03,20,20,72.1,0.1
700502,1,20/04/2026,27/04/2026,27/04/2026,CUST-120,SKU-1024,WH-01,25,25,68.06,0.125
700502,2,20/04/2026,27/04/2026,27/04/2026,CUST-120,SKU-1005,WH-01,100,100,77.98,0
700502,3,20/04/2026,27/04/2026,27/04/2026,CUST-120,SKU-1009,WH-01,25,25,32.15,0.125
700503,1,20/04/2026,25/04/2026,25/04/2026,CUST-110,SKU-1015,WH-03,100,100,27.45,0.125
700503,2,20/04/2026,25/04/2026,25/04/2026,CUST-110,SKU-1024,WH-03,150,150,68.06,0.05
700504,1,21/04/2026,24/04/2026,29/04/2026,CUST-108,SKU-1004,WH-02,150,150,44.52,0
700504,2,21/04/2026,24/04/2026,29/04/2026,CUST-108,SKU-1005,WH-02,10,10,77.98,0.05
700505,1,21/04/2026,24/04/2026,29/04/2026,CUST-125,SKU-1013,WH-03,75,60,75.26,0.05
700505,2,21/04/2026,24/04/2026,29/04/2026,CUST-125,SKU-1023,WH-03,75,75,19.51,0.05
700506,1,21/04/2026,28/04/2026,28/04/2026,CUST-109,SKU-1024,WH-04,150,150,68.06,0
700507,1,21/04/2026,28/04/2026,27/04/2026,CUST-136,SKU-1006,WH-03,100,80,54.97,0.125
700507,2,21/04/2026,28/04/2026,27/04/2026,CUST-136,SKU-1020,WH-03,20,20,72.1,0
700507,3,21/04/2026,28/04/2026,27/04/2026,CUST-136,SKU-1017,WH-03,25,25,44.62,0
700507,4,21/04/2026,28/04/2026,27/04/2026,CUST-136,SKU-1023,WH-03,10,10,19.51,0.1
700508,1,21/04/2026,28/04/2026,27/04/2026,CUST-124,SKU-1024,WH-04,100,100,68.06,0
700508,2,21/04/2026,28/04/2026,27/04/2026,CUST-124,SKU-1006,WH-04,75,75,54.97,0
700509,1,21/04/2026,24/04/2026,23/04/2026,CUST-111,SKU-1011,WH-04,10,10,39.0,0.1
700510,1,21/04/2026,26/04/2026,28/04/2026,CUST-126,SKU-1019,WH-01,25,25,68.25,0.1
700510,2,21/04/2026,26/04/2026,28/04/2026,CUST-126,SKU-1005,WH-01,200,200,77.98,0.1
700510,3,21/04/2026,26/04/2026,28/04/2026,CUST-126,SKU-1011,WH-01,100,100,39.0,0.1
700510,4,21/04/2026,26/04/2026,28/04/2026,CUST-126,SKU-1018,WH-01,150,150,66.93,0
700511,1,22/04/2026,29/04/2026,28/04/2026,CUST-151,SKU-1020,WH-03,75,75,72.1,0.05
700511,2,22/04/2026,29/04/2026,28/04/2026,CUST-151,SKU-1022,WH-03,25,25,11.23,0
700511,3,22/04/2026,29/04/2026,28/04/2026,CUST-151,SKU-1003,WH-03,200,180,52.5,0.05
700512,1,22/04/2026,25/04/2026,27/04/2026,CUST-102,SKU-1016,WH-04,200,80,19.18,0.1
700512,2,22/04/2026,25/04/2026,27/04/2026,CUST-102,SKU-1020,WH-04,100,100,72.1,0
700513,1,22/04/2026,26/04/2026,25/04/2026,CUST-132,SKU-1020,WH-02,25,22,72.1,0
700513,2,22/04/2026,26/04/2026,25/04/2026,CUST-132,SKU-1007,WH-02,25,15,66.6,0.125
700513,3,22/04/2026,26/04/2026,25/04/2026,CUST-132,SKU-1022,WH-02,25,25,11.23,0.05
700513,4,22/04/2026,26/04/2026,25/04/2026,CUST-132,SKU-1001,WH-02,10,10,59.63,0
700514,1,22/04/2026,25/04/2026,24/04/2026,CUST-149,SKU-1010,WH-02,20,20,75.49,0.125
700514,2,22/04/2026,25/04/2026,24/04/2026,CUST-149,SKU-1019,WH-02,100,100,68.25,0
700515,1,22/04/2026,25/04/2026,24/04/2026,CUST-141,SKU-1012,WH-02,25,25,54.11,0
700515,2,22/04/2026,25/04/2026,24/04/2026,CUST-141,SKU-1001,WH-02,200,160,59.63,0
700515,3,22/04/2026,25/04/2026,24/04/2026,CUST-141,SKU-1005,WH-02,75,75,77.98,0
700515,4,22/04/2026,25/04/2026,24/04/2026,CUST-141,SKU-1020,WH-02,25,25,72.1,0
700516,1,22/04/2026,29/04/2026,29/04/2026,CUST-133,SKU-1022,WH-04,25,25,11.23,0.125
700517,1,22/04/2026,24/04/2026,29/04/2026,CUST-132,SKU-1016,WH-02,200,200,19.18,0
700517,2,22/04/2026,24/04/2026,29/04/2026,CUST-132,SKU-1001,WH-02,200,200,59.63,0.05
700517,3,22/04/2026,24/04/2026,29/04/2026,CUST-132,SKU-1002,WH-02,25,25,54.08,0
700518,1,22/04/2026,26/04/2026,01/05/2026,CUST-109,SKU-1022,WH-02,150,150,11.23,0.05
700518,2,22/04/2026,26/04/2026,01/05/2026,CUST-109,SKU-1020,WH-02,10,10,72.1,0.05
700518,3,22/04/2026,26/04/2026,01/05/2026,CUST-109,SKU-1019,WH-02,200,200,68.25,0
700519,1,23/04/2026,26/04/2026,25/04/2026,CUST-112,SKU-1021,WH-04,10,10,50.68,0.1
700519,2,23/04/2026,26/04/2026,25/04/2026,CUST-112,SKU-1005,WH-04,25,25,77.98,0.05
700520,1,23/04/2026,27/04/2026,27/04/2026,CUST-103,SKU-1013,WH-01,150,150,75.26,0
700521,1,23/04/2026,26/04/2026,28/04/2026,CUST-112,SKU-1002,WH-03,150,150,54.08,0
700521,2,23/04/2026,26/04/2026,28/04/2026,CUST-112,SKU-1003,WH-03,10,10,52.5,0.05
700522,1,23/04/2026,26/04/2026,25/04/2026,CUST-143,SKU-1016,WH-01,150,150,19.18,0
700522,2,23/04/2026,26/04/2026,25/04/2026,CUST-143,SKU-1012,WH-01,25,25,54.11,0.125
700522,3,23/04/2026,26/04/2026,25/04/2026,CUST-143,SKU-1017,WH-01,50,50,44.62,0
700522,4,23/04/2026,26/04/2026,25/04/2026,CUST-143,SKU-1013,WH-01,75,75,75.26,0.05
700523,1,23/04/2026,26/04/2026,26/04/2026,CUST-157,SKU-1017,WH-03,150,150,44.62,0.05
700524,1,23/04/2026,30/04/2026,29/04/2026,CUST-138,SKU-1002,WH-04,150,150,54.08,0
700524,2,23/04/2026,30/04/2026,29/04/2026,CUST-138,SKU-1005,WH-04,150,150,77.98,0
700525,1,23/04/2026,27/04/2026,27/04/2026,CUST-156,SKU-1001,WH-03,75,75,59.63,0
700526,1,23/04/2026,30/04/2026,29/04/2026,CUST-156,SKU-1021,WH-03,25,15,50.68,0.1
700527,1,24/04/2026,29/04/2026,28/04/2026,CUST-145,SKU-1023,WH-04,100,100,19.51,0.05
700528,1,24/04/2026,27/04/2026,26/04/2026,CUST-155,SKU-1019,WH-01,20,20,68.25,0.1
700528,2,24/04/2026,27/04/2026,26/04/2026,CUST-155,SKU-1015,WH-01,200,200,27.45,0.1
700529,1,24/04/2026,27/04/2026,26/04/2026,CUST-148,SKU-1011,WH-03,200,200,39.0,0.05
700529,2,24/04/2026,27/04/2026,26/04/2026,CUST-148,SKU-1004,WH-03,200,200,44.52,0.1
700530,1,24/04/2026,26/04/2026,25/04/2026,CUST-117,SKU-1012,WH-01,200,200,54.11,0
700530,2,24/04/2026,26/04/2026,25/04/2026,CUST-117,SKU-1009,WH-01,200,200,32.15,0.125
700531,1,24/04/2026,28/04/2026,28/04/2026,CUST-145,SKU-1011,WH-02,150,150,39.0,0
700531,2,24/04/2026,28/04/2026,28/04/2026,CUST-145,SKU-1015,WH-02,100,40,27.45,0
700531,3,24/04/2026,28/04/2026,28/04/2026,CUST-145,SKU-1009,WH-02,150,90,32.15,0.05
700532,1,24/04/2026,29/04/2026,28/04/2026,CUST-129,SKU-1015,WH-04,10,10,27.45,0
700532,2,24/04/2026,29/04/2026,28/04/2026,CUST-129,SKU-1018,WH-04,75,75,66.93,0.125
700533,1,24/04/2026,28/04/2026,29/04/2026,CUST-134,SKU-1009,WH-01,25,25,32.15,0
700534,1,27/04/2026,30/04/2026,29/04/2026,CUST-141,SKU-1014,WH-02,75,75,100.88,0
700534,2,27/04/2026,30/04/2026,29/04/2026,CUST-141,SKU-1001,WH-02,75,75,59.63,0.1
700534,3,27/04/2026,30/04/2026,29/04/2026,CUST-141,SKU-1007,WH-02,150,150,66.6,0.05
700535,1,27/04/2026,30/04/2026,29/04/2026,CUST-160,SKU-1023,WH-04,150,120,19.51,0.05
700536,1,27/04/2026,30/04/2026,01/05/2026,CUST-102,SKU-1003,WH-02,25,25,52.5,0.1
700536,2,27/04/2026,30/04/2026,01/05/2026,CUST-102,SKU-1020,WH-02,200,200,72.1,0.125
700537,1,27/04/2026,02/05/2026,01/05/2026,CUST-108,SKU-1024,WH-01,100,100,68.06,0
700538,1,27/04/2026,01/05/2026,02/05/2026,CUST-130,SKU-1023,WH-01,20,20,19.51,0
700538,2,27/04/2026,01/05/2026,02/05/2026,CUST-130,SKU-1022,WH-01,200,200,11.23,0.1
700539,1,27/04/2026,30/04/2026,30/04/2026,CUST-139,SKU-1003,WH-02,150,150,52.5,0
700539,2,27/04/2026,30/04/2026,30/04/2026,CUST-139,SKU-1003,WH-02,25,25,52.5,0
700540,1,27/04/2026,02/05/2026,02/05/2026,CUST-144,SKU-1019,WH-04,25,25,68.25,0.05
700540,2,27/04/2026,02/05/2026,02/05/2026,CUST-144,SKU-1022,WH-04,100,100,11.23,0.05
700540,3,27/04/2026,02/05/2026,02/05/2026,CUST-144,SKU-1015,WH-04,200,180,27.45,0
700541,1,27/04/2026,04/05/2026,03/05/2026,CUST-114,SKU-1009,WH-01,50,50,32.15,0.05
700541,2,27/04/2026,04/05/2026,03/05/2026,CUST-114,SKU-1011,WH-01,10,10,39.0,0.1
700542,1,28/04/2026,01/05/2026,06/05/2026,CUST-147,SKU-1019,WH-03,50,50,68.25,0
700543,1,28/04/2026,03/05/2026,02/05/2026,CUST-139,SKU-1011,WH-03,25,20,39.0,0.1
700543,2,28/04/2026,03/05/2026,02/05/2026,CUST-139,SKU-1003,WH-03,75,75,52.5,0
700543,3,28/04/2026,03/05/2026,02/05/2026,CUST-139,SKU-1002,WH-03,200,200,54.08,0
700543,4,28/04/2026,03/05/2026,02/05/2026,CUST-139,SKU-1013,WH-03,200,200,75.26,0
700544,1,28/04/2026,03/05/2026,05/05/2026,CUST-113,SKU-1018,WH-01,20,20,66.93,0.125
700544,2,28/04/2026,03/05/2026,05/05/2026,CUST-113,SKU-1023,WH-01,20,20,19.51,0
700545,1,28/04/2026,30/04/2026,29/04/2026,CUST-113,SKU-1007,WH-02,50,50,66.6,0
700545,2,28/04/2026,30/04/2026,29/04/2026,CUST-113,SKU-1006,WH-02,200,200,54.97,0
700545,3,28/04/2026,30/04/2026,29/04/2026,CUST-113,SKU-1017,WH-02,20,20,44.62,0.1
700546,1,28/04/2026,30/04/2026,30/04/2026,CUST-143,SKU-1016,WH-04,20,20,19.18,0.1
700547,1,29/04/2026,01/05/2026,01/05/2026,CUST-124,SKU-1019,WH-04,10,10,68.25,0
700548,1,29/04/2026,04/05/2026,09/05/2026,CUST-109,SKU-1019,WH-02,25,15,68.25,0.1
700548,2,29/04/2026,04/05/2026,09/05/2026,CUST-109,SKU-1015,WH-02,25,20,27.45,0.125
700548,3,29/04/2026,04/05/2026,09/05/2026,CUST-109,SKU-1015,WH-02,100,100,27.45,0.1
700549,1,29/04/2026,02/05/2026,04/05/2026,CUST-113,SKU-1013,WH-04,50,50,75.26,0.05
700549,2,29/04/2026,02/05/2026,04/05/2026,CUST-113,SKU-1008,WH-04,10,10,12.26,0.05
700549,3,29/04/2026,02/05/2026,04/05/2026,CUST-113,SKU-1011,WH-04,100,100,39.0,0
700549,4,29/04/2026,02/05/2026,04/05/2026,CUST-113,SKU-1023,WH-04,200,200,19.51,0
700550,1,29/04/2026,04/05/2026,05/05/2026,CUST-157,SKU-1006,WH-02,150,150,54.97,0.1
700551,1,29/04/2026,02/05/2026,01/05/2026,CUST-121,SKU-1013,WH-03,200,200,75.26,0
700551,2,29/04/2026,02/05/2026,01/05/2026,CUST-121,SKU-1019,WH-03,25,25,68.25,0
700551,3,29/04/2026,02/05/2026,01/05/2026,CUST-121,SKU-1010,WH-03,10,10,75.49,0.1
700552,1,30/04/2026,03/05/2026,03/05/2026,CUST-116,SKU-1013,WH-01,75,75,75.26,0
700553,1,30/04/2026,04/05/2026,03/05/2026,CUST-102,SKU-1020,WH-04,20,20,72.1,0
700554,1,30/04/2026,07/05/2026,12/05/2026,CUST-148,SKU-1015,WH-04,10,10,27.45,0
700554,2,30/04/2026,07/05/2026,12/05/2026,CUST-148,SKU-1013,WH-04,10,10,75.26,0.125
700555,1,30/04/2026,03/05/2026,02/05/2026,CUST-105,SKU-1017,WH-04,50,40,44.62,0
700556,1,30/04/2026,03/05/2026,02/05/2026,CUST-120,SKU-1019,WH-01,75,75,68.25,0
700556,2,30/04/2026,03/05/2026,02/05/2026,CUST-120,SKU-1013,WH-01,150,150,75.26,0
700556,3,30/04/2026,03/05/2026,02/05/2026,CUST-120,SKU-1013,WH-01,20,20,75.26,0
700557,1,30/04/2026,04/05/2026,03/05/2026,CUST-145,SKU-1004,WH-02,200,160,44.52,0.1
700558,1,01/05/2026,03/05/2026,02/05/2026,CUST-143,SKU-1017,WH-02,50,50,44.62,0
700558,2,01/05/2026,03/05/2026,02/05/2026,CUST-143,SKU-1017,WH-02,10,10,44.62,0.125
700558,3,01/05/2026,03/05/2026,02/05/2026,CUST-143,SKU-1006,WH-02,20,20,54.97,0.125
700559,1,01/05/2026,04/05/2026,03/05/2026,CUST-139,SKU-1010,WH-04,100,100,75.49,0
700560,1,01/05/2026,04/05/2026,09/05/2026,CUST-112,SKU-1002,WH-03,10,8,54.08,0.125
700560,2,01/05/2026,04/05/2026,09/05/2026,CUST-112,SKU-1021,WH-03,150,150,50.68,0
700560,3,01/05/2026,04/05/2026,09/05/2026,CUST-112,SKU-1004,WH-03,20,8,44.52,0.05
700561,1,01/05/2026,04/05/2026,05/05/2026,CUST-146,SKU-1006,WH-01,75,75,54.97,0
700561,2,01/05/2026,04/05/2026,05/05/2026,CUST-146,SKU-1016,WH-01,10,10,19.18,0.125
700562,1,01/05/2026,04/05/2026,03/05/2026,CUST-134,SKU-1024,WH-02,10,10,68.06,0
700562,2,01/05/2026,04/05/2026,03/05/2026,CUST-134,SKU-1018,WH-02,75,75,66.93,0
700562,3,01/05/2026,04/05/2026,03/05/2026,CUST-134,SKU-1022,WH-02,150,150,11.23,0.1
700562,4,01/05/2026,04/05/2026,03/05/2026,CUST-134,SKU-1018,WH-02,20,20,66.93,0.1
700563,1,01/05/2026,08/05/2026,09/05/2026,CUST-142,SKU-1002,WH-04,75,30,54.08,0.05
700563,2,01/05/2026,08/05/2026,09/05/2026,CUST-142,SKU-1006,WH-04,25,25,54.97,0.05
700563,3,01/05/2026,08/05/2026,09/05/2026,CUST-142,SKU-1016,WH-04,10,10,19.18,0
700563,4,01/05/2026,08/05/2026,09/05/2026,CUST-142,SKU-1021,WH-04,10,10,50.68,0.05
700564,1,01/05/2026,04/05/2026,03/05/2026,CUST-154,SKU-1021,WH-03,50,50,50.68,0.1
700565,1,01/05/2026,04/05/2026,03/05/2026,CUST-121,SKU-1011,WH-02,50,45,39.0,0
700565,2,01/05/2026,04/05/2026,03/05/2026,CUST-121,SKU-1015,WH-02,150,150,27.45,0.1
700565,3,01/05/2026,04/05/2026,03/05/2026,CUST-121,SKU-1002,WH-02,25,25,54.08,0
700566,1,04/05/2026,09/05/2026,08/05/2026,CUST-119,SKU-1014,WH-03,25,25,100.88,0.1
700566,2,04/05/2026,09/05/2026,08/05/2026,CUST-119,SKU-1014,WH-03,20,20,100.88,0.05
700566,3,04/05/2026,09/05/2026,08/05/2026,CUST-119,SKU-1024,WH-03,25,25,68.06,0
700567,1,04/05/2026,08/05/2026,07/05/2026,CUST-117,SKU-1014,WH-02,150,150,100.88,0.125
700568,1,04/05/2026,07/05/2026,06/05/2026,CUST-142,SKU-1011,WH-04,100,100,39.0,0
700568,2,04/05/2026,07/05/2026,06/05/2026,CUST-142,SKU-1008,WH-04,20,12,12.26,0.05
700569,1,04/05/2026,11/05/2026,13/05/2026,CUST-153,SKU-1015,WH-02,200,200,27.45,0
700570,1,04/05/2026,09/05/2026,09/05/2026,CUST-125,SKU-1008,WH-01,150,90,12.26,0
700570,2,04/05/2026,09/05/2026,09/05/2026,CUST-125,SKU-1008,WH-01,150,150,12.26,0.125
700571,1,04/05/2026,08/05/2026,08/05/2026,CUST-144,SKU-1019,WH-04,150,150,68.25,0.1
700572,1,04/05/2026,07/05/2026,06/05/2026,CUST-140,SKU-1001,WH-02,200,200,59.63,0
700573,1,05/05/2026,09/05/2026,11/05/2026,CUST-129,SKU-1007,WH-02,25,25,66.6,0
700573,2,05/05/2026,09/05/2026,11/05/2026,CUST-129,SKU-1013,WH-02,100,100,75.26,0.1
700574,1,05/05/2026,08/05/2026,07/05/2026,CUST-160,SKU-1021,WH-01,100,100,50.68,0
700574,2,05/05/2026,08/05/2026,07/05/2026,CUST-160,SKU-1005,WH-01,20,20,77.98,0.125
700575,1,05/05/2026,09/05/2026,08/05/2026,CUST-137,SKU-1015,WH-01,150,150,27.45,0
700575,2,05/05/2026,09/05/2026,08/05/2026,CUST-137,SKU-1006,WH-01,10,10,54.97,0.05
700575,3,05/05/2026,09/05/2026,08/05/2026,CUST-137,SKU-1013,WH-01,25,25,75.26,0.05
700576,1,05/05/2026,09/05/2026,09/05/2026,CUST-119,SKU-1006,WH-04,10,10,54.97,0
700577,1,05/05/2026,12/05/2026,13/05/2026,CUST-109,SKU-1005,WH-01,100,100,77.98,0.05
700577,2,05/05/2026,12/05/2026,13/05/2026,CUST-109,SKU-1024,WH-01,150,150,68.06,0
700577,3,05/05/2026,12/05/2026,13/05/2026,CUST-109,SKU-1021,WH-01,25,25,50.68,0
700577,4,05/05/2026,12/05/2026,13/05/2026,CUST-109,SKU-1022,WH-01,200,200,11.23,0
700578,1,05/05/2026,08/05/2026,08/05/2026,CUST-143,SKU-1012,WH-03,20,12,54.11,0.05
700579,1,05/05/2026,10/05/2026,12/05/2026,CUST-154,SKU-1007,WH-04,20,20,66.6,0.1
700580,1,05/05/2026,07/05/2026,06/05/2026,CUST-160,SKU-1003,WH-03,100,100,52.5,0.1
700580,2,05/05/2026,07/05/2026,06/05/2026,CUST-160,SKU-1009,WH-03,10,10,32.15,0
700580,3,05/05/2026,07/05/2026,06/05/2026,CUST-160,SKU-1022,WH-03,200,200,11.23,0.125
700580,4,05/05/2026,07/05/2026,06/05/2026,CUST-160,SKU-1017,WH-03,50,50,44.62,0
700581,1,05/05/2026,12/05/2026,17/05/2026,CUST-118,SKU-1006,WH-02,75,75,54.97,0
700581,2,05/05/2026,12/05/2026,17/05/2026,CUST-118,SKU-1003,WH-02,25,25,52.5,0
700581,3,05/05/2026,12/05/2026,17/05/2026,CUST-118,SKU-1004,WH-02,200,200,44.52,0.125
700581,4,05/05/2026,12/05/2026,17/05/2026,CUST-118,SKU-1016,WH-02,50,20,19.18,0.1
700582,1,06/05/2026,09/05/2026,08/05/2026,CUST-138,SKU-1023,WH-01,75,45,19.51,0
700582,2,06/05/2026,09/05/2026,08/05/2026,CUST-138,SKU-1021,WH-01,20,20,50.68,0
700582,3,06/05/2026,09/05/2026,08/05/2026,CUST-138,SKU-1015,WH-01,50,50,27.45,0.1
700582,4,06/05/2026,09/05/2026,08/05/2026,CUST-138,SKU-1016,WH-01,75,75,19.18,0.125
700583,1,06/05/2026,09/05/2026,09/05/2026,CUST-143,SKU-1012,WH-01,75,75,54.11,0
700583,2,06/05/2026,09/05/2026,09/05/2026,CUST-143,SKU-1008,WH-01,10,10,12.26,0
700583,3,06/05/2026,09/05/2026,09/05/2026,CUST-143,SKU-1011,WH-01,20,20,39.0,0
700583,4,06/05/2026,09/05/2026,09/05/2026,CUST-143,SKU-1009,WH-01,100,100,32.15,0.05
700584,1,06/05/2026,09/05/2026,08/05/2026,CUST-152,SKU-1002,WH-04,25,20,54.08,0.125
700584,2,06/05/2026,09/05/2026,08/05/2026,CUST-152,SKU-1020,WH-04,200,200,72.1,0
700584,3,06/05/2026,09/05/2026,08/05/2026,CUST-152,SKU-1016,WH-04,75,75,19.18,0.05
700584,4,06/05/2026,09/05/2026,08/05/2026,CUST-152,SKU-1011,WH-04,20,8,39.0,0.125
700585,1,06/05/2026,09/05/2026,09/05/2026,CUST-154,SKU-1012,WH-01,75,75,54.11,0
700586,1,06/05/2026,11/05/2026,10/05/2026,CUST-147,SKU-1019,WH-01,25,25,68.25,0
700586,2,06/05/2026,11/05/2026,10/05/2026,CUST-147,SKU-1004,WH-01,50,50,44.52,0.1
700586,3,06/05/2026,11/05/2026,10/05/2026,CUST-147,SKU-1013,WH-01,200,200,75.26,0.125
700587,1,06/05/2026,13/05/2026,18/05/2026,CUST-137,SKU-1007,WH-03,25,25,66.6,0.05
700587,2,06/05/2026,13/05/2026,18/05/2026,CUST-137,SKU-1022,WH-03,25,25,11.23,0
700587,3,06/05/2026,13/05/2026,18/05/2026,CUST-137,SKU-1020,WH-03,10,10,72.1,0
700588,1,06/05/2026,13/05/2026,15/05/2026,CUST-154,SKU-1009,WH-03,200,200,32.15,0.1
700588,2,06/05/2026,13/05/2026,15/05/2026,CUST-154,SKU-1022,WH-03,20,20,11.23,0.1
700588,3,06/05/2026,13/05/2026,15/05/2026,CUST-154,SKU-1023,WH-03,50,50,19.51,0.05
700589,1,06/05/2026,11/05/2026,12/05/2026,CUST-136,SKU-1003,WH-03,20,20,52.5,0.1
700589,2,06/05/2026,11/05/2026,12/05/2026,CUST-136,SKU-1015,WH-03,200,120,27.45,0.125
700589,3,06/05/2026,11/05/2026,12/05/2026,CUST-136,SKU-1011,WH-03,200,200,39.0,0
700590,1,07/05/2026,14/05/2026,13/05/2026,CUST-125,SKU-1011,WH-04,10,10,39.0,0
700591,1,07/05/2026,10/05/2026,10/05/2026,CUST-101,SKU-1016,WH-03,25,25,19.18,0
700591,2,07/05/2026,10/05/2026,10/05/2026,CUST-101,SKU-1011,WH-03,75,75,39.0,0
700592,1,07/05/2026,12/05/2026,11/05/2026,CUST-140,SKU-1016,WH-04,200,200,19.18,0
700593,1,07/05/2026,09/05/2026,08/05/2026,CUST-141,SKU-1018,WH-02,75,75,66.93,0
700593,2,07/05/2026,09/05/2026,08/05/2026,CUST-141,SKU-1010,WH-02,150,150,75.49,0.1
700593,3,07/05/2026,09/05/2026,08/05/2026,CUST-141,SKU-1021,WH-02,25,25,50.68,0
700594,1,07/05/2026,10/05/2026,09/05/2026,CUST-137,SKU-1008,WH-01,100,100,12.26,0.1
700595,1,07/05/2026,11/05/2026,10/05/2026,CUST-101,SKU-1017,WH-03,50,50,44.62,0
700595,2,07/05/2026,11/05/2026,10/05/2026,CUST-101,SKU-1024,WH-03,75,75,68.06,0.125
700595,3,07/05/2026,11/05/2026,10/05/2026,CUST-101,SKU-1012,WH-03,75,75,54.11,0
700596,1,07/05/2026,10/05/2026,09/05/2026,CUST-145,SKU-1005,WH-04,75,75,77.98,0
700596,2,07/05/2026,10/05/2026,09/05/2026,CUST-145,SKU-1022,WH-04,200,200,11.23,0
700596,3,07/05/2026,10/05/2026,09/05/2026,CUST-145,SKU-1007,WH-04,200,160,66.6,0
700596,4,07/05/2026,10/05/2026,09/05/2026,CUST-145,SKU-1017,WH-04,200,160,44.62,0.1
700597,1,07/05/2026,14/05/2026,14/05/2026,CUST-113,SKU-1019,WH-02,75,75,68.25,0.05
700597,2,07/05/2026,14/05/2026,14/05/2026,CUST-113,SKU-1016,WH-02,150,150,19.18,0.05
700598,1,07/05/2026,10/05/2026,11/05/2026,CUST-156,SKU-1018,WH-04,75,75,66.93,0.1
700599,1,08/05/2026,10/05/2026,15/05/2026,CUST-107,SKU-1002,WH-04,20,20,54.08,0.05
700599,2,08/05/2026,10/05/2026,15/05/2026,CUST-107,SKU-1013,WH-04,20,20,75.26,0.125
700599,3,08/05/2026,10/05/2026,15/05/2026,CUST-107,SKU-1020,WH-04,50,50,72.1,0
700599,4,08/05/2026,10/05/2026,15/05/2026,CUST-107,SKU-1020,WH-04,75,67,72.1,0
700600,1,08/05/2026,11/05/2026,11/05/2026,CUST-102,SKU-1011,WH-04,25,15,39.0,0.1
700600,2,08/05/2026,11/05/2026,11/05/2026,CUST-102,SKU-1019,WH-04,50,50,68.25,0.05
700600,3,08/05/2026,11/05/2026,11/05/2026,CUST-102,SKU-1014,WH-04,20,20,100.88,0
700601,1,08/05/2026,13/05/2026,15/05/2026,CUST-128,SKU-1019,WH-02,150,150,68.25,0.125
700602,1,08/05/2026,11/05/2026,10/05/2026,CUST-150,SKU-1017,WH-03,150,150,44.62,0
700602,2,08/05/2026,11/05/2026,10/05/2026,CUST-150,SKU-1021,WH-03,200,200,50.68,0
700602,3,08/05/2026,11/05/2026,10/05/2026,CUST-150,SKU-1013,WH-03,200,200,75.26,0
700603,1,08/05/2026,12/05/2026,11/05/2026,CUST-132,SKU-1008,WH-03,50,50,12.26,0.125
700603,2,08/05/2026,12/05/2026,11/05/2026,CUST-132,SKU-1021,WH-03,200,200,50.68,0.05
700603,3,08/05/2026,12/05/2026,11/05/2026,CUST-132,SKU-1010,WH-03,50,50,75.49,0
700603,4,08/05/2026,12/05/2026,11/05/2026,CUST-132,SKU-1013,WH-03,150,150,75.26,0
700604,1,08/05/2026,15/05/2026,16/05/2026,CUST-117,SKU-1013,WH-02,75,75,75.26,0.05
700604,2,08/05/2026,15/05/2026,16/05/2026,CUST-117,SKU-1014,WH-02,50,45,100.88,0.1
700604,3,08/05/2026,15/05/2026,16/05/2026,CUST-117,SKU-1007,WH-02,150,120,66.6,0
700604,4,08/05/2026,15/05/2026,16/05/2026,CUST-117,SKU-1018,WH-02,100,100,66.93,0.1
700605,1,08/05/2026,13/05/2026,12/05/2026,CUST-104,SKU-1001,WH-01,10,10,59.63,0
700605,2,08/05/2026,13/05/2026,12/05/2026,CUST-104,SKU-1001,WH-01,50,50,59.63,0.125
700605,3,08/05/2026,13/05/2026,12/05/2026,CUST-104,SKU-1002,WH-01,75,75,54.08,0
700606,1,11/05/2026,14/05/2026,13/05/2026,CUST-149,SKU-1024,WH-04,75,75,68.06,0.125
700607,1,11/05/2026,15/05/2026,20/05/2026,CUST-110,SKU-1024,WH-01,150,150,68.06,0.1
700607,2,11/05/2026,15/05/2026,20/05/2026,CUST-110,SKU-1019,WH-01,25,25,68.25,0.1
700608,1,11/05/2026,13/05/2026,12/05/2026,CUST-101,SKU-1010,WH-04,10,10,75.49,0.05
700608,2,11/05/2026,13/05/2026,12/05/2026,CUST-101,SKU-1005,WH-04,75,75,77.98,0
700608,3,11/05/2026,13/05/2026,12/05/2026,CUST-101,SKU-1001,WH-04,100,100,59.63,0
700609,1,11/05/2026,13/05/2026,15/05/2026,CUST-148,SKU-1007,WH-01,50,30,66.6,0
700609,2,11/05/2026,13/05/2026,15/05/2026,CUST-148,SKU-1015,WH-01,150,150,27.45,0.1
700609,3,11/05/2026,13/05/2026,15/05/2026,CUST-148,SKU-1022,WH-01,75,75,11.23,0.1
700609,4,11/05/2026,13/05/2026,15/05/2026,CUST-148,SKU-1005,WH-01,50,50,77.98,0.125
700610,1,12/05/2026,14/05/2026,19/05/2026,CUST-131,SKU-1006,WH-01,100,100,54.97,0.05
700610,2,12/05/2026,14/05/2026,19/05/2026,CUST-131,SKU-1007,WH-01,10,10,66.6,0
700610,3,12/05/2026,14/05/2026,19/05/2026,CUST-131,SKU-1007,WH-01,50,50,66.6,0
700611,1,12/05/2026,17/05/2026,17/05/2026,CUST-109,SKU-1009,WH-02,100,100,32.15,0.05
700611,2,12/05/2026,17/05/2026,17/05/2026,CUST-109,SKU-1014,WH-02,50,50,100.88,0.05
700611,3,12/05/2026,17/05/2026,17/05/2026,CUST-109,SKU-1010,WH-02,150,150,75.49,0
700611,4,12/05/2026,17/05/2026,17/05/2026,CUST-109,SKU-1016,WH-02,50,50,19.18,0.125
700612,1,12/05/2026,15/05/2026,16/05/2026,CUST-148,SKU-1010,WH-03,75,60,75.49,0.05
700612,2,12/05/2026,15/05/2026,16/05/2026,CUST-148,SKU-1004,WH-03,75,75,44.52,0
700612,3,12/05/2026,15/05/2026,16/05/2026,CUST-148,SKU-1002,WH-03,10,10,54.08,0.125
700613,1,12/05/2026,15/05/2026,17/05/2026,CUST-137,SKU-1002,WH-03,20,20,54.08,0.1
700613,2,12/05/2026,15/05/2026,17/05/2026,CUST-137,SKU-1014,WH-03,10,10,100.88,0.1
700613,3,12/05/2026,15/05/2026,17/05/2026,CUST-137,SKU-1022,WH-03,10,10,11.23,0.125
700613,4,12/05/2026,15/05/2026,17/05/2026,CUST-137,SKU-1001,WH-03,200,200,59.63,0.05
700614,1,12/05/2026,15/05/2026,14/05/2026,CUST-142,SKU-1020,WH-04,100,100,72.1,0
700615,1,12/05/2026,14/05/2026,14/05/2026,CUST-130,SKU-1007,WH-04,10,10,66.6,0
700615,2,12/05/2026,14/05/2026,14/05/2026,CUST-130,SKU-1002,WH-04,25,25,54.08,0.05
700616,1,12/05/2026,14/05/2026,13/05/2026,CUST-111,SKU-1004,WH-04,200,200,44.52,0.1
700616,2,12/05/2026,14/05/2026,13/05/2026,CUST-111,SKU-1019,WH-04,25,25,68.25,0.125
700616,3,12/05/2026,14/05/2026,13/05/2026,CUST-111,SKU-1019,WH-04,100,100,68.25,0.05
700616,4,12/05/2026,14/05/2026,13/05/2026,CUST-111,SKU-1007,WH-04,25,25,66.6,0.05
700617,1,13/05/2026,20/05/2026,20/05/2026,CUST-137,SKU-1015,WH-03,75,75,27.45,0.1
700617,2,13/05/2026,20/05/2026,20/05/2026,CUST-137,SKU-1004,WH-03,20,20,44.52,0.05
700617,3,13/05/2026,20/05/2026,20/05/2026,CUST-137,SKU-1011,WH-03,100,40,39.0,0
700618,1,13/05/2026,20/05/2026,22/05/2026,CUST-160,SKU-1010,WH-01,10,10,75.49,0.1
700619,1,13/05/2026,16/05/2026,15/05/2026,CUST-120,SKU-1021,WH-03,10,10,50.68,0.125
700619,2,13/05/2026,16/05/2026,15/05/2026,CUST-120,SKU-1010,WH-03,200,200,75.49,0.1
700620,1,13/05/2026,17/05/2026,22/05/2026,CUST-120,SKU-1003,WH-01,75,75,52.5,0.05
700620,2,13/05/2026,17/05/2026,22/05/2026,CUST-120,SKU-1011,WH-01,50,50,39.0,0.05
700621,1,13/05/2026,16/05/2026,15/05/2026,CUST-159,SKU-1013,WH-04,200,200,75.26,0
700621,2,13/05/2026,16/05/2026,15/05/2026,CUST-159,SKU-1004,WH-04,10,10,44.52,0.05
700621,3,13/05/2026,16/05/2026,15/05/2026,CUST-159,SKU-1001,WH-04,50,50,59.63,0.1
700621,4,13/05/2026,16/05/2026,15/05/2026,CUST-159,SKU-1016,WH-04,200,200,19.18,0.1
700622,1,14/05/2026,16/05/2026,15/05/2026,CUST-151,SKU-1003,WH-04,20,12,52.5,0.05
700622,2,14/05/2026,16/05/2026,15/05/2026,CUST-151,SKU-1020,WH-04,100,100,72.1,0.1
700623,1,14/05/2026,16/05/2026,17/05/2026,CUST-122,SKU-1013,WH-01,20,20,75.26,0
700623,2,14/05/2026,16/05/2026,17/05/2026,CUST-122,SKU-1020,WH-01,20,20,72.1,0
700624,1,14/05/2026,18/05/2026,17/05/2026,CUST-112,SKU-1003,WH-02,50,50,52.5,0.1
700624,2,14/05/2026,18/05/2026,17/05/2026,CUST-112,SKU-1005,WH-02,10,9,77.98,0.05
700625,1,14/05/2026,18/05/2026,23/05/2026,CUST-128,SKU-1023,WH-04,100,100,19.51,0.1
700626,1,14/05/2026,21/05/2026,21/05/2026,CUST-125,SKU-1006,WH-03,100,100,54.97,0.05
700627,1,14/05/2026,16/05/2026,21/05/2026,CUST-114,SKU-1002,WH-03,20,20,54.08,0
700627,2,14/05/2026,16/05/2026,21/05/2026,CUST-114,SKU-1019,WH-03,10,10,68.25,0
700627,3,14/05/2026,16/05/2026,21/05/2026,CUST-114,SKU-1005,WH-03,75,75,77.98,0.05
700628,1,15/05/2026,20/05/2026,21/05/2026,CUST-126,SKU-1018,WH-03,75,75,66.93,0.05
700628,2,15/05/2026,20/05/2026,21/05/2026,CUST-126,SKU-1005,WH-03,25,25,77.98,0
700629,1,15/05/2026,20/05/2026,25/05/2026,CUST-160,SKU-1002,WH-04,75,75,54.08,0.125
700630,1,15/05/2026,17/05/2026,17/05/2026,CUST-160,SKU-1016,WH-01,10,10,19.18,0
700631,1,15/05/2026,18/05/2026,17/05/2026,CUST-133,SKU-1011,WH-01,75,75,39.0,0.05
700631,2,15/05/2026,18/05/2026,17/05/2026,CUST-133,SKU-1010,WH-01,200,200,75.49,0.1
700632,1,15/05/2026,20/05/2026,22/05/2026,CUST-113,SKU-1017,WH-03,200,200,44.62,0.125
700633,1,15/05/2026,22/05/2026,21/05/2026,CUST-141,SKU-1008,WH-04,200,200,12.26,0
700633,2,15/05/2026,22/05/2026,21/05/2026,CUST-141,SKU-1016,WH-04,10,10,19.18,0
700633,3,15/05/2026,22/05/2026,21/05/2026,CUST-141,SKU-1024,WH-04,50,50,68.06,0
700634,1,15/05/2026,17/05/2026,18/05/2026,CUST-146,SKU-1022,WH-02,75,67,11.23,0.05
700634,2,15/05/2026,17/05/2026,18/05/2026,CUST-146,SKU-1003,WH-02,75,75,52.5,0.1
700634,3,15/05/2026,17/05/2026,18/05/2026,CUST-146,SKU-1011,WH-02,200,200,39.0,0.1
700635,1,15/05/2026,22/05/2026,23/05/2026,CUST-153,SKU-1014,WH-03,25,25,100.88,0
700636,1,18/05/2026,22/05/2026,23/05/2026,CUST-131,SKU-1008,WH-02,150,150,12.26,0.05
700636,2,18/05/2026,22/05/2026,23/05/2026,CUST-131,SKU-1015,WH-02,150,150,27.45,0.125
700636,3,18/05/2026,22/05/2026,23/05/2026,CUST-131,SKU-1011,WH-02,200,200,39.0,0
700636,4,18/05/2026,22/05/2026,23/05/2026,CUST-131,SKU-1017,WH-02,25,25,44.62,0.125
700637,1,18/05/2026,22/05/2026,27/05/2026,CUST-143,SKU-1012,WH-03,200,200,54.11,0.125
700638,1,18/05/2026,25/05/2026,24/05/2026,CUST-122,SKU-1009,WH-03,50,50,32.15,0
700638,2,18/05/2026,25/05/2026,24/05/2026,CUST-122,SKU-1011,WH-03,75,75,39.0,0
700638,3,18/05/2026,25/05/2026,24/05/2026,CUST-122,SKU-1015,WH-03,20,20,27.45,0.1
700639,1,18/05/2026,23/05/2026,22/05/2026,CUST-146,SKU-1009,WH-04,150,150,32.15,0.05
700639,2,18/05/2026,23/05/2026,22/05/2026,CUST-146,SKU-1004,WH-04,200,200,44.52,0.1
700640,1,18/05/2026,21/05/2026,21/05/2026,CUST-126,SKU-1018,WH-04,50,50,66.93,0
700640,2,18/05/2026,21/05/2026,21/05/2026,CUST-126,SKU-1016,WH-04,50,40,19.18,0
700640,3,18/05/2026,21/05/2026,21/05/2026,CUST-126,SKU-1013,WH-04,150,135,75.26,0
700640,4,18/05/2026,21/05/2026,21/05/2026,CUST-126,SKU-1013,WH-04,25,25,75.26,0.1
700641,1,18/05/2026,23/05/2026,22/05/2026,CUST-158,SKU-1015,WH-02,150,150,27.45,0
700641,2,18/05/2026,23/05/2026,22/05/2026,CUST-158,SKU-1015,WH-02,25,25,27.45,0
700641,3,18/05/2026,23/05/2026,22/05/2026,CUST-158,SKU-1018,WH-02,200,200,66.93,0
700642,1,18/05/2026,22/05/2026,21/05/2026,CUST-107,SKU-1003,WH-04,25,25,52.5,0
700642,2,18/05/2026,22/05/2026,21/05/2026,CUST-107,SKU-1002,WH-04,200,200,54.08,0
700642,3,18/05/2026,22/05/2026,21/05/2026,CUST-107,SKU-1020,WH-04,20,8,72.1,0
700642,4,18/05/2026,22/05/2026,21/05/2026,CUST-107,SKU-1024,WH-04,100,100,68.06,0
700643,1,19/05/2026,23/05/2026,22/05/2026,CUST-134,SKU-1023,WH-01,20,20,19.51,0.125
700643,2,19/05/2026,23/05/2026,22/05/2026,CUST-134,SKU-1004,WH-01,20,20,44.52,0
700643,3,19/05/2026,23/05/2026,22/05/2026,CUST-134,SKU-1014,WH-01,10,6,100.88,0.1
700644,1,19/05/2026,24/05/2026,26/05/2026,CUST-110,SKU-1011,WH-03,20,20,39.0,0.05
700644,2,19/05/2026,24/05/2026,26/05/2026,CUST-110,SKU-1006,WH-03,200,200,54.97,0
700644,3,19/05/2026,24/05/2026,26/05/2026,CUST-110,SKU-1003,WH-03,150,90,52.5,0.1
700645,1,19/05/2026,22/05/2026,22/05/2026,CUST-158,SKU-1017,WH-02,100,100,44.62,0
700646,1,19/05/2026,23/05/2026,23/05/2026,CUST-123,SKU-1016,WH-04,20,20,19.18,0.05
700646,2,19/05/2026,23/05/2026,23/05/2026,CUST-123,SKU-1018,WH-04,50,50,66.93,0.1
700647,1,19/05/2026,22/05/2026,22/05/2026,CUST-120,SKU-1001,WH-01,200,180,59.63,0.125
700647,2,19/05/2026,22/05/2026,22/05/2026,CUST-120,SKU-1014,WH-01,100,100,100.88,0
700647,3,19/05/2026,22/05/2026,22/05/2026,CUST-120,SKU-1017,WH-01,75,75,44.62,0
700647,4,19/05/2026,22/05/2026,22/05/2026,CUST-120,SKU-1010,WH-01,20,20,75.49,0.125
700648,1,19/05/2026,22/05/2026,22/05/2026,CUST-130,SKU-1014,WH-01,200,200,100.88,0.05
700648,2,19/05/2026,22/05/2026,22/05/2026,CUST-130,SKU-1009,WH-01,50,50,32.15,0.1
700648,3,19/05/2026,22/05/2026,22/05/2026,CUST-130,SKU-1011,WH-01,50,50,39.0,0
700649,1,19/05/2026,24/05/2026,25/05/2026,CUST-113,SKU-1011,WH-03,10,10,39.0,0.05
700649,2,19/05/2026,24/05/2026,25/05/2026,CUST-113,SKU-1004,WH-03,50,50,44.52,0
700649,3,19/05/2026,24/05/2026,25/05/2026,CUST-113,SKU-1020,WH-03,75,45,72.1,0.05
700649,4,19/05/2026,24/05/2026,25/05/2026,CUST-113,SKU-1017,WH-03,150,150,44.62,0.125
700650,1,19/05/2026,22/05/2026,27/05/2026,CUST-125,SKU-1013,WH-03,25,25,75.26,0.05
700650,2,19/05/2026,22/05/2026,27/05/2026,CUST-125,SKU-1013,WH-03,10,10,75.26,0
700650,3,19/05/2026,22/05/2026,27/05/2026,CUST-125,SKU-1001,WH-03,150,150,59.63,0.1
700650,4,19/05/2026,22/05/2026,27/05/2026,CUST-125,SKU-1007,WH-03,100,100,66.6,0.05
700651,1,20/05/2026,23/05/2026,22/05/2026,CUST-135,SKU-1020,WH-04,100,100,72.1,0
700651,2,20/05/2026,23/05/2026,22/05/2026,CUST-135,SKU-1008,WH-04,150,150,12.26,0
700651,3,20/05/2026,23/05/2026,22/05/2026,CUST-135,SKU-1013,WH-04,100,100,75.26,0.05
700651,4,20/05/2026,23/05/2026,22/05/2026,CUST-135,SKU-1005,WH-04,25,25,77.98,0.125
700652,1,20/05/2026,27/05/2026,26/05/2026,CUST-109,SKU-1008,WH-02,25,25,12.26,0
700652,2,20/05/2026,27/05/2026,26/05/2026,CUST-109,SKU-1003,WH-02,10,10,52.5,0.125
700652,3,20/05/2026,27/05/2026,26/05/2026,CUST-109,SKU-1020,WH-02,75,75,72.1,0
700652,4,20/05/2026,27/05/2026,26/05/2026,CUST-109,SKU-1007,WH-02,100,100,66.6,0.125
700653,1,20/05/2026,23/05/2026,25/05/2026,CUST-125,SKU-1011,WH-03,10,10,39.0,0
700653,2,20/05/2026,23/05/2026,25/05/2026,CUST-125,SKU-1023,WH-03,200,200,19.51,0
700653,3,20/05/2026,23/05/2026,25/05/2026,CUST-125,SKU-1003,WH-03,75,75,52.5,0
700654,1,20/05/2026,22/05/2026,21/05/2026,CUST-113,SKU-1017,WH-04,10,10,44.62,0
700654,2,20/05/2026,22/05/2026,21/05/2026,CUST-113,SKU-1022,WH-04,10,10,11.23,0
700654,3,20/05/2026,22/05/2026,21/05/2026,CUST-113,SKU-1004,WH-04,100,100,44.52,0
700655,1,21/05/2026,25/05/2026,24/05/2026,CUST-136,SKU-1016,WH-01,10,10,19.18,0
700656,1,21/05/2026,24/05/2026,23/05/2026,CUST-136,SKU-1003,WH-03,20,18,52.5,0
700656,2,21/05/2026,24/05/2026,23/05/2026,CUST-136,SKU-1008,WH-03,150,150,12.26,0
700656,3,21/05/2026,24/05/2026,23/05/2026,CUST-136,SKU-1016,WH-03,10,10,19.18,0.125
700657,1,21/05/2026,24/05/2026,24/05/2026,CUST-108,SKU-1011,WH-04,20,20,39.0,0.05
700657,2,21/05/2026,24/05/2026,24/05/2026,CUST-108,SKU-1007,WH-04,75,75,66.6,0
700657,3,21/05/2026,24/05/2026,24/05/2026,CUST-108,SKU-1011,WH-04,50,50,39.0,0
700658,1,21/05/2026,28/05/2026,30/05/2026,CUST-116,SKU-1017,WH-04,100,100,44.62,0.125
700658,2,21/05/2026,28/05/2026,30/05/2026,CUST-116,SKU-1007,WH-04,25,25,66.6,0.125
700658,3,21/05/2026,28/05/2026,30/05/2026,CUST-116,SKU-1024,WH-04,10,10,68.06,0.1
700659,1,21/05/2026,24/05/2026,23/05/2026,CUST-142,SKU-1012,WH-01,75,75,54.11,0
700659,2,21/05/2026,24/05/2026,23/05/2026,CUST-142,SKU-1023,WH-01,10,10,19.51,0.05
700659,3,21/05/2026,24/05/2026,23/05/2026,CUST-142,SKU-1024,WH-01,25,22,68.06,0.125
700660,1,21/05/2026,28/05/2026,27/05/2026,CUST-147,SKU-1016,WH-04,100,40,19.18,0
700660,2,21/05/2026,28/05/2026,27/05/2026,CUST-147,SKU-1012,WH-04,100,100,54.11,0.1
700661,1,21/05/2026,24/05/2026,24/05/2026,CUST-129,SKU-1001,WH-03,10,8,59.63,0
700661,2,21/05/2026,24/05/2026,24/05/2026,CUST-129,SKU-1024,WH-03,50,50,68.06,0.05
700662,1,22/05/2026,29/05/2026,31/05/2026,CUST-121,SKU-1016,WH-01,25,25,19.18,0
700663,1,22/05/2026,25/05/2026,24/05/2026,CUST-106,SKU-1014,WH-01,200,200,100.88,0.05
700663,2,22/05/2026,25/05/2026,24/05/2026,CUST-106,SKU-1011,WH-01,150,150,39.0,0.05
700664,1,22/05/2026,29/05/2026,28/05/2026,CUST-132,SKU-1009,WH-02,50,50,32.15,0
700664,2,22/05/2026,29/05/2026,28/05/2026,CUST-132,SKU-1013,WH-02,75,75,75.26,0.05
700665,1,22/05/2026,25/05/2026,27/05/2026,CUST-142,SKU-1018,WH-02,25,25,66.93,0.05
700665,2,22/05/2026,25/05/2026,27/05/2026,CUST-142,SKU-1005,WH-02,50,50,77.98,0.05
700665,3,22/05/2026,25/05/2026,27/05/2026,CUST-142,SKU-1023,WH-02,10,10,19.51,0.125
700666,1,22/05/2026,24/05/2026,29/05/2026,CUST-158,SKU-1022,WH-02,100,100,11.23,0
700666,2,22/05/2026,24/05/2026,29/05/2026,CUST-158,SKU-1022,WH-02,25,25,11.23,0
700667,1,25/05/2026,30/05/2026,29/05/2026,CUST-102,SKU-1014,WH-02,50,50,100.88,0
700667,2,25/05/2026,30/05/2026,29/05/2026,CUST-102,SKU-1015,WH-02,50,50,27.45,0
700667,3,25/05/2026,30/05/2026,29/05/2026,CUST-102,SKU-1019,WH-02,100,100,68.25,0.1
700667,4,25/05/2026,30/05/2026,29/05/2026,CUST-102,SKU-1005,WH-02,20,20,77.98,0.1
700668,1,25/05/2026,01/06/2026,31/05/2026,CUST-109,SKU-1022,WH-01,50,50,11.23,0
700668,2,25/05/2026,01/06/2026,31/05/2026,CUST-109,SKU-1010,WH-01,50,45,75.49,0.05
700668,3,25/05/2026,01/06/2026,31/05/2026,CUST-109,SKU-1023,WH-01,200,200,19.51,0
700668,4,25/05/2026,01/06/2026,31/05/2026,CUST-109,SKU-1019,WH-01,50,50,68.25,0
700669,1,25/05/2026,27/05/2026,26/05/2026,CUST-116,SKU-1024,WH-02,75,75,68.06,0.05
700669,2,25/05/2026,27/05/2026,26/05/2026,CUST-116,SKU-1002,WH-02,100,80,54.08,0.1
700670,1,25/05/2026,30/05/2026,29/05/2026,CUST-127,SKU-1001,WH-04,25,25,59.63,0
700670,2,25/05/2026,30/05/2026,29/05/2026,CUST-127,SKU-1015,WH-04,75,75,27.45,0.05
700670,3,25/05/2026,30/05/2026,29/05/2026,CUST-127,SKU-1007,WH-04,75,75,66.6,0.125
700670,4,25/05/2026,30/05/2026,29/05/2026,CUST-127,SKU-1015,WH-04,100,100,27.45,0
700671,1,25/05/2026,01/06/2026,03/06/2026,CUST-106,SKU-1011,WH-01,200,200,39.0,0.1
700672,1,25/05/2026,27/05/2026,27/05/2026,CUST-156,SKU-1021,WH-04,75,75,50.68,0
700672,2,25/05/2026,27/05/2026,27/05/2026,CUST-156,SKU-1001,WH-04,10,4,59.63,0
700673,1,26/05/2026,02/06/2026,01/06/2026,CUST-115,SKU-1007,WH-01,100,100,66.6,0.1
700673,2,26/05/2026,02/06/2026,01/06/2026,CUST-115,SKU-1011,WH-01,75,75,39.0,0
700674,1,26/05/2026,28/05/2026,27/05/2026,CUST-152,SKU-1023,WH-02,50,50,19.51,0
700674,2,26/05/2026,28/05/2026,27/05/2026,CUST-152,SKU-1009,WH-02,200,200,32.15,0.1
700675,1,26/05/2026,30/05/2026,29/05/2026,CUST-107,SKU-1022,WH-02,50,30,11.23,0.1
700675,2,26/05/2026,30/05/2026,29/05/2026,CUST-107,SKU-1017,WH-02,10,10,44.62,0
700675,3,26/05/2026,30/05/2026,29/05/2026,CUST-107,SKU-1009,WH-02,200,200,32.15,0.1
700675,4,26/05/2026,30/05/2026,29/05/2026,CUST-107,SKU-1002,WH-02,25,25,54.08,0
700676,1,26/05/2026,29/05/2026,29/05/2026,CUST-126,SKU-1012,WH-04,200,200,54.11,0.05
700676,2,26/05/2026,29/05/2026,29/05/2026,CUST-126,SKU-1018,WH-04,10,10,66.93,0
700677,1,26/05/2026,30/05/2026,31/05/2026,CUST-142,SKU-1012,WH-03,200,200,54.11,0.1
700677,2,26/05/2026,30/05/2026,31/05/2026,CUST-142,SKU-1023,WH-03,10,10,19.51,0.1
700678,1,26/05/2026,29/05/2026,28/05/2026,CUST-160,SKU-1007,WH-04,200,200,66.6,0.125
700679,1,26/05/2026,28/05/2026,28/05/2026,CUST-104,SKU-1017,WH-04,20,20,44.62,0
700679,2,26/05/2026,28/05/2026,28/05/2026,CUST-104,SKU-1024,WH-04,100,100,68.06,0
700679,3,26/05/2026,28/05/2026,28/05/2026,CUST-104,SKU-1001,WH-04,10,10,59.63,0.1
700680,1,26/05/2026,31/05/2026,31/05/2026,CUST-147,SKU-1024,WH-01,150,150,68.06,0.1
700680,2,26/05/2026,31/05/2026,31/05/2026,CUST-147,SKU-1016,WH-01,10,10,19.18,0.1
700680,3,26/05/2026,31/05/2026,31/05/2026,CUST-147,SKU-1020,WH-01,75,75,72.1,0
700681,1,27/05/2026,30/05/2026,29/05/2026,CUST-109,SKU-1017,WH-03,100,100,44.62,0
700681,2,27/05/2026,30/05/2026,29/05/2026,CUST-109,SKU-1012,WH-03,20,20,54.11,0
700682,1,27/05/2026,03/06/2026,08/06/2026,CUST-151,SKU-1024,WH-01,25,25,68.06,0.1
700682,2,27/05/2026,03/06/2026,08/06/2026,CUST-151,SKU-1004,WH-01,10,10,44.52,0.125
700682,3,27/05/2026,03/06/2026,08/06/2026,CUST-151,SKU-1008,WH-01,10,10,12.26,0.1
700683,1,27/05/2026,03/06/2026,05/06/2026,CUST-130,SKU-1003,WH-03,50,50,52.5,0
700683,2,27/05/2026,03/06/2026,05/06/2026,CUST-130,SKU-1001,WH-03,100,100,59.63,0.05
700683,3,27/05/2026,03/06/2026,05/06/2026,CUST-130,SKU-1007,WH-03,10,9,66.6,0.05
700684,1,27/05/2026,30/05/2026,29/05/2026,CUST-145,SKU-1014,WH-02,20,20,100.88,0
700684,2,27/05/2026,30/05/2026,29/05/2026,CUST-145,SKU-1005,WH-02,150,150,77.98,0
700685,1,27/05/2026,03/06/2026,02/06/2026,CUST-137,SKU-1024,WH-02,50,20,68.06,0.05
700685,2,27/05/2026,03/06/2026,02/06/2026,CUST-137,SKU-1015,WH-02,150,150,27.45,0
700686,1,28/05/2026,02/06/2026,01/06/2026,CUST-141,SKU-1017,WH-03,200,200,44.62,0.05
700686,2,28/05/2026,02/06/2026,01/06/2026,CUST-141,SKU-1006,WH-03,20,8,54.97,0.1
700686,3,28/05/2026,02/06/2026,01/06/2026,CUST-141,SKU-1003,WH-03,75,75,52.5,0.125
700686,4,28/05/2026,02/06/2026,01/06/2026,CUST-141,SKU-1023,WH-03,100,100,19.51,0
700687,1,28/05/2026,01/06/2026,01/06/2026,CUST-133,SKU-1023,WH-01,20,20,19.51,0.125
700688,1,28/05/2026,04/06/2026,03/06/2026,CUST-130,SKU-1001,WH-01,150,150,59.63,0.125
700688,2,28/05/2026,04/06/2026,03/06/2026,CUST-130,SKU-1019,WH-01,100,100,68.25,0.05
700688,3,28/05/2026,04/06/2026,03/06/2026,CUST-130,SKU-1006,WH-01,10,10,54.97,0
700688,4,28/05/2026,04/06/2026,03/06/2026,CUST-130,SKU-1015,WH-01,75,75,27.45,0.05
700689,1,28/05/2026,02/06/2026,01/06/2026,CUST-144,SKU-1004,WH-02,25,25,44.52,0.1
700689,2,28/05/2026,02/06/2026,01/06/2026,CUST-144,SKU-1002,WH-02,25,25,54.08,0.125
700690,1,28/05/2026,02/06/2026,01/06/2026,CUST-160,SKU-1012,WH-03,20,8,54.11,0.125
700690,2,28/05/2026,02/06/2026,01/06/2026,CUST-160,SKU-1009,WH-03,20,20,32.15,0.05
700690,3,28/05/2026,02/06/2026,01/06/2026,CUST-160,SKU-1021,WH-03,150,150,50.68,0.05
700690,4,28/05/2026,02/06/2026,01/06/2026,CUST-160,SKU-1002,WH-03,50,30,54.08,0.1
700691,1,28/05/2026,31/05/2026,30/05/2026,CUST-148,SKU-1015,WH-04,100,100,27.45,0
700692,1,29/05/2026,01/06/2026,01/06/2026,CUST-128,SKU-1007,WH-04,20,20,66.6,0.125
700692,2,29/05/2026,01/06/2026,01/06/2026,CUST-128,SKU-1019,WH-04,75,75,68.25,0.05
700693,1,29/05/2026,05/06/2026,04/06/2026,CUST-146,SKU-1023,WH-01,200,200,19.51,0.1
700694,1,29/05/2026,02/06/2026,07/06/2026,CUST-144,SKU-1015,WH-04,150,150,27.45,0.125
700694,2,29/05/2026,02/06/2026,07/06/2026,CUST-144,SKU-1006,WH-04,200,200,54.97,0
700694,3,29/05/2026,02/06/2026,07/06/2026,CUST-144,SKU-1014,WH-04,75,75,100.88,0
700695,1,29/05/2026,01/06/2026,31/05/2026,CUST-109,SKU-1019,WH-04,75,75,68.25,0
700695,2,29/05/2026,01/06/2026,31/05/2026,CUST-109,SKU-1010,WH-04,25,25,75.49,0.125
700695,3,29/05/2026,01/06/2026,31/05/2026,CUST-109,SKU-1011,WH-04,25,25,39.0,0.05
700695,4,29/05/2026,01/06/2026,31/05/2026,CUST-109,SKU-1024,WH-04,50,50,68.06,0
700696,1,29/05/2026,01/06/2026,31/05/2026,CUST-124,SKU-1017,WH-01,50,50,44.62,0.125
700696,2,29/05/2026,01/06/2026,31/05/2026,CUST-124,SKU-1015,WH-01,100,100,27.45,0
700697,1,29/05/2026,01/06/2026,31/05/2026,CUST-110,SKU-1014,WH-04,10,10,100.88,0.125
700698,1,01/06/2026,08/06/2026,07/06/2026,CUST-125,SKU-1021,WH-04,50,50,50.68,0.125
700699,1,01/06/2026,03/06/2026,04/06/2026,CUST-110,SKU-1008,WH-03,75,75,12.26,0.125
700699,2,01/06/2026,03/06/2026,04/06/2026,CUST-110,SKU-1006,WH-03,150,150,54.97,0
700700,1,01/06/2026,08/06/2026,07/06/2026,CUST-134,SKU-1004,WH-04,20,20,44.52,0.05
700701,1,01/06/2026,05/06/2026,07/06/2026,CUST-111,SKU-1012,WH-01,25,10,54.11,0
700702,1,01/06/2026,08/06/2026,13/06/2026,CUST-154,SKU-1014,WH-01,200,200,100.88,0
700702,2,01/06/2026,08/06/2026,13/06/2026,CUST-154,SKU-1014,WH-01,200,200,100.88,0
700702,3,01/06/2026,08/06/2026,13/06/2026,CUST-154,SKU-1004,WH-01,150,150,44.52,0.1
700702,4,01/06/2026,08/06/2026,13/06/2026,CUST-154,SKU-1017,WH-01,25,25,44.62,0.125
700703,1,01/06/2026,04/06/2026,04/06/2026,CUST-125,SKU-1010,WH-02,10,10,75.49,0
700703,2,01/06/2026,04/06/2026,04/06/2026,CUST-125,SKU-1023,WH-02,20,20,19.51,0
700704,1,02/06/2026,05/06/2026,04/06/2026,CUST-120,SKU-1003,WH-03,25,25,52.5,0
700705,1,02/06/2026,04/06/2026,03/06/2026,CUST-101,SKU-1011,WH-01,200,160,39.0,0
700705,2,02/06/2026,04/06/2026,03/06/2026,CUST-101,SKU-1021,WH-01,75,75,50.68,0
700705,3,02/06/2026,04/06/2026,03/06/2026,CUST-101,SKU-1015,WH-01,10,10,27.45,0
700706,1,02/06/2026,04/06/2026,03/06/2026,CUST-105,SKU-1022,WH-04,150,150,11.23,0.05
700707,1,02/06/2026,05/06/2026,06/06/2026,CUST-101,SKU-1019,WH-03,10,10,68.25,0.05
700707,2,02/06/2026,05/06/2026,06/06/2026,CUST-101,SKU-1019,WH-03,200,200,68.25,0.125
700707,3,02/06/2026,05/06/2026,06/06/2026,CUST-101,SKU-1007,WH-03,10,10,66.6,0
700708,1,02/06/2026,04/06/2026,06/06/2026,CUST-115,SKU-1012,WH-03,50,50,54.11,0
700709,1,02/06/2026,04/06/2026,09/06/2026,CUST-112,SKU-1016,WH-04,150,150,19.18,0.125
700709,2,02/06/2026,04/06/2026,09/06/2026,CUST-112,SKU-1002,WH-04,10,10,54.08,0
700709,3,02/06/2026,04/06/2026,09/06/2026,CUST-112,SKU-1022,WH-04,100,100,11.23,0.1
700710,1,03/06/2026,08/06/2026,13/06/2026,CUST-106,SKU-1007,WH-02,25,25,66.6,0.1
700711,1,03/06/2026,07/06/2026,06/06/2026,CUST-147,SKU-1014,WH-02,25,25,100.88,0
700711,2,03/06/2026,07/06/2026,06/06/2026,CUST-147,SKU-1021,WH-02,20,20,50.68,0
700712,1,03/06/2026,08/06/2026,07/06/2026,CUST-131,SKU-1003,WH-01,50,20,52.5,0
700712,2,03/06/2026,08/06/2026,07/06/2026,CUST-131,SKU-1011,WH-01,25,25,39.0,0.125
700712,3,03/06/2026,08/06/2026,07/06/2026,CUST-131,SKU-1023,WH-01,10,10,19.51,0.1
700713,1,03/06/2026,07/06/2026,07/06/2026,CUST-129,SKU-1013,WH-04,150,150,75.26,0
700714,1,04/06/2026,06/06/2026,06/06/2026,CUST-139,SKU-1011,WH-04,200,200,39.0,0
700714,2,04/06/2026,06/06/2026,06/06/2026,CUST-139,SKU-1017,WH-04,50,50,44.62,0
700715,1,04/06/2026,07/06/2026,07/06/2026,CUST-119,SKU-1009,WH-01,10,10,32.15,0.05
700716,1,04/06/2026,09/06/2026,14/06/2026,CUST-151,SKU-1001,WH-04,100,100,59.63,0
700716,2,04/06/2026,09/06/2026,14/06/2026,CUST-151,SKU-1009,WH-04,100,100,32.15,0
700717,1,04/06/2026,07/06/2026,06/06/2026,CUST-122,SKU-1022,WH-03,50,50,11.23,0
700717,2,04/06/2026,07/06/2026,06/06/2026,CUST-122,SKU-1014,WH-03,25,25,100.88,0.05
700718,1,05/06/2026,07/06/2026,08/06/2026,CUST-115,SKU-1024,WH-02,200,200,68.06,0
700719,1,05/06/2026,09/06/2026,10/06/2026,CUST-102,SKU-1016,WH-03,200,200,19.18,0
700719,2,05/06/2026,09/06/2026,10/06/2026,CUST-102,SKU-1014,WH-03,150,150,100.88,0.125
700720,1,05/06/2026,07/06/2026,06/06/2026,CUST-111,SKU-1010,WH-03,25,25,75.49,0.05
700721,1,05/06/2026,10/06/2026,15/06/2026,CUST-134,SKU-1020,WH-02,25,25,72.1,0.125
700722,1,05/06/2026,08/06/2026,09/06/2026,CUST-121,SKU-1011,WH-03,150,135,39.0,0
700723,1,05/06/2026,07/06/2026,08/06/2026,CUST-104,SKU-1010,WH-03,75,75,75.49,0.1
700723,2,05/06/2026,07/06/2026,08/06/2026,CUST-104,SKU-1017,WH-03,200,200,44.62,0.1
700724,1,05/06/2026,07/06/2026,12/06/2026,CUST-152,SKU-1015,WH-03,25,25,27.45,0.125
700724,2,05/06/2026,07/06/2026,12/06/2026,CUST-152,SKU-1012,WH-03,100,100,54.11,0
700725,1,05/06/2026,07/06/2026,06/06/2026,CUST-156,SKU-1019,WH-03,150,150,68.25,0.05
700726,1,05/06/2026,12/06/2026,12/06/2026,CUST-155,SKU-1007,WH-02,10,10,66.6,0
700727,1,08/06/2026,10/06/2026,11/06/2026,CUST-132,SKU-1009,WH-03,200,200,32.15,0
700727,2,08/06/2026,10/06/2026,11/06/2026,CUST-132,SKU-1013,WH-03,25,25,75.26,0
700727,3,08/06/2026,10/06/2026,11/06/2026,CUST-132,SKU-1009,WH-03,200,200,32.15,0.125
700728,1,08/06/2026,12/06/2026,14/06/2026,CUST-131,SKU-1001,WH-02,75,75,59.63,0.125
700729,1,08/06/2026,11/06/2026,11/06/2026,CUST-144,SKU-1004,WH-01,50,50,44.52,0.05
700730,1,08/06/2026,15/06/2026,17/06/2026,CUST-155,SKU-1006,WH-04,75,75,54.97,0
700730,2,08/06/2026,15/06/2026,17/06/2026,CUST-155,SKU-1021,WH-04,100,100,50.68,0.05
700730,3,08/06/2026,15/06/2026,17/06/2026,CUST-155,SKU-1016,WH-04,75,75,19.18,0.05
700730,4,08/06/2026,15/06/2026,17/06/2026,CUST-155,SKU-1019,WH-04,200,200,68.25,0
700731,1,08/06/2026,11/06/2026,10/06/2026,CUST-147,SKU-1015,WH-01,150,90,27.45,0
700732,1,08/06/2026,15/06/2026,15/06/2026,CUST-121,SKU-1008,WH-03,50,50,12.26,0
700733,1,08/06/2026,10/06/2026,09/06/2026,CUST-118,SKU-1012,WH-03,10,10,54.11,0.125
700733,2,08/06/2026,10/06/2026,09/06/2026,CUST-118,SKU-1021,WH-03,50,50,50.68,0.125
700733,3,08/06/2026,10/06/2026,09/06/2026,CUST-118,SKU-1016,WH-03,75,75,19.18,0.05
700733,4,08/06/2026,10/06/2026,09/06/2026,CUST-118,SKU-1015,WH-03,20,18,27.45,0
700734,1,08/06/2026,12/06/2026,12/06/2026,CUST-147,SKU-1007,WH-02,150,150,66.6,0
700734,2,08/06/2026,12/06/2026,12/06/2026,CUST-147,SKU-1004,WH-02,50,50,44.52,0
700734,3,08/06/2026,12/06/2026,12/06/2026,CUST-147,SKU-1010,WH-02,200,200,75.49,0.05
700735,1,08/06/2026,13/06/2026,13/06/2026,CUST-121,SKU-1003,WH-04,50,50,52.5,0
700735,2,08/06/2026,13/06/2026,13/06/2026,CUST-121,SKU-1016,WH-04,75,75,19.18,0
700735,3,08/06/2026,13/06/2026,13/06/2026,CUST-121,SKU-1023,WH-04,10,10,19.51,0.05
700736,1,09/06/2026,16/06/2026,15/06/2026,CUST-145,SKU-1003,WH-02,25,25,52.5,0
700737,1,09/06/2026,11/06/2026,10/06/2026,CUST-136,SKU-1022,WH-01,25,25,11.23,0
700738,1,09/06/2026,13/06/2026,12/06/2026,CUST-107,SKU-1012,WH-02,25,25,54.11,0
700738,2,09/06/2026,13/06/2026,12/06/2026,CUST-107,SKU-1010,WH-02,75,75,75.49,0
700738,3,09/06/2026,13/06/2026,12/06/2026,CUST-107,SKU-1023,WH-02,20,20,19.51,0.1
700739,1,09/06/2026,14/06/2026,14/06/2026,CUST-137,SKU-1003,WH-02,75,75,52.5,0.1
700739,2,09/06/2026,14/06/2026,14/06/2026,CUST-137,SKU-1006,WH-02,20,18,54.97,0.1
700739,3,09/06/2026,14/06/2026,14/06/2026,CUST-137,SKU-1005,WH-02,75,75,77.98,0.125
700739,4,09/06/2026,14/06/2026,14/06/2026,CUST-137,SKU-1010,WH-02,25,20,75.49,0.125
700740,1,09/06/2026,14/06/2026,13/06/2026,CUST-139,SKU-1015,WH-01,20,20,27.45,0
700740,2,09/06/2026,14/06/2026,13/06/2026,CUST-139,SKU-1024,WH-01,150,150,68.06,0
700740,3,09/06/2026,14/06/2026,13/06/2026,CUST-139,SKU-1023,WH-01,150,150,19.51,0
700740,4,09/06/2026,14/06/2026,13/06/2026,CUST-139,SKU-1018,WH-01,10,10,66.93,0.125
700741,1,10/06/2026,12/06/2026,12/06/2026,CUST-111,SKU-1023,WH-02,200,200,19.51,0.05
700741,2,10/06/2026,12/06/2026,12/06/2026,CUST-111,SKU-1012,WH-02,150,150,54.11,0.125
700741,3,10/06/2026,12/06/2026,12/06/2026,CUST-111,SKU-1001,WH-02,200,200,59.63,0.125
700741,4,10/06/2026,12/06/2026,12/06/2026,CUST-111,SKU-1008,WH-02,75,75,12.26,0
700742,1,10/06/2026,12/06/2026,11/06/2026,CUST-129,SKU-1015,WH-01,20,8,27.45,0.05
700742,2,10/06/2026,12/06/2026,11/06/2026,CUST-129,SKU-1010,WH-01,150,150,75.49,0.125
700742,3,10/06/2026,12/06/2026,11/06/2026,CUST-129,SKU-1008,WH-01,50,50,12.26,0
700743,1,10/06/2026,13/06/2026,12/06/2026,CUST-103,SKU-1001,WH-02,200,200,59.63,0
700743,2,10/06/2026,13/06/2026,12/06/2026,CUST-103,SKU-1010,WH-02,150,150,75.49,0
700743,3,10/06/2026,13/06/2026,12/06/2026,CUST-103,SKU-1019,WH-02,50,50,68.25,0
700744,1,10/06/2026,15/06/2026,14/06/2026,CUST-102,SKU-1018,WH-02,75,75,66.93,0
700744,2,10/06/2026,15/06/2026,14/06/2026,CUST-102,SKU-1024,WH-02,100,100,68.06,0.1
700744,3,10/06/2026,15/06/2026,14/06/2026,CUST-102,SKU-1008,WH-02,100,100,12.26,0.1
700745,1,10/06/2026,17/06/2026,16/06/2026,CUST-109,SKU-1009,WH-02,25,25,32.15,0.05
700745,2,10/06/2026,17/06/2026,16/06/2026,CUST-109,SKU-1011,WH-02,10,10,39.0,0
700745,3,10/06/2026,17/06/2026,16/06/2026,CUST-109,SKU-1020,WH-02,150,150,72.1,0
700746,1,10/06/2026,15/06/2026,15/06/2026,CUST-153,SKU-1013,WH-04,100,100,75.26,0
700746,2,10/06/2026,15/06/2026,15/06/2026,CUST-153,SKU-1005,WH-04,100,100,77.98,0.125
700747,1,10/06/2026,13/06/2026,12/06/2026,CUST-131,SKU-1021,WH-04,25,25,50.68,0
700748,1,10/06/2026,13/06/2026,18/06/2026,CUST-148,SKU-1014,WH-04,50,50,100.88,0.125
700748,2,10/06/2026,13/06/2026,18/06/2026,CUST-148,SKU-1011,WH-04,20,20,39.0,0
700749,1,11/06/2026,18/06/2026,17/06/2026,CUST-118,SKU-1023,WH-04,200,200,19.51,0
700749,2,11/06/2026,18/06/2026,17/06/2026,CUST-118,SKU-1018,WH-04,25,25,66.93,0.1
700749,3,11/06/2026,18/06/2026,17/06/2026,CUST-118,SKU-1014,WH-04,150,150,100.88,0
700750,1,11/06/2026,18/06/2026,20/06/2026,CUST-136,SKU-1022,WH-04,20,20,11.23,0
700750,2,11/06/2026,18/06/2026,20/06/2026,CUST-136,SKU-1009,WH-04,25,25,32.15,0
700750,3,11/06/2026,18/06/2026,20/06/2026,CUST-136,SKU-1015,WH-04,25,25,27.45,0.05
700751,1,11/06/2026,15/06/2026,20/06/2026,CUST-122,SKU-1009,WH-04,150,150,32.15,0.1
700751,2,11/06/2026,15/06/2026,20/06/2026,CUST-122,SKU-1016,WH-04,200,200,19.18,0.125
700751,3,11/06/2026,15/06/2026,20/06/2026,CUST-122,SKU-1024,WH-04,200,200,68.06,0
700751,4,11/06/2026,15/06/2026,20/06/2026,CUST-122,SKU-1011,WH-04,10,10,39.0,0.125
700752,1,11/06/2026,18/06/2026,18/06/2026,CUST-122,SKU-1014,WH-03,20,20,100.88,0
700752,2,11/06/2026,18/06/2026,18/06/2026,CUST-122,SKU-1013,WH-03,75,75,75.26,0
700752,3,11/06/2026,18/06/2026,18/06/2026,CUST-122,SKU-1017,WH-03,10,10,44.62,0.05
700753,1,11/06/2026,16/06/2026,15/06/2026,CUST-128,SKU-1019,WH-04,10,10,68.25,0.125
700753,2,11/06/2026,16/06/2026,15/06/2026,CUST-128,SKU-1004,WH-04,150,150,44.52,0
700753,3,11/06/2026,16/06/2026,15/06/2026,CUST-128,SKU-1019,WH-04,25,25,68.25,0
700753,4,11/06/2026,16/06/2026,15/06/2026,CUST-128,SKU-1016,WH-04,100,100,19.18,0
700754,1,11/06/2026,14/06/2026,14/06/2026,CUST-129,SKU-1018,WH-03,10,10,66.93,0
700754,2,11/06/2026,14/06/2026,14/06/2026,CUST-129,SKU-1002,WH-03,50,50,54.08,0.05
700755,1,12/06/2026,17/06/2026,22/06/2026,CUST-136,SKU-1004,WH-01,150,150,44.52,0
700755,2,12/06/2026,17/06/2026,22/06/2026,CUST-136,SKU-1005,WH-01,150,150,77.98,0
700756,1,12/06/2026,15/06/2026,20/06/2026,CUST-120,SKU-1022,WH-03,100,100,11.23,0
700756,2,12/06/2026,15/06/2026,20/06/2026,CUST-120,SKU-1001,WH-03,10,10,59.63,0
700756,3,12/06/2026,15/06/2026,20/06/2026,CUST-120,SKU-1023,WH-03,10,10,19.51,0.05
700757,1,12/06/2026,15/06/2026,16/06/2026,CUST-142,SKU-1016,WH-01,75,75,19.18,0.05
700758,1,12/06/2026,19/06/2026,18/06/2026,CUST-147,SKU-1014,WH-03,200,200,100.88,0
700758,2,12/06/2026,19/06/2026,18/06/2026,CUST-147,SKU-1007,WH-03,10,10,66.6,0.1
700759,1,12/06/2026,19/06/2026,21/06/2026,CUST-125,SKU-1002,WH-01,75,45,54.08,0
700759,2,12/06/2026,19/06/2026,21/06/2026,CUST-125,SKU-1018,WH-01,75,30,66.93,0.1
700760,1,15/06/2026,20/06/2026,20/06/2026,CUST-145,SKU-1001,WH-04,50,40,59.63,0.1
700761,1,15/06/2026,20/06/2026,20/06/2026,CUST-130,SKU-1010,WH-01,75,60,75.49,0
700761,2,15/06/2026,20/06/2026,20/06/2026,CUST-130,SKU-1015,WH-01,10,4,27.45,0
700761,3,15/06/2026,20/06/2026,20/06/2026,CUST-130,SKU-1007,WH-01,200,200,66.6,0
700762,1,15/06/2026,17/06/2026,19/06/2026,CUST-156,SKU-1015,WH-02,20,20,27.45,0.125
700762,2,15/06/2026,17/06/2026,19/06/2026,CUST-156,SKU-1016,WH-02,150,150,19.18,0
700763,1,15/06/2026,17/06/2026,16/06/2026,CUST-146,SKU-1001,WH-02,10,10,59.63,0
700763,2,15/06/2026,17/06/2026,16/06/2026,CUST-146,SKU-1013,WH-02,10,10,75.26,0
700764,1,15/06/2026,22/06/2026,22/06/2026,CUST-130,SKU-1016,WH-03,25,25,19.18,0.05
700764,2,15/06/2026,22/06/2026,22/06/2026,CUST-130,SKU-1004,WH-03,150,150,44.52,0.05
700764,3,15/06/2026,22/06/2026,22/06/2026,CUST-130,SKU-1016,WH-03,10,10,19.18,0.1
700765,1,16/06/2026,21/06/2026,20/06/2026,CUST-134,SKU-1004,WH-04,75,45,44.52,0
700765,2,16/06/2026,21/06/2026,20/06/2026,CUST-134,SKU-1013,WH-04,200,200,75.26,0
700765,3,16/06/2026,21/06/2026,20/06/2026,CUST-134,SKU-1024,WH-04,10,10,68.06,0.1
700765,4,16/06/2026,21/06/2026,20/06/2026,CUST-134,SKU-1021,WH-04,150,150,50.68,0
700766,1,16/06/2026,23/06/2026,28/06/2026,CUST-131,SKU-1006,WH-04,75,75,54.97,0
700767,1,16/06/2026,19/06/2026,18/06/2026,CUST-123,SKU-1010,WH-02,10,10,75.49,0
700767,2,16/06/2026,19/06/2026,18/06/2026,CUST-123,SKU-1004,WH-02,20,20,44.52,0
700767,3,16/06/2026,19/06/2026,18/06/2026,CUST-123,SKU-1024,WH-02,25,22,68.06,0
700768,1,16/06/2026,21/06/2026,20/06/2026,CUST-158,SKU-1009,WH-01,25,25,32.15,0
700768,2,16/06/2026,21/06/2026,20/06/2026,CUST-158,SKU-1007,WH-01,100,100,66.6,0.1
700768,3,16/06/2026,21/06/2026,20/06/2026,CUST-158,SKU-1010,WH-01,150,150,75.49,0
700769,1,16/06/2026,18/06/2026,19/06/2026,CUST-156,SKU-1004,WH-02,75,75,44.52,0
700769,2,16/06/2026,18/06/2026,19/06/2026,CUST-156,SKU-1013,WH-02,100,80,75.26,0
700769,3,16/06/2026,18/06/2026,19/06/2026,CUST-156,SKU-1023,WH-02,200,200,19.51,0
700770,1,17/06/2026,20/06/2026,22/06/2026,CUST-146,SKU-1010,WH-04,20,20,75.49,0
700770,2,17/06/2026,20/06/2026,22/06/2026,CUST-146,SKU-1017,WH-04,150,150,44.62,0
700770,3,17/06/2026,20/06/2026,22/06/2026,CUST-146,SKU-1007,WH-04,20,20,66.6,0
700770,4,17/06/2026,20/06/2026,22/06/2026,CUST-146,SKU-1016,WH-04,200,200,19.18,0
700771,1,17/06/2026,20/06/2026,22/06/2026,CUST-113,SKU-1023,WH-01,150,150,19.51,0.1
700771,2,17/06/2026,20/06/2026,22/06/2026,CUST-113,SKU-1011,WH-01,75,75,39.0,0
700772,1,17/06/2026,19/06/2026,20/06/2026,CUST-156,SKU-1009,WH-03,50,50,32.15,0
700772,2,17/06/2026,19/06/2026,20/06/2026,CUST-156,SKU-1004,WH-03,100,100,44.52,0.1
700772,3,17/06/2026,19/06/2026,20/06/2026,CUST-156,SKU-1020,WH-03,25,25,72.1,0.1
700773,1,17/06/2026,20/06/2026,21/06/2026,CUST-131,SKU-1022,WH-04,75,75,11.23,0
700774,1,17/06/2026,22/06/2026,22/06/2026,CUST-104,SKU-1018,WH-02,25,25,66.93,0
700774,2,17/06/2026,22/06/2026,22/06/2026,CUST-104,SKU-1007,WH-02,100,100,66.6,0
700774,3,17/06/2026,22/06/2026,22/06/2026,CUST-104,SKU-1007,WH-02,100,100,66.6,0.1
700775,1,17/06/2026,19/06/2026,19/06/2026,CUST-152,SKU-1006,WH-02,50,50,54.97,0
700775,2,17/06/2026,19/06/2026,19/06/2026,CUST-152,SKU-1022,WH-02,20,20,11.23,0
700775,3,17/06/2026,19/06/2026,19/06/2026,CUST-152,SKU-1011,WH-02,150,150,39.0,0
700775,4,17/06/2026,19/06/2026,19/06/2026,CUST-152,SKU-1001,WH-02,75,75,59.63,0
700776,1,18/06/2026,21/06/2026,20/06/2026,CUST-137,SKU-1004,WH-03,25,22,44.52,0
700776,2,18/06/2026,21/06/2026,20/06/2026,CUST-137,SKU-1010,WH-03,20,20,75.49,0
700776,3,18/06/2026,21/06/2026,20/06/2026,CUST-137,SKU-1006,WH-03,75,75,54.97,0
700777,1,18/06/2026,22/06/2026,24/06/2026,CUST-140,SKU-1005,WH-03,75,75,77.98,0
700777,2,18/06/2026,22/06/2026,24/06/2026,CUST-140,SKU-1023,WH-03,200,200,19.51,0
700777,3,18/06/2026,22/06/2026,24/06/2026,CUST-140,SKU-1015,WH-03,50,45,27.45,0.1
700778,1,18/06/2026,21/06/2026,21/06/2026,CUST-153,SKU-1005,WH-02,200,200,77.98,0.125
700778,2,18/06/2026,21/06/2026,21/06/2026,CUST-153,SKU-1004,WH-02,10,10,44.52,0.125
700778,3,18/06/2026,21/06/2026,21/06/2026,CUST-153,SKU-1006,WH-02,25,25,54.97,0.125
700779,1,18/06/2026,23/06/2026,24/06/2026,CUST-145,SKU-1010,WH-04,150,150,75.49,0
700779,2,18/06/2026,23/06/2026,24/06/2026,CUST-145,SKU-1021,WH-04,20,16,50.68,0
700780,1,18/06/2026,23/06/2026,28/06/2026,CUST-159,SKU-1023,WH-02,100,100,19.51,0
700781,1,19/06/2026,21/06/2026,26/06/2026,CUST-127,SKU-1004,WH-03,50,50,44.52,0.125
700781,2,19/06/2026,21/06/2026,26/06/2026,CUST-127,SKU-1011,WH-03,75,75,39.0,0
700781,3,19/06/2026,21/06/2026,26/06/2026,CUST-127,SKU-1003,WH-03,20,20,52.5,0.1
700782,1,19/06/2026,21/06/2026,22/06/2026,CUST-140,SKU-1020,WH-02,20,20,72.1,0.125
700782,2,19/06/2026,21/06/2026,22/06/2026,CUST-140,SKU-1002,WH-02,50,50,54.08,0
700782,3,19/06/2026,21/06/2026,22/06/2026,CUST-140,SKU-1005,WH-02,100,100,77.98,0.125
700782,4,19/06/2026,21/06/2026,22/06/2026,CUST-140,SKU-1012,WH-02,150,150,54.11,0.125
700783,1,19/06/2026,23/06/2026,25/06/2026,CUST-115,SKU-1024,WH-03,100,100,68.06,0.05
700784,1,19/06/2026,21/06/2026,22/06/2026,CUST-153,SKU-1007,WH-04,200,200,66.6,0.05
700784,2,19/06/2026,21/06/2026,22/06/2026,CUST-153,SKU-1013,WH-04,75,75,75.26,0.125
700784,3,19/06/2026,21/06/2026,22/06/2026,CUST-153,SKU-1012,WH-04,10,10,54.11,0
700785,1,19/06/2026,26/06/2026,25/06/2026,CUST-143,SKU-1002,WH-01,100,100,54.08,0.125
700785,2,19/06/2026,26/06/2026,25/06/2026,CUST-143,SKU-1011,WH-01,25,25,39.0,0
700786,1,19/06/2026,22/06/2026,21/06/2026,CUST-156,SKU-1017,WH-01,25,25,44.62,0
700786,2,19/06/2026,22/06/2026,21/06/2026,CUST-156,SKU-1010,WH-01,25,25,75.49,0.05
700787,1,19/06/2026,24/06/2026,24/06/2026,CUST-126,SKU-1016,WH-01,25,25,19.18,0
700788,1,19/06/2026,23/06/2026,24/06/2026,CUST-131,SKU-1024,WH-03,75,75,68.06,0.125
700789,1,22/06/2026,25/06/2026,24/06/2026,CUST-157,SKU-1016,WH-01,75,75,19.18,0
700789,2,22/06/2026,25/06/2026,24/06/2026,CUST-157,SKU-1001,WH-01,20,16,59.63,0
700789,3,22/06/2026,25/06/2026,24/06/2026,CUST-157,SKU-1009,WH-01,100,100,32.15,0.125
700789,4,22/06/2026,25/06/2026,24/06/2026,CUST-157,SKU-1014,WH-01,150,150,100.88,0.05
700790,1,22/06/2026,24/06/2026,23/06/2026,CUST-111,SKU-1007,WH-02,50,50,66.6,0
700790,2,22/06/2026,24/06/2026,23/06/2026,CUST-111,SKU-1014,WH-02,150,150,100.88,0.05
700790,3,22/06/2026,24/06/2026,23/06/2026,CUST-111,SKU-1007,WH-02,20,20,66.6,0
700790,4,22/06/2026,24/06/2026,23/06/2026,CUST-111,SKU-1015,WH-02,20,20,27.45,0
700791,1,22/06/2026,27/06/2026,26/06/2026,CUST-134,SKU-1021,WH-02,20,20,50.68,0
700791,2,22/06/2026,27/06/2026,26/06/2026,CUST-134,SKU-1023,WH-02,10,10,19.51,0.125
700792,1,22/06/2026,24/06/2026,23/06/2026,CUST-151,SKU-1011,WH-03,10,10,39.0,0
700792,2,22/06/2026,24/06/2026,23/06/2026,CUST-151,SKU-1022,WH-03,25,10,11.23,0
700792,3,22/06/2026,24/06/2026,23/06/2026,CUST-151,SKU-1010,WH-03,10,10,75.49,0.1
700792,4,22/06/2026,24/06/2026,23/06/2026,CUST-151,SKU-1004,WH-03,25,25,44.52,0.05
700793,1,23/06/2026,28/06/2026,28/06/2026,CUST-130,SKU-1002,WH-03,150,150,54.08,0
700793,2,23/06/2026,28/06/2026,28/06/2026,CUST-130,SKU-1015,WH-03,50,50,27.45,0.1
700793,3,23/06/2026,28/06/2026,28/06/2026,CUST-130,SKU-1009,WH-03,10,10,32.15,0
700793,4,23/06/2026,28/06/2026,28/06/2026,CUST-130,SKU-1003,WH-03,25,10,52.5,0.125
700794,1,23/06/2026,25/06/2026,27/06/2026,CUST-114,SKU-1013,WH-02,75,75,75.26,0
700794,2,23/06/2026,25/06/2026,27/06/2026,CUST-114,SKU-1024,WH-02,150,150,68.06,0
700795,1,23/06/2026,25/06/2026,25/06/2026,CUST-146,SKU-1009,WH-02,10,10,32.15,0
700795,2,23/06/2026,25/06/2026,25/06/2026,CUST-146,SKU-1015,WH-02,10,10,27.45,0.125
700796,1,23/06/2026,26/06/2026,25/06/2026,CUST-150,SKU-1009,WH-04,10,10,32.15,0.125
700796,2,23/06/2026,26/06/2026,25/06/2026,CUST-150,SKU-1020,WH-04,200,160,72.1,0.05
700796,3,23/06/2026,26/06/2026,25/06/2026,CUST-150,SKU-1005,WH-04,20,20,77.98,0
700797,1,23/06/2026,28/06/2026,27/06/2026,CUST-137,SKU-1009,WH-02,20,12,32.15,0.125
700798,1,23/06/2026,26/06/2026,27/06/2026,CUST-159,SKU-1014,WH-02,150,150,100.88,0
700798,2,23/06/2026,26/06/2026,27/06/2026,CUST-159,SKU-1022,WH-02,200,160,11.23,0
700799,1,23/06/2026,25/06/2026,24/06/2026,CUST-130,SKU-1014,WH-02,25,25,100.88,0
700799,2,23/06/2026,25/06/2026,24/06/2026,CUST-130,SKU-1001,WH-02,10,10,59.63,0.125
700799,3,23/06/2026,25/06/2026,24/06/2026,CUST-130,SKU-1008,WH-02,100,100,12.26,0.125
700800,1,24/06/2026,27/06/2026,27/06/2026,CUST-150,SKU-1014,WH-03,10,10,100.88,0
700801,1,24/06/2026,27/06/2026,02/07/2026,CUST-143,SKU-1013,WH-04,20,20,75.26,0
700802,1,24/06/2026,27/06/2026,26/06/2026,CUST-103,SKU-1005,WH-04,20,20,77.98,0
700803,1,24/06/2026,27/06/2026,27/06/2026,CUST-120,SKU-1012,WH-02,25,25,54.11,0
700804,1,24/06/2026,27/06/2026,29/06/2026,CUST-114,SKU-1021,WH-02,50,50,50.68,0.1
700804,2,24/06/2026,27/06/2026,29/06/2026,CUST-114,SKU-1010,WH-02,10,10,75.49,0.125
700804,3,24/06/2026,27/06/2026,29/06/2026,CUST-114,SKU-1002,WH-02,75,75,54.08,0.125
700805,1,24/06/2026,28/06/2026,29/06/2026,CUST-156,SKU-1010,WH-04,10,10,75.49,0.125
700805,2,24/06/2026,28/06/2026,29/06/2026,CUST-156,SKU-1012,WH-04,200,200,54.11,0
700805,3,24/06/2026,28/06/2026,29/06/2026,CUST-156,SKU-1019,WH-04,75,75,68.25,0
700805,4,24/06/2026,28/06/2026,29/06/2026,CUST-156,SKU-1002,WH-04,10,10,54.08,0
700806,1,25/06/2026,02/07/2026,07/07/2026,CUST-115,SKU-1019,WH-02,75,75,68.25,0
700806,2,25/06/2026,02/07/2026,07/07/2026,CUST-115,SKU-1020,WH-02,100,100,72.1,0
700806,3,25/06/2026,02/07/2026,07/07/2026,CUST-115,SKU-1006,WH-02,75,75,54.97,0
700807,1,25/06/2026,28/06/2026,27/06/2026,CUST-152,SKU-1017,WH-02,150,150,44.62,0
700807,2,25/06/2026,28/06/2026,27/06/2026,CUST-152,SKU-1020,WH-02,10,10,72.1,0.05
700807,3,25/06/2026,28/06/2026,27/06/2026,CUST-152,SKU-1013,WH-02,25,25,75.26,0
700808,1,25/06/2026,28/06/2026,27/06/2026,CUST-116,SKU-1003,WH-01,75,75,52.5,0
700808,2,25/06/2026,28/06/2026,27/06/2026,CUST-116,SKU-1002,WH-01,10,10,54.08,0
700808,3,25/06/2026,28/06/2026,27/06/2026,CUST-116,SKU-1017,WH-01,10,10,44.62,0
700808,4,25/06/2026,28/06/2026,27/06/2026,CUST-116,SKU-1018,WH-01,25,25,66.93,0
700809,1,25/06/2026,27/06/2026,29/06/2026,CUST-102,SKU-1016,WH-02,20,8,19.18,0
700810,1,26/06/2026,29/06/2026,28/06/2026,CUST-125,SKU-1024,WH-03,20,20,68.06,0.05
700811,1,26/06/2026,29/06/2026,28/06/2026,CUST-158,SKU-1010,WH-01,10,10,75.49,0.125
700811,2,26/06/2026,29/06/2026,28/06/2026,CUST-158,SKU-1020,WH-01,50,50,72.1,0
700812,1,26/06/2026,03/07/2026,02/07/2026,CUST-134,SKU-1024,WH-02,50,30,68.06,0.1
700812,2,26/06/2026,03/07/2026,02/07/2026,CUST-134,SKU-1010,WH-02,10,10,75.49,0
700812,3,26/06/2026,03/07/2026,02/07/2026,CUST-134,SKU-1017,WH-02,10,10,44.62,0
700812,4,26/06/2026,03/07/2026,02/07/2026,CUST-134,SKU-1015,WH-02,150,150,27.45,0
700813,1,26/06/2026,28/06/2026,28/06/2026,CUST-108,SKU-1020,WH-03,25,25,72.1,0
700813,2,26/06/2026,28/06/2026,28/06/2026,CUST-108,SKU-1017,WH-03,200,200,44.62,0.05
700813,3,26/06/2026,28/06/2026,28/06/2026,CUST-108,SKU-1009,WH-03,25,25,32.15,0
700814,1,26/06/2026,28/06/2026,28/06/2026,CUST-156,SKU-1021,WH-02,50,50,50.68,0
700814,2,26/06/2026,28/06/2026,28/06/2026,CUST-156,SKU-1005,WH-02,100,100,77.98,0.05
700814,3,26/06/2026,28/06/2026,28/06/2026,CUST-156,SKU-1023,WH-02,75,75,19.51,0.1
700814,4,26/06/2026,28/06/2026,28/06/2026,CUST-156,SKU-1019,WH-02,75,75,68.25,0.1
700815,1,26/06/2026,30/06/2026,30/06/2026,CUST-134,SKU-1018,WH-03,20,20,66.93,0
700815,2,26/06/2026,30/06/2026,30/06/2026,CUST-134,SKU-1007,WH-03,75,75,66.6,0
700816,1,29/06/2026,06/07/2026,06/07/2026,CUST-111,SKU-1015,WH-03,200,200,27.45,0.125
700816,2,29/06/2026,06/07/2026,06/07/2026,CUST-111,SKU-1013,WH-03,20,20,75.26,0.125
700816,3,29/06/2026,06/07/2026,06/07/2026,CUST-111,SKU-1016,WH-03,20,8,19.18,0
700817,1,29/06/2026,01/07/2026,30/06/2026,CUST-127,SKU-1012,WH-01,20,20,54.11,0
700817,2,29/06/2026,01/07/2026,30/06/2026,CUST-127,SKU-1013,WH-01,10,10,75.26,0.1
700817,3,29/06/2026,01/07/2026,30/06/2026,CUST-127,SKU-1024,WH-01,50,50,68.06,0.125
700818,1,29/06/2026,02/07/2026,01/07/2026,CUST-127,SKU-1020,WH-01,25,25,72.1,0
700818,2,29/06/2026,02/07/2026,01/07/2026,CUST-127,SKU-1013,WH-01,25,25,75.26,0
700818,3,29/06/2026,02/07/2026,01/07/2026,CUST-127,SKU-1004,WH-01,75,75,44.52,0
700819,1,29/06/2026,01/07/2026,01/07/2026,CUST-101,SKU-1021,WH-02,25,25,50.68,0
700819,2,29/06/2026,01/07/2026,01/07/2026,CUST-101,SKU-1006,WH-02,20,20,54.97,0
700820,1,29/06/2026,01/07/2026,06/07/2026,CUST-121,SKU-1006,WH-02,10,10,54.97,0.1
700821,1,29/06/2026,02/07/2026,03/07/2026,CUST-134,SKU-1023,WH-02,10,10,19.51,0
700822,1,29/06/2026,01/07/2026,30/06/2026,CUST-157,SKU-1016,WH-01,50,50,19.18,0.125
700822,2,29/06/2026,01/07/2026,30/06/2026,CUST-157,SKU-1002,WH-01,20,20,54.08,0.05
700822,3,29/06/2026,01/07/2026,30/06/2026,CUST-157,SKU-1016,WH-01,150,150,19.18,0
700823,1,29/06/2026,04/07/2026,04/07/2026,CUST-110,SKU-1021,WH-02,50,50,50.68,0.05
700824,1,29/06/2026,02/07/2026,02/07/2026,CUST-145,SKU-1010,WH-03,50,50,75.49,0
700824,2,29/06/2026,02/07/2026,02/07/2026,CUST-145,SKU-1021,WH-03,50,50,50.68,0.125
700824,3,29/06/2026,02/07/2026,02/07/2026,CUST-145,SKU-1010,WH-03,10,10,75.49,0
700825,1,30/06/2026,02/07/2026,01/07/2026,CUST-142,SKU-1015,WH-04,100,100,27.45,0
700826,1,30/06/2026,02/07/2026,04/07/2026,CUST-139,SKU-1010,WH-03,50,50,75.49,0
700826,2,30/06/2026,02/07/2026,04/07/2026,CUST-139,SKU-1017,WH-03,10,10,44.62,0
700827,1,30/06/2026,02/07/2026,01/07/2026,CUST-134,SKU-1006,WH-03,25,25,54.97,0
700827,2,30/06/2026,02/07/2026,01/07/2026,CUST-134,SKU-1020,WH-03,20,20,72.1,0.05
700827,3,30/06/2026,02/07/2026,01/07/2026,CUST-134,SKU-1024,WH-03,20,20,68.06,0.1
700827,4,30/06/2026,02/07/2026,01/07/2026,CUST-134,SKU-1001,WH-03,200,200,59.63,0.1
700828,1,30/06/2026,05/07/2026,10/07/2026,CUST-119,SKU-1008,WH-04,200,200,12.26,0
700828,2,30/06/2026,05/07/2026,10/07/2026,CUST-119,SKU-1015,WH-04,50,50,27.45,0.125
700829,1,01/07/2026,05/07/2026,04/07/2026,CUST-122,SKU-1018,WH-02,10,10,66.93,0.1
700829,2,01/07/2026,05/07/2026,04/07/2026,CUST-122,SKU-1001,WH-02,200,200,59.63,0
700829,3,01/07/2026,05/07/2026,04/07/2026,CUST-122,SKU-1004,WH-02,25,25,44.52,0
700829,4,01/07/2026,05/07/2026,04/07/2026,CUST-122,SKU-1011,WH-02,50,50,39.0,0.05
700830,1,01/07/2026,04/07/2026,03/07/2026,CUST-158,SKU-1018,WH-02,50,40,66.93,0
700830,2,01/07/2026,04/07/2026,03/07/2026,CUST-158,SKU-1012,WH-02,200,200,54.11,0.05
700830,3,01/07/2026,04/07/2026,03/07/2026,CUST-158,SKU-1021,WH-02,200,200,50.68,0.05
700831,1,01/07/2026,04/07/2026,03/07/2026,CUST-127,SKU-1013,WH-03,75,75,75.26,0
700832,1,01/07/2026,06/07/2026,05/07/2026,CUST-110,SKU-1018,WH-04,75,67,66.93,0.125
700832,2,01/07/2026,06/07/2026,05/07/2026,CUST-110,SKU-1013,WH-04,20,20,75.26,0
700832,3,01/07/2026,06/07/2026,05/07/2026,CUST-110,SKU-1017,WH-04,25,25,44.62,0.05
700833,1,01/07/2026,04/07/2026,04/07/2026,CUST-127,SKU-1006,WH-04,25,25,54.97,0.05
700833,2,01/07/2026,04/07/2026,04/07/2026,CUST-127,SKU-1022,WH-04,20,20,11.23,0
700833,3,01/07/2026,04/07/2026,04/07/2026,CUST-127,SKU-1002,WH-04,20,20,54.08,0
700834,1,02/07/2026,05/07/2026,10/07/2026,CUST-133,SKU-1014,WH-03,20,20,100.88,0.1
700834,2,02/07/2026,05/07/2026,10/07/2026,CUST-133,SKU-1019,WH-03,20,20,68.25,0.125
700834,3,02/07/2026,05/07/2026,10/07/2026,CUST-133,SKU-1002,WH-03,150,150,54.08,0
700834,4,02/07/2026,05/07/2026,10/07/2026,CUST-133,SKU-1010,WH-03,25,25,75.49,0.1
700835,1,02/07/2026,09/07/2026,09/07/2026,CUST-133,SKU-1021,WH-01,150,150,50.68,0
700835,2,02/07/2026,09/07/2026,09/07/2026,CUST-133,SKU-1024,WH-01,10,10,68.06,0.1
700835,3,02/07/2026,09/07/2026,09/07/2026,CUST-133,SKU-1006,WH-01,25,22,54.97,0.05
700836,1,02/07/2026,05/07/2026,10/07/2026,CUST-135,SKU-1009,WH-02,10,10,32.15,0.125
700836,2,02/07/2026,05/07/2026,10/07/2026,CUST-135,SKU-1018,WH-02,200,200,66.93,0.125
700836,3,02/07/2026,05/07/2026,10/07/2026,CUST-135,SKU-1007,WH-02,20,20,66.6,0
700837,1,02/07/2026,09/07/2026,08/07/2026,CUST-148,SKU-1023,WH-02,100,40,19.51,0.1
700838,1,02/07/2026,09/07/2026,08/07/2026,CUST-107,SKU-1017,WH-03,50,50,44.62,0
700839,1,02/07/2026,05/07/2026,04/07/2026,CUST-122,SKU-1007,WH-02,50,50,66.6,0
700839,2,02/07/2026,05/07/2026,04/07/2026,CUST-122,SKU-1004,WH-02,50,50,44.52,0.05
700840,1,02/07/2026,05/07/2026,04/07/2026,CUST-127,SKU-1006,WH-04,75,75,54.97,0.05
700840,2,02/07/2026,05/07/2026,04/07/2026,CUST-127,SKU-1014,WH-04,150,150,100.88,0
700840,3,02/07/2026,05/07/2026,04/07/2026,CUST-127,SKU-1009,WH-04,10,10,32.15,0
700840,4,02/07/2026,05/07/2026,04/07/2026,CUST-127,SKU-1003,WH-04,50,50,52.5,0.05
700841,1,02/07/2026,05/07/2026,10/07/2026,CUST-130,SKU-1020,WH-04,25,25,72.1,0.1
700841,2,02/07/2026,05/07/2026,10/07/2026,CUST-130,SKU-1014,WH-04,150,150,100.88,0.05
700842,1,02/07/2026,05/07/2026,04/07/2026,CUST-130,SKU-1002,WH-04,100,100,54.08,0.05
700843,1,03/07/2026,06/07/2026,06/07/2026,CUST-128,SKU-1013,WH-02,150,150,75.26,0.05
700843,2,03/07/2026,06/07/2026,06/07/2026,CUST-128,SKU-1011,WH-02,10,9,39.0,0
700843,3,03/07/2026,06/07/2026,06/07/2026,CUST-128,SKU-1008,WH-02,100,100,12.26,0.1
700844,1,03/07/2026,10/07/2026,12/07/2026,CUST-124,SKU-1012,WH-02,200,200,54.11,0.1
700845,1,03/07/2026,06/07/2026,11/07/2026,CUST-150,SKU-1020,WH-04,25,25,72.1,0
700846,1,03/07/2026,10/07/2026,15/07/2026,CUST-101,SKU-1005,WH-04,150,60,77.98,0.125
700846,2,03/07/2026,10/07/2026,15/07/2026,CUST-101,SKU-1020,WH-04,75,75,72.1,0.05
700846,3,03/07/2026,10/07/2026,15/07/2026,CUST-101,SKU-1010,WH-04,200,200,75.49,0.125
700846,4,03/07/2026,10/07/2026,15/07/2026,CUST-101,SKU-1021,WH-04,50,50,50.68,0.125
700847,1,03/07/2026,06/07/2026,05/07/2026,CUST-115,SKU-1022,WH-04,10,10,11.23,0.05
700847,2,03/07/2026,06/07/2026,05/07/2026,CUST-115,SKU-1018,WH-04,150,150,66.93,0.125
700847,3,03/07/2026,06/07/2026,05/07/2026,CUST-115,SKU-1011,WH-04,100,100,39.0,0
700848,1,06/07/2026,10/07/2026,09/07/2026,CUST-107,SKU-1008,WH-03,10,10,12.26,0
700849,1,06/07/2026,08/07/2026,10/07/2026,CUST-144,SKU-1013,WH-01,200,200,75.26,0.05
700849,2,06/07/2026,08/07/2026,10/07/2026,CUST-144,SKU-1005,WH-01,50,50,77.98,0
700850,1,06/07/2026,09/07/2026,10/07/2026,CUST-134,SKU-1016,WH-03,10,10,19.18,0.05
700850,2,06/07/2026,09/07/2026,10/07/2026,CUST-134,SKU-1013,WH-03,100,40,75.26,0
700850,3,06/07/2026,09/07/2026,10/07/2026,CUST-134,SKU-1007,WH-03,200,200,66.6,0.05
700850,4,06/07/2026,09/07/2026,10/07/2026,CUST-134,SKU-1017,WH-03,50,50,44.62,0
700851,1,06/07/2026,09/07/2026,09/07/2026,CUST-132,SKU-1006,WH-01,200,200,54.97,0
700851,2,06/07/2026,09/07/2026,09/07/2026,CUST-132,SKU-1018,WH-01,10,10,66.93,0.125
700851,3,06/07/2026,09/07/2026,09/07/2026,CUST-132,SKU-1004,WH-01,25,25,44.52,0.125
700851,4,06/07/2026,09/07/2026,09/07/2026,CUST-132,SKU-1012,WH-01,10,10,54.11,0.125
700852,1,06/07/2026,10/07/2026,10/07/2026,CUST-141,SKU-1021,WH-04,75,75,50.68,0.05
700852,2,06/07/2026,10/07/2026,10/07/2026,CUST-141,SKU-1004,WH-04,200,200,44.52,0
700852,3,06/07/2026,10/07/2026,10/07/2026,CUST-141,SKU-1002,WH-04,10,10,54.08,0
700852,4,06/07/2026,10/07/2026,10/07/2026,CUST-141,SKU-1011,WH-04,20,20,39.0,0.05
700853,1,06/07/2026,08/07/2026,10/07/2026,CUST-126,SKU-1009,WH-04,75,75,32.15,0
700853,2,06/07/2026,08/07/2026,10/07/2026,CUST-126,SKU-1012,WH-04,50,50,54.11,0.125
700854,1,06/07/2026,09/07/2026,11/07/2026,CUST-115,SKU-1007,WH-02,200,200,66.6,0
700854,2,06/07/2026,09/07/2026,11/07/2026,CUST-115,SKU-1005,WH-02,150,150,77.98,0.1
700854,3,06/07/2026,09/07/2026,11/07/2026,CUST-115,SKU-1001,WH-02,50,50,59.63,0
700855,1,07/07/2026,10/07/2026,09/07/2026,CUST-107,SKU-1021,WH-04,75,75,50.68,0
700855,2,07/07/2026,10/07/2026,09/07/2026,CUST-107,SKU-1016,WH-04,150,150,19.18,0
700856,1,07/07/2026,14/07/2026,14/07/2026,CUST-142,SKU-1014,WH-04,50,50,100.88,0.05
700857,1,07/07/2026,10/07/2026,15/07/2026,CUST-125,SKU-1003,WH-04,100,100,52.5,0
700857,2,07/07/2026,10/07/2026,15/07/2026,CUST-125,SKU-1009,WH-04,50,50,32.15,0.125
700857,3,07/07/2026,10/07/2026,15/07/2026,CUST-125,SKU-1020,WH-04,50,20,72.1,0.1
700857,4,07/07/2026,10/07/2026,15/07/2026,CUST-125,SKU-1017,WH-04,25,25,44.62,0
700858,1,07/07/2026,14/07/2026,16/07/2026,CUST-114,SKU-1008,WH-03,200,120,12.26,0
700858,2,07/07/2026,14/07/2026,16/07/2026,CUST-114,SKU-1007,WH-03,200,200,66.6,0
700858,3,07/07/2026,14/07/2026,16/07/2026,CUST-114,SKU-1018,WH-03,20,20,66.93,0.05
700859,1,08/07/2026,12/07/2026,17/07/2026,CUST-105,SKU-1007,WH-03,200,200,66.6,0.125
700860,1,08/07/2026,13/07/2026,13/07/2026,CUST-104,SKU-1005,WH-04,100,100,77.98,0.1
700860,2,08/07/2026,13/07/2026,13/07/2026,CUST-104,SKU-1001,WH-04,150,120,59.63,0
700861,1,08/07/2026,12/07/2026,11/07/2026,CUST-135,SKU-1001,WH-03,25,25,59.63,0.125
700861,2,08/07/2026,12/07/2026,11/07/2026,CUST-135,SKU-1009,WH-03,50,50,32.15,0.125
700861,3,08/07/2026,12/07/2026,11/07/2026,CUST-135,SKU-1002,WH-03,10,10,54.08,0
700862,1,08/07/2026,13/07/2026,12/07/2026,CUST-159,SKU-1008,WH-04,10,10,12.26,0
700863,1,08/07/2026,11/07/2026,10/07/2026,CUST-150,SKU-1024,WH-02,20,20,68.06,0
700863,2,08/07/2026,11/07/2026,10/07/2026,CUST-150,SKU-1011,WH-02,75,75,39.0,0
700863,3,08/07/2026,11/07/2026,10/07/2026,CUST-150,SKU-1020,WH-02,10,10,72.1,0.05
700864,1,08/07/2026,11/07/2026,10/07/2026,CUST-142,SKU-1020,WH-04,10,10,72.1,0
700864,2,08/07/2026,11/07/2026,10/07/2026,CUST-142,SKU-1013,WH-04,150,150,75.26,0
700865,1,08/07/2026,10/07/2026,10/07/2026,CUST-139,SKU-1007,WH-04,150,150,66.6,0
700865,2,08/07/2026,10/07/2026,10/07/2026,CUST-139,SKU-1021,WH-04,100,100,50.68,0.05
700866,1,08/07/2026,13/07/2026,12/07/2026,CUST-113,SKU-1019,WH-04,75,75,68.25,0.125
700866,2,08/07/2026,13/07/2026,12/07/2026,CUST-113,SKU-1011,WH-04,150,135,39.0,0
700866,3,08/07/2026,13/07/2026,12/07/2026,CUST-113,SKU-1019,WH-04,25,25,68.25,0
700866,4,08/07/2026,13/07/2026,12/07/2026,CUST-113,SKU-1013,WH-04,100,100,75.26,0
700867,1,09/07/2026,12/07/2026,13/07/2026,CUST-108,SKU-1004,WH-04,10,10,44.52,0
700867,2,09/07/2026,12/07/2026,13/07/2026,CUST-108,SKU-1012,WH-04,20,20,54.11,0
700867,3,09/07/2026,12/07/2026,13/07/2026,CUST-108,SKU-1007,WH-04,20,20,66.6,0.125
700868,1,09/07/2026,14/07/2026,13/07/2026,CUST-111,SKU-1019,WH-04,20,20,68.25,0
700868,2,09/07/2026,14/07/2026,13/07/2026,CUST-111,SKU-1007,WH-04,150,150,66.6,0
700868,3,09/07/2026,14/07/2026,13/07/2026,CUST-111,SKU-1014,WH-04,75,75,100.88,0
700868,4,09/07/2026,14/07/2026,13/07/2026,CUST-111,SKU-1007,WH-04,150,150,66.6,0.05
700869,1,09/07/2026,13/07/2026,12/07/2026,CUST-113,SKU-1021,WH-01,10,10,50.68,0.05
700869,2,09/07/2026,13/07/2026,12/07/2026,CUST-113,SKU-1023,WH-01,10,10,19.51,0
700869,3,09/07/2026,13/07/2026,12/07/2026,CUST-113,SKU-1005,WH-01,10,4,77.98,0.125
700869,4,09/07/2026,13/07/2026,12/07/2026,CUST-113,SKU-1009,WH-01,100,100,32.15,0
700870,1,09/07/2026,12/07/2026,11/07/2026,CUST-148,SKU-1017,WH-04,25,25,44.62,0.1
700870,2,09/07/2026,12/07/2026,11/07/2026,CUST-148,SKU-1013,WH-04,10,10,75.26,0.125
700870,3,09/07/2026,12/07/2026,11/07/2026,CUST-148,SKU-1017,WH-04,75,60,44.62,0.1
700870,4,09/07/2026,12/07/2026,11/07/2026,CUST-148,SKU-1022,WH-04,150,60,11.23,0.1
700871,1,09/07/2026,16/07/2026,18/07/2026,CUST-153,SKU-1022,WH-02,200,200,11.23,0
700871,2,09/07/2026,16/07/2026,18/07/2026,CUST-153,SKU-1015,WH-02,10,4,27.45,0
700872,1,09/07/2026,11/07/2026,10/07/2026,CUST-140,SKU-1024,WH-03,150,60,68.06,0
700872,2,09/07/2026,11/07/2026,10/07/2026,CUST-140,SKU-1009,WH-03,25,25,32.15,0
700873,1,09/07/2026,14/07/2026,14/07/2026,CUST-156,SKU-1003,WH-04,50,50,52.5,0
700873,2,09/07/2026,14/07/2026,14/07/2026,CUST-156,SKU-1007,WH-04,10,10,66.6,0
700874,1,09/07/2026,11/07/2026,11/07/2026,CUST-121,SKU-1006,WH-02,25,25,54.97,0.05
700874,2,09/07/2026,11/07/2026,11/07/2026,CUST-121,SKU-1019,WH-02,75,75,68.25,0.1
700875,1,10/07/2026,14/07/2026,14/07/2026,CUST-131,SKU-1008,WH-02,100,100,12.26,0.05
700875,2,10/07/2026,14/07/2026,14/07/2026,CUST-131,SKU-1011,WH-02,75,75,39.0,0.1
700875,3,10/07/2026,14/07/2026,14/07/2026,CUST-131,SKU-1008,WH-02,75,75,12.26,0.05
700876,1,10/07/2026,15/07/2026,20/07/2026,CUST-105,SKU-1024,WH-01,150,150,68.06,0.125
700877,1,10/07/2026,14/07/2026,14/07/2026,CUST-105,SKU-1022,WH-02,200,200,11.23,0
700877,2,10/07/2026,14/07/2026,14/07/2026,CUST-105,SKU-1003,WH-02,10,10,52.5,0.125
700877,3,10/07/2026,14/07/2026,14/07/2026,CUST-105,SKU-1008,WH-02,10,10,12.26,0.125
700877,4,10/07/2026,14/07/2026,14/07/2026,CUST-105,SKU-1006,WH-02,50,50,54.97,0.125
700878,1,10/07/2026,13/07/2026,18/07/2026,CUST-133,SKU-1010,WH-02,20,20,75.49,0
700878,2,10/07/2026,13/07/2026,18/07/2026,CUST-133,SKU-1020,WH-02,25,22,72.1,0.125
700878,3,10/07/2026,13/07/2026,18/07/2026,CUST-133,SKU-1010,WH-02,50,50,75.49,0.05
700879,1,13/07/2026,20/07/2026,25/07/2026,CUST-139,SKU-1012,WH-03,50,50,54.11,0.1
700879,2,13/07/2026,20/07/2026,25/07/2026,CUST-139,SKU-1015,WH-03,100,100,27.45,0.1
700879,3,13/07/2026,20/07/2026,25/07/2026,CUST-139,SKU-1022,WH-03,25,25,11.23,0
700879,4,13/07/2026,20/07/2026,25/07/2026,CUST-139,SKU-1018,WH-03,50,50,66.93,0
700880,1,13/07/2026,17/07/2026,19/07/2026,CUST-144,SKU-1001,WH-04,200,200,59.63,0.05
700881,1,13/07/2026,16/07/2026,15/07/2026,CUST-124,SKU-1009,WH-01,20,20,32.15,0.05
700881,2,13/07/2026,16/07/2026,15/07/2026,CUST-124,SKU-1012,WH-01,100,100,54.11,0
700881,3,13/07/2026,16/07/2026,15/07/2026,CUST-124,SKU-1010,WH-01,50,50,75.49,0
700882,1,13/07/2026,17/07/2026,16/07/2026,CUST-135,SKU-1003,WH-03,10,10,52.5,0.125
700882,2,13/07/2026,17/07/2026,16/07/2026,CUST-135,SKU-1008,WH-03,50,50,12.26,0.125
700882,3,13/07/2026,17/07/2026,16/07/2026,CUST-135,SKU-1023,WH-03,100,100,19.51,0
700882,4,13/07/2026,17/07/2026,16/07/2026,CUST-135,SKU-1011,WH-03,75,75,39.0,0.1
700883,1,13/07/2026,18/07/2026,20/07/2026,CUST-144,SKU-1023,WH-03,50,50,19.51,0
700883,2,13/07/2026,18/07/2026,20/07/2026,CUST-144,SKU-1024,WH-03,200,200,68.06,0.1
700884,1,13/07/2026,15/07/2026,20/07/2026,CUST-120,SKU-1021,WH-03,200,180,50.68,0
700884,2,13/07/2026,15/07/2026,20/07/2026,CUST-120,SKU-1020,WH-03,150,150,72.1,0
700884,3,13/07/2026,15/07/2026,20/07/2026,CUST-120,SKU-1011,WH-03,50,50,39.0,0.05
700884,4,13/07/2026,15/07/2026,20/07/2026,CUST-120,SKU-1008,WH-03,20,20,12.26,0
700885,1,13/07/2026,16/07/2026,16/07/2026,CUST-135,SKU-1001,WH-02,25,25,59.63,0.1
700885,2,13/07/2026,16/07/2026,16/07/2026,CUST-135,SKU-1006,WH-02,10,10,54.97,0.125
700886,1,13/07/2026,18/07/2026,23/07/2026,CUST-140,SKU-1008,WH-01,50,50,12.26,0
700887,1,13/07/2026,16/07/2026,17/07/2026,CUST-120,SKU-1016,WH-02,10,10,19.18,0.05
700887,2,13/07/2026,16/07/2026,17/07/2026,CUST-120,SKU-1001,WH-02,20,20,59.63,0
700888,1,14/07/2026,17/07/2026,17/07/2026,CUST-156,SKU-1011,WH-01,20,20,39.0,0
700889,1,14/07/2026,18/07/2026,18/07/2026,CUST-126,SKU-1005,WH-01,20,20,77.98,0
700890,1,14/07/2026,18/07/2026,18/07/2026,CUST-160,SKU-1019,WH-02,10,10,68.25,0.125
700890,2,14/07/2026,18/07/2026,18/07/2026,CUST-160,SKU-1014,WH-02,200,200,100.88,0
700891,1,14/07/2026,17/07/2026,22/07/2026,CUST-159,SKU-1009,WH-04,150,150,32.15,0
700892,1,14/07/2026,17/07/2026,18/07/2026,CUST-120,SKU-1009,WH-03,100,100,32.15,0.05
700892,2,14/07/2026,17/07/2026,18/07/2026,CUST-120,SKU-1014,WH-03,150,150,100.88,0
700892,3,14/07/2026,17/07/2026,18/07/2026,CUST-120,SKU-1023,WH-03,200,200,19.51,0
700893,1,14/07/2026,21/07/2026,22/07/2026,CUST-122,SKU-1008,WH-04,25,15,12.26,0
700893,2,14/07/2026,21/07/2026,22/07/2026,CUST-122,SKU-1003,WH-04,150,120,52.5,0
700894,1,14/07/2026,21/07/2026,21/07/2026,CUST-125,SKU-1015,WH-01,10,10,27.45,0.125
700894,2,14/07/2026,21/07/2026,21/07/2026,CUST-125,SKU-1004,WH-01,50,50,44.52,0.1
700894,3,14/07/2026,21/07/2026,21/07/2026,CUST-125,SKU-1020,WH-01,20,20,72.1,0.125
700894,4,14/07/2026,21/07/2026,21/07/2026,CUST-125,SKU-1014,WH-01,200,180,100.88,0.1
700895,1,14/07/2026,16/07/2026,15/07/2026,CUST-151,SKU-1024,WH-02,20,20,68.06,0.1
700895,2,14/07/2026,16/07/2026,15/07/2026,CUST-151,SKU-1020,WH-02,50,50,72.1,0.1
700895,3,14/07/2026,16/07/2026,15/07/2026,CUST-151,SKU-1018,WH-02,50,50,66.93,0
700896,1,14/07/2026,17/07/2026,16/07/2026,CUST-131,SKU-1017,WH-04,20,20,44.62,0
700896,2,14/07/2026,17/07/2026,16/07/2026,CUST-131,SKU-1006,WH-04,150,150,54.97,0.1
700896,3,14/07/2026,17/07/2026,16/07/2026,CUST-131,SKU-1007,WH-04,200,120,66.6,0
700897,1,15/07/2026,17/07/2026,16/07/2026,CUST-110,SKU-1024,WH-02,20,20,68.06,0
700897,2,15/07/2026,17/07/2026,16/07/2026,CUST-110,SKU-1019,WH-02,10,10,68.25,0.05
700898,1,15/07/2026,19/07/2026,20/07/2026,CUST-159,SKU-1016,WH-02,100,60,19.18,0.05
700898,2,15/07/2026,19/07/2026,20/07/2026,CUST-159,SKU-1022,WH-02,200,200,11.23,0.05
700899,1,15/07/2026,18/07/2026,18/07/2026,CUST-113,SKU-1021,WH-03,200,200,50.68,0.05
700899,2,15/07/2026,18/07/2026,18/07/2026,CUST-113,SKU-1005,WH-03,10,10,77.98,0
700899,3,15/07/2026,18/07/2026,18/07/2026,CUST-113,SKU-1016,WH-03,20,20,19.18,0.1
700900,1,15/07/2026,19/07/2026,18/07/2026,CUST-102,SKU-1017,WH-01,75,75,44.62,0
700900,2,15/07/2026,19/07/2026,18/07/2026,CUST-102,SKU-1022,WH-01,75,75,11.23,0.1
700901,1,15/07/2026,19/07/2026,19/07/2026,CUST-124,SKU-1001,WH-03,150,150,59.63,0
700901,2,15/07/2026,19/07/2026,19/07/2026,CUST-124,SKU-1011,WH-03,150,150,39.0,0.125
700901,3,15/07/2026,19/07/2026,19/07/2026,CUST-124,SKU-1015,WH-03,10,6,27.45,0.05
700902,1,15/07/2026,22/07/2026,23/07/2026,CUST-138,SKU-1010,WH-03,20,20,75.49,0
700902,2,15/07/2026,22/07/2026,23/07/2026,CUST-138,SKU-1004,WH-03,150,135,44.52,0
700902,3,15/07/2026,22/07/2026,23/07/2026,CUST-138,SKU-1003,WH-03,100,100,52.5,0.1
700902,4,15/07/2026,22/07/2026,23/07/2026,CUST-138,SKU-1007,WH-03,200,200,66.6,0
700903,1,15/07/2026,22/07/2026,21/07/2026,CUST-133,SKU-1003,WH-01,200,200,52.5,0
700903,2,15/07/2026,22/07/2026,21/07/2026,CUST-133,SKU-1005,WH-01,75,75,77.98,0
700903,3,15/07/2026,22/07/2026,21/07/2026,CUST-133,SKU-1015,WH-01,20,20,27.45,0
700903,4,15/07/2026,22/07/2026,21/07/2026,CUST-133,SKU-1008,WH-01,50,50,12.26,0.05
700904,1,15/07/2026,18/07/2026,20/07/2026,CUST-150,SKU-1009,WH-04,75,75,32.15,0.1
700905,1,15/07/2026,17/07/2026,16/07/2026,CUST-112,SKU-1021,WH-02,25,25,50.68,0
700905,2,15/07/2026,17/07/2026,16/07/2026,CUST-112,SKU-1014,WH-02,75,45,100.88,0
700906,1,16/07/2026,20/07/2026,19/07/2026,CUST-126,SKU-1011,WH-03,25,25,39.0,0.05
700906,2,16/07/2026,20/07/2026,19/07/2026,CUST-126,SKU-1009,WH-03,150,150,32.15,0.05
700906,3,16/07/2026,20/07/2026,19/07/2026,CUST-126,SKU-1002,WH-03,20,20,54.08,0
700906,4,16/07/2026,20/07/2026,19/07/2026,CUST-126,SKU-1006,WH-03,10,10,54.97,0.1
700907,1,16/07/2026,19/07/2026,24/07/2026,CUST-140,SKU-1021,WH-04,25,22,50.68,0
700907,2,16/07/2026,19/07/2026,24/07/2026,CUST-140,SKU-1019,WH-04,25,25,68.25,0
700907,3,16/07/2026,19/07/2026,24/07/2026,CUST-140,SKU-1004,WH-04,10,10,44.52,0
700908,1,16/07/2026,19/07/2026,18/07/2026,CUST-123,SKU-1015,WH-01,50,30,27.45,0.1
700908,2,16/07/2026,19/07/2026,18/07/2026,CUST-123,SKU-1010,WH-01,200,200,75.49,0
700909,1,16/07/2026,23/07/2026,23/07/2026,CUST-138,SKU-1017,WH-04,25,25,44.62,0.1
700909,2,16/07/2026,23/07/2026,23/07/2026,CUST-138,SKU-1001,WH-04,20,20,59.63,0.125
700910,1,16/07/2026,21/07/2026,20/07/2026,CUST-103,SKU-1021,WH-02,75,67,50.68,0
700910,2,16/07/2026,21/07/2026,20/07/2026,CUST-103,SKU-1013,WH-02,150,150,75.26,0.1
700910,3,16/07/2026,21/07/2026,20/07/2026,CUST-103,SKU-1021,WH-02,75,75,50.68,0
700910,4,16/07/2026,21/07/2026,20/07/2026,CUST-103,SKU-1017,WH-02,10,10,44.62,0
700911,1,16/07/2026,21/07/2026,26/07/2026,CUST-143,SKU-1022,WH-03,150,150,11.23,0.1
700911,2,16/07/2026,21/07/2026,26/07/2026,CUST-143,SKU-1001,WH-03,100,100,59.63,0.125
700912,1,16/07/2026,19/07/2026,20/07/2026,CUST-145,SKU-1016,WH-03,25,25,19.18,0.1
700913,1,17/07/2026,21/07/2026,21/07/2026,CUST-160,SKU-1011,WH-03,75,75,39.0,0
700913,2,17/07/2026,21/07/2026,21/07/2026,CUST-160,SKU-1014,WH-03,200,200,100.88,0.1
700913,3,17/07/2026,21/07/2026,21/07/2026,CUST-160,SKU-1023,WH-03,20,20,19.51,0
700914,1,17/07/2026,19/07/2026,18/07/2026,CUST-143,SKU-1004,WH-02,100,100,44.52,0
700914,2,17/07/2026,19/07/2026,18/07/2026,CUST-143,SKU-1001,WH-02,10,10,59.63,0
700915,1,17/07/2026,20/07/2026,19/07/2026,CUST-108,SKU-1015,WH-02,150,120,27.45,0.1
700916,1,17/07/2026,20/07/2026,25/07/2026,CUST-146,SKU-1005,WH-03,20,20,77.98,0.05
700917,1,17/07/2026,24/07/2026,26/07/2026,CUST-105,SKU-1011,WH-04,50,50,39.0,0.1
700917,2,17/07/2026,24/07/2026,26/07/2026,CUST-105,SKU-1020,WH-04,200,200,72.1,0.125
700918,1,20/07/2026,25/07/2026,24/07/2026,CUST-121,SKU-1005,WH-01,10,10,77.98,0
700918,2,20/07/2026,25/07/2026,24/07/2026,CUST-121,SKU-1004,WH-01,25,25,44.52,0.05
700918,3,20/07/2026,25/07/2026,24/07/2026,CUST-121,SKU-1018,WH-01,100,100,66.93,0.1
700918,4,20/07/2026,25/07/2026,24/07/2026,CUST-121,SKU-1016,WH-01,100,100,19.18,0
700919,1,20/07/2026,25/07/2026,24/07/2026,CUST-124,SKU-1018,WH-01,20,20,66.93,0
700919,2,20/07/2026,25/07/2026,24/07/2026,CUST-124,SKU-1009,WH-01,100,100,32.15,0
700920,1,20/07/2026,27/07/2026,26/07/2026,CUST-129,SKU-1015,WH-04,150,150,27.45,0
700920,2,20/07/2026,27/07/2026,26/07/2026,CUST-129,SKU-1007,WH-04,25,25,66.6,0
700920,3,20/07/2026,27/07/2026,26/07/2026,CUST-129,SKU-1007,WH-04,10,10,66.6,0
700920,4,20/07/2026,27/07/2026,26/07/2026,CUST-129,SKU-1023,WH-04,75,75,19.51,0.1
700921,1,20/07/2026,27/07/2026,28/07/2026,CUST-147,SKU-1012,WH-01,25,15,54.11,0.05
700921,2,20/07/2026,27/07/2026,28/07/2026,CUST-147,SKU-1005,WH-01,150,150,77.98,0
700921,3,20/07/2026,27/07/2026,28/07/2026,CUST-147,SKU-1011,WH-01,200,200,39.0,0.05
700921,4,20/07/2026,27/07/2026,28/07/2026,CUST-147,SKU-1005,WH-01,50,50,77.98,0.125
700922,1,20/07/2026,25/07/2026,25/07/2026,CUST-156,SKU-1017,WH-02,10,10,44.62,0
700922,2,20/07/2026,25/07/2026,25/07/2026,CUST-156,SKU-1016,WH-02,100,90,19.18,0
700923,1,20/07/2026,27/07/2026,26/07/2026,CUST-105,SKU-1014,WH-01,100,100,100.88,0.05
700923,2,20/07/2026,27/07/2026,26/07/2026,CUST-105,SKU-1018,WH-01,10,10,66.93,0
700924,1,20/07/2026,25/07/2026,27/07/2026,CUST-147,SKU-1014,WH-01,100,100,100.88,0
700925,1,20/07/2026,27/07/2026,01/08/2026,CUST-118,SKU-1020,WH-04,200,200,72.1,0
700925,2,20/07/2026,27/07/2026,01/08/2026,CUST-118,SKU-1004,WH-04,10,10,44.52,0
700925,3,20/07/2026,27/07/2026,01/08/2026,CUST-118,SKU-1006,WH-04,75,75,54.97,0
700926,1,21/07/2026,26/07/2026,28/07/2026,CUST-158,SKU-1015,WH-01,100,100,27.45,0.125
700926,2,21/07/2026,26/07/2026,28/07/2026,CUST-158,SKU-1024,WH-01,200,80,68.06,0.125
700927,1,21/07/2026,24/07/2026,23/07/2026,CUST-122,SKU-1016,WH-03,20,20,19.18,0.1
700927,2,21/07/2026,24/07/2026,23/07/2026,CUST-122,SKU-1013,WH-03,50,50,75.26,0
700927,3,21/07/2026,24/07/2026,23/07/2026,CUST-122,SKU-1018,WH-03,100,100,66.93,0.1
700928,1,21/07/2026,24/07/2026,23/07/2026,CUST-130,SKU-1005,WH-04,200,200,77.98,0
700928,2,21/07/2026,24/07/2026,23/07/2026,CUST-130,SKU-1003,WH-04,20,16,52.5,0
700929,1,21/07/2026,28/07/2026,28/07/2026,CUST-121,SKU-1001,WH-04,75,75,59.63,0
700929,2,21/07/2026,28/07/2026,28/07/2026,CUST-121,SKU-1017,WH-04,150,150,44.62,0
700930,1,21/07/2026,26/07/2026,25/07/2026,CUST-117,SKU-1001,WH-01,100,100,59.63,0
700930,2,21/07/2026,26/07/2026,25/07/2026,CUST-117,SKU-1003,WH-01,50,30,52.5,0
700930,3,21/07/2026,26/07/2026,25/07/2026,CUST-117,SKU-1024,WH-01,50,50,68.06,0.05
700930,4,21/07/2026,26/07/2026,25/07/2026,CUST-117,SKU-1024,WH-01,50,40,68.06,0
700931,1,21/07/2026,23/07/2026,22/07/2026,CUST-110,SKU-1023,WH-01,20,20,19.51,0
700931,2,21/07/2026,23/07/2026,22/07/2026,CUST-110,SKU-1012,WH-01,25,15,54.11,0.1
700932,1,21/07/2026,24/07/2026,29/07/2026,CUST-119,SKU-1013,WH-04,100,100,75.26,0.125
700932,2,21/07/2026,24/07/2026,29/07/2026,CUST-119,SKU-1011,WH-04,150,150,39.0,0.125
700933,1,22/07/2026,29/07/2026,03/08/2026,CUST-141,SKU-1012,WH-01,20,20,54.11,0
700933,2,22/07/2026,29/07/2026,03/08/2026,CUST-141,SKU-1001,WH-01,25,25,59.63,0.125
700933,3,22/07/2026,29/07/2026,03/08/2026,CUST-141,SKU-1012,WH-01,75,75,54.11,0.125
700933,4,22/07/2026,29/07/2026,03/08/2026,CUST-141,SKU-1012,WH-01,20,20,54.11,0.1
700934,1,22/07/2026,25/07/2026,24/07/2026,CUST-154,SKU-1014,WH-01,100,100,100.88,0
700934,2,22/07/2026,25/07/2026,24/07/2026,CUST-154,SKU-1007,WH-01,75,75,66.6,0
700934,3,22/07/2026,25/07/2026,24/07/2026,CUST-154,SKU-1002,WH-01,75,60,54.08,0.1
700935,1,22/07/2026,24/07/2026,23/07/2026,CUST-138,SKU-1006,WH-03,25,25,54.97,0.125
700935,2,22/07/2026,24/07/2026,23/07/2026,CUST-138,SKU-1020,WH-03,20,20,72.1,0
700935,3,22/07/2026,24/07/2026,23/07/2026,CUST-138,SKU-1004,WH-03,200,80,44.52,0.05
700935,4,22/07/2026,24/07/2026,23/07/2026,CUST-138,SKU-1016,WH-03,25,25,19.18,0.125
700936,1,22/07/2026,25/07/2026,25/07/2026,CUST-146,SKU-1007,WH-02,10,10,66.6,0.05
700936,2,22/07/2026,25/07/2026,25/07/2026,CUST-146,SKU-1006,WH-02,50,50,54.97,0
700937,1,22/07/2026,27/07/2026,28/07/2026,CUST-115,SKU-1004,WH-04,25,25,44.52,0.1
700937,2,22/07/2026,27/07/2026,28/07/2026,CUST-115,SKU-1003,WH-04,20,20,52.5,0.125
700937,3,22/07/2026,27/07/2026,28/07/2026,CUST-115,SKU-1004,WH-04,20,20,44.52,0.05
700937,4,22/07/2026,27/07/2026,28/07/2026,CUST-115,SKU-1009,WH-04,100,100,32.15,0.1
700938,1,23/07/2026,25/07/2026,24/07/2026,CUST-135,SKU-1008,WH-04,75,60,12.26,0
700938,2,23/07/2026,25/07/2026,24/07/2026,CUST-135,SKU-1007,WH-04,100,100,66.6,0
700939,1,23/07/2026,25/07/2026,24/07/2026,CUST-138,SKU-1017,WH-04,50,50,44.62,0.125
700939,2,23/07/2026,25/07/2026,24/07/2026,CUST-138,SKU-1017,WH-04,10,10,44.62,0.1
700939,3,23/07/2026,25/07/2026,24/07/2026,CUST-138,SKU-1008,WH-04,75,75,12.26,0
700939,4,23/07/2026,25/07/2026,24/07/2026,CUST-138,SKU-1012,WH-04,150,150,54.11,0.05
700940,1,23/07/2026,27/07/2026,26/07/2026,CUST-152,SKU-1018,WH-03,20,20,66.93,0
700940,2,23/07/2026,27/07/2026,26/07/2026,CUST-152,SKU-1012,WH-03,200,200,54.11,0
700941,1,23/07/2026,25/07/2026,27/07/2026,CUST-135,SKU-1005,WH-01,50,50,77.98,0.125
700941,2,23/07/2026,25/07/2026,27/07/2026,CUST-135,SKU-1008,WH-01,20,20,12.26,0
700941,3,23/07/2026,25/07/2026,27/07/2026,CUST-135,SKU-1022,WH-01,100,100,11.23,0.05
700941,4,23/07/2026,25/07/2026,27/07/2026,CUST-135,SKU-1014,WH-01,100,100,100.88,0.1
700942,1,23/07/2026,25/07/2026,25/07/2026,CUST-107,SKU-1002,WH-03,20,20,54.08,0
700942,2,23/07/2026,25/07/2026,25/07/2026,CUST-107,SKU-1012,WH-03,20,20,54.11,0.1
700942,3,23/07/2026,25/07/2026,25/07/2026,CUST-107,SKU-1022,WH-03,200,200,11.23,0.125
700943,1,23/07/2026,27/07/2026,01/08/2026,CUST-158,SKU-1010,WH-01,75,75,75.49,0.1
700944,1,23/07/2026,26/07/2026,31/07/2026,CUST-125,SKU-1005,WH-02,75,75,77.98,0.1
700945,1,23/07/2026,28/07/2026,27/07/2026,CUST-153,SKU-1011,WH-04,75,75,39.0,0
700945,2,23/07/2026,28/07/2026,27/07/2026,CUST-153,SKU-1013,WH-04,50,50,75.26,0.05
700945,3,23/07/2026,28/07/2026,27/07/2026,CUST-153,SKU-1012,WH-04,200,200,54.11,0.05
700946,1,24/07/2026,31/07/2026,31/07/2026,CUST-145,SKU-1016,WH-02,20,20,19.18,0.05
700947,1,24/07/2026,31/07/2026,30/07/2026,CUST-105,SKU-1003,WH-01,200,200,52.5,0.125
700947,2,24/07/2026,31/07/2026,30/07/2026,CUST-105,SKU-1023,WH-01,20,20,19.51,0
700948,1,24/07/2026,31/07/2026,05/08/2026,CUST-133,SKU-1007,WH-03,20,20,66.6,0
700949,1,24/07/2026,27/07/2026,26/07/2026,CUST-103,SKU-1005,WH-01,150,150,77.98,0.125
700949,2,24/07/2026,27/07/2026,26/07/2026,CUST-103,SKU-1004,WH-01,10,10,44.52,0.1
700950,1,24/07/2026,27/07/2026,26/07/2026,CUST-110,SKU-1010,WH-03,25,25,75.49,0
700950,2,24/07/2026,27/07/2026,26/07/2026,CUST-110,SKU-1024,WH-03,100,100,68.06,0.1
700950,3,24/07/2026,27/07/2026,26/07/2026,CUST-110,SKU-1008,WH-03,75,75,12.26,0
700950,4,24/07/2026,27/07/2026,26/07/2026,CUST-110,SKU-1016,WH-03,150,150,19.18,0
700951,1,24/07/2026,27/07/2026,27/07/2026,CUST-143,SKU-1011,WH-01,100,100,39.0,0.05
700951,2,24/07/2026,27/07/2026,27/07/2026,CUST-143,SKU-1003,WH-01,25,25,52.5,0.125
700951,3,24/07/2026,27/07/2026,27/07/2026,CUST-143,SKU-1011,WH-01,20,20,39.0,0
700951,4,24/07/2026,27/07/2026,27/07/2026,CUST-143,SKU-1020,WH-01,150,150,72.1,0.125
700952,1,27/07/2026,30/07/2026,29/07/2026,CUST-125,SKU-1009,WH-01,20,20,32.15,0.1
700952,2,27/07/2026,30/07/2026,29/07/2026,CUST-125,SKU-1003,WH-01,50,50,52.5,0
700953,1,27/07/2026,30/07/2026,29/07/2026,CUST-127,SKU-1020,WH-03,10,10,72.1,0
700953,2,27/07/2026,30/07/2026,29/07/2026,CUST-127,SKU-1007,WH-03,75,75,66.6,0.125
700954,1,27/07/2026,30/07/2026,31/07/2026,CUST-116,SKU-1020,WH-01,200,200,72.1,0
700955,1,27/07/2026,01/08/2026,31/07/2026,CUST-150,SKU-1019,WH-03,25,25,68.25,0.125
700955,2,27/07/2026,01/08/2026,31/07/2026,CUST-150,SKU-1008,WH-03,150,90,12.26,0
700956,1,27/07/2026,31/07/2026,02/08/2026,CUST-160,SKU-1003,WH-01,75,75,52.5,0
700956,2,27/07/2026,31/07/2026,02/08/2026,CUST-160,SKU-1004,WH-01,75,75,44.52,0
700957,1,27/07/2026,30/07/2026,29/07/2026,CUST-119,SKU-1004,WH-02,20,20,44.52,0
700957,2,27/07/2026,30/07/2026,29/07/2026,CUST-119,SKU-1005,WH-02,75,30,77.98,0.125
700958,1,27/07/2026,29/07/2026,28/07/2026,CUST-137,SKU-1024,WH-03,150,120,68.06,0
700959,1,28/07/2026,30/07/2026,29/07/2026,CUST-108,SKU-1015,WH-04,75,75,27.45,0
700959,2,28/07/2026,30/07/2026,29/07/2026,CUST-108,SKU-1002,WH-04,10,10,54.08,0
700959,3,28/07/2026,30/07/2026,29/07/2026,CUST-108,SKU-1009,WH-04,100,100,32.15,0
700959,4,28/07/2026,30/07/2026,29/07/2026,CUST-108,SKU-1014,WH-04,10,10,100.88,0
700960,1,28/07/2026,04/08/2026,06/08/2026,CUST-146,SKU-1023,WH-02,75,75,19.51,0.1
700961,1,28/07/2026,31/07/2026,31/07/2026,CUST-154,SKU-1017,WH-04,150,150,44.62,0.05
700961,2,28/07/2026,31/07/2026,31/07/2026,CUST-154,SKU-1017,WH-04,150,120,44.62,0.1
700961,3,28/07/2026,31/07/2026,31/07/2026,CUST-154,SKU-1019,WH-04,25,25,68.25,0.1
700962,1,28/07/2026,31/07/2026,02/08/2026,CUST-126,SKU-1002,WH-02,150,60,54.08,0.05
700962,2,28/07/2026,31/07/2026,02/08/2026,CUST-126,SKU-1016,WH-02,200,200,19.18,0
700962,3,28/07/2026,31/07/2026,02/08/2026,CUST-126,SKU-1022,WH-02,200,200,11.23,0
700962,4,28/07/2026,31/07/2026,02/08/2026,CUST-126,SKU-1017,WH-02,20,20,44.62,0.05
700963,1,29/07/2026,01/08/2026,31/07/2026,CUST-154,SKU-1003,WH-04,50,50,52.5,0
700963,2,29/07/2026,01/08/2026,31/07/2026,CUST-154,SKU-1003,WH-04,75,45,52.5,0.05
700964,1,29/07/2026,31/07/2026,01/08/2026,CUST-155,SKU-1016,WH-03,75,75,19.18,0.05
700965,1,29/07/2026,01/08/2026,31/07/2026,CUST-148,SKU-1008,WH-03,20,20,12.26,0.125
700966,1,29/07/2026,02/08/2026,01/08/2026,CUST-115,SKU-1011,WH-04,150,150,39.0,0.05
700966,2,29/07/2026,02/08/2026,01/08/2026,CUST-115,SKU-1023,WH-04,100,100,19.51,0
700966,3,29/07/2026,02/08/2026,01/08/2026,CUST-115,SKU-1007,WH-04,150,150,66.6,0.125
700967,1,29/07/2026,01/08/2026,31/07/2026,CUST-124,SKU-1002,WH-01,200,200,54.08,0.05
700967,2,29/07/2026,01/08/2026,31/07/2026,CUST-124,SKU-1005,WH-01,50,50,77.98,0.1
700968,1,29/07/2026,05/08/2026,04/08/2026,CUST-132,SKU-1019,WH-01,200,200,68.25,0.05
700968,2,29/07/2026,05/08/2026,04/08/2026,CUST-132,SKU-1012,WH-01,200,180,54.11,0
700968,3,29/07/2026,05/08/2026,04/08/2026,CUST-132,SKU-1005,WH-01,200,200,77.98,0
700968,4,29/07/2026,05/08/2026,04/08/2026,CUST-132,SKU-1023,WH-01,100,100,19.51,0.125
700969,1,29/07/2026,01/08/2026,03/08/2026,CUST-147,SKU-1019,WH-04,50,30,68.25,0.1
700969,2,29/07/2026,01/08/2026,03/08/2026,CUST-147,SKU-1022,WH-04,100,100,11.23,0
700969,3,29/07/2026,01/08/2026,03/08/2026,CUST-147,SKU-1023,WH-04,25,25,19.51,0
700970,1,29/07/2026,31/07/2026,05/08/2026,CUST-160,SKU-1017,WH-01,50,40,44.62,0.125
700971,1,29/07/2026,02/08/2026,04/08/2026,CUST-152,SKU-1024,WH-03,75,60,68.06,0
700971,2,29/07/2026,02/08/2026,04/08/2026,CUST-152,SKU-1011,WH-03,10,10,39.0,0.05
700971,3,29/07/2026,02/08/2026,04/08/2026,CUST-152,SKU-1005,WH-03,20,20,77.98,0
700972,1,30/07/2026,06/08/2026,06/08/2026,CUST-124,SKU-1006,WH-04,150,120,54.97,0
700972,2,30/07/2026,06/08/2026,06/08/2026,CUST-124,SKU-1001,WH-04,200,200,59.63,0
700972,3,30/07/2026,06/08/2026,06/08/2026,CUST-124,SKU-1024,WH-04,150,150,68.06,0.1
700972,4,30/07/2026,06/08/2026,06/08/2026,CUST-124,SKU-1020,WH-04,150,150,72.1,0
700973,1,30/07/2026,02/08/2026,07/08/2026,CUST-108,SKU-1008,WH-03,25,25,12.26,0
700974,1,30/07/2026,06/08/2026,07/08/2026,CUST-106,SKU-1018,WH-04,50,50,66.93,0
700974,2,30/07/2026,06/08/2026,07/08/2026,CUST-106,SKU-1015,WH-04,150,150,27.45,0
700974,3,30/07/2026,06/08/2026,07/08/2026,CUST-106,SKU-1021,WH-04,200,200,50.68,0
700975,1,30/07/2026,02/08/2026,01/08/2026,CUST-119,SKU-1012,WH-03,150,150,54.11,0.05
700976,1,30/07/2026,06/08/2026,05/08/2026,CUST-125,SKU-1022,WH-03,20,20,11.23,0.125
700977,1,30/07/2026,06/08/2026,05/08/2026,CUST-107,SKU-1004,WH-03,25,25,44.52,0
700977,2,30/07/2026,06/08/2026,05/08/2026,CUST-107,SKU-1024,WH-03,200,200,68.06,0.1
700977,3,30/07/2026,06/08/2026,05/08/2026,CUST-107,SKU-1011,WH-03,50,50,39.0,0.1
700978,1,30/07/2026,02/08/2026,02/08/2026,CUST-111,SKU-1018,WH-04,75,75,66.93,0.125
700978,2,30/07/2026,02/08/2026,02/08/2026,CUST-111,SKU-1011,WH-04,200,200,39.0,0
700978,3,30/07/2026,02/08/2026,02/08/2026,CUST-111,SKU-1005,WH-04,100,100,77.98,0
700979,1,31/07/2026,07/08/2026,09/08/2026,CUST-154,SKU-1020,WH-01,25,25,72.1,0
700979,2,31/07/2026,07/08/2026,09/08/2026,CUST-154,SKU-1008,WH-01,100,100,12.26,0
700979,3,31/07/2026,07/08/2026,09/08/2026,CUST-154,SKU-1019,WH-01,75,75,68.25,0
700979,4,31/07/2026,07/08/2026,09/08/2026,CUST-154,SKU-1005,WH-01,25,25,77.98,0.1
700980,1,31/07/2026,03/08/2026,04/08/2026,CUST-140,SKU-1003,WH-03,10,10,52.5,0
700980,2,31/07/2026,03/08/2026,04/08/2026,CUST-140,SKU-1012,WH-03,100,80,54.11,0.05
700981,1,31/07/2026,03/08/2026,03/08/2026,CUST-127,SKU-1010,WH-01,150,60,75.49,0.05
700981,2,31/07/2026,03/08/2026,03/08/2026,CUST-127,SKU-1002,WH-01,150,150,54.08,0
700981,3,31/07/2026,03/08/2026,03/08/2026,CUST-127,SKU-1003,WH-01,75,75,52.5,0.1
700981,4,31/07/2026,03/08/2026,03/08/2026,CUST-127,SKU-1003,WH-01,10,10,52.5,0.1
700982,1,31/07/2026,02/08/2026,01/08/2026,CUST-146,SKU-1019,WH-01,200,200,68.25,0
700982,2,31/07/2026,02/08/2026,01/08/2026,CUST-146,SKU-1001,WH-01,10,10,59.63,0.125
700982,3,31/07/2026,02/08/2026,01/08/2026,CUST-146,SKU-1024,WH-01,150,150,68.06,0.125
700983,1,31/07/2026,03/08/2026,02/08/2026,CUST-116,SKU-1024,WH-04,20,20,68.06,0.1
700983,2,31/07/2026,03/08/2026,02/08/2026,CUST-116,SKU-1016,WH-04,150,150,19.18,0.1
700983,3,31/07/2026,03/08/2026,02/08/2026,CUST-116,SKU-1017,WH-04,100,100,44.62,0
700983,4,31/07/2026,03/08/2026,02/08/2026,CUST-116,SKU-1012,WH-04,100,100,54.11,0
700984,1,31/07/2026,07/08/2026,07/08/2026,CUST-139,SKU-1002,WH-03,200,200,54.08,0
700984,2,31/07/2026,07/08/2026,07/08/2026,CUST-139,SKU-1005,WH-03,50,50,77.98,0.1
700984,3,31/07/2026,07/08/2026,07/08/2026,CUST-139,SKU-1002,WH-03,50,50,54.08,0
700985,1,31/07/2026,04/08/2026,05/08/2026,CUST-139,SKU-1015,WH-01,200,200,27.45,0.1
700985,2,31/07/2026,04/08/2026,05/08/2026,CUST-139,SKU-1009,WH-01,150,150,32.15,0.125
700986,1,31/07/2026,03/08/2026,02/08/2026,CUST-139,SKU-1009,WH-01,200,180,32.15,0
700986,2,31/07/2026,03/08/2026,02/08/2026,CUST-139,SKU-1014,WH-01,50,50,100.88,0
700986,3,31/07/2026,03/08/2026,02/08/2026,CUST-139,SKU-1007,WH-01,75,75,66.6,0.125
700986,4,31/07/2026,03/08/2026,02/08/2026,CUST-139,SKU-1006,WH-01,100,100,54.97,0
700987,1,31/07/2026,03/08/2026,03/08/2026,CUST-119,SKU-1010,WH-02,10,10,75.49,0.1
700987,2,31/07/2026,03/08/2026,03/08/2026,CUST-119,SKU-1001,WH-02,20,20,59.63,0
700988,1,03/08/2026,06/08/2026,08/08/2026,CUST-108,SKU-1024,WH-03,25,25,68.06,0
700989,1,03/08/2026,05/08/2026,05/08/2026,CUST-104,SKU-1018,WH-02,150,150,66.93,0
700989,2,03/08/2026,05/08/2026,05/08/2026,CUST-104,SKU-1009,WH-02,50,50,32.15,0.1
700990,1,03/08/2026,06/08/2026,11/08/2026,CUST-155,SKU-1007,WH-03,20,20,66.6,0
700990,2,03/08/2026,06/08/2026,11/08/2026,CUST-155,SKU-1016,WH-03,50,50,19.18,0
700990,3,03/08/2026,06/08/2026,11/08/2026,CUST-155,SKU-1010,WH-03,200,200,75.49,0.1
700990,4,03/08/2026,06/08/2026,11/08/2026,CUST-155,SKU-1024,WH-03,10,10,68.06,0
700991,1,03/08/2026,05/08/2026,06/08/2026,CUST-129,SKU-1016,WH-02,75,75,19.18,0
700991,2,03/08/2026,05/08/2026,06/08/2026,CUST-129,SKU-1003,WH-02,20,20,52.5,0.1
700991,3,03/08/2026,05/08/2026,06/08/2026,CUST-129,SKU-1011,WH-02,10,10,39.0,0.1
700992,1,04/08/2026,07/08/2026,12/08/2026,CUST-102,SKU-1001,WH-03,150,150,59.63,0.1
700992,2,04/08/2026,07/08/2026,12/08/2026,CUST-102,SKU-1011,WH-03,200,200,39.0,0
700992,3,04/08/2026,07/08/2026,12/08/2026,CUST-102,SKU-1005,WH-03,100,100,77.98,0.05
700993,1,04/08/2026,06/08/2026,06/08/2026,CUST-128,SKU-1007,WH-01,75,75,66.6,0.125
700994,1,04/08/2026,11/08/2026,11/08/2026,CUST-119,SKU-1013,WH-03,150,135,75.26,0.125
700995,1,04/08/2026,07/08/2026,06/08/2026,CUST-131,SKU-1001,WH-03,20,20,59.63,0.05
700995,2,04/08/2026,07/08/2026,06/08/2026,CUST-131,SKU-1017,WH-03,20,20,44.62,0.125
700995,3,04/08/2026,07/08/2026,06/08/2026,CUST-131,SKU-1016,WH-03,75,75,19.18,0
700996,1,04/08/2026,09/08/2026,09/08/2026,CUST-122,SKU-1001,WH-01,50,50,59.63,0.1
700997,1,05/08/2026,08/08/2026,07/08/2026,CUST-156,SKU-1008,WH-03,20,20,12.26,0.125
700997,2,05/08/2026,08/08/2026,07/08/2026,CUST-156,SKU-1015,WH-03,20,20,27.45,0
700997,3,05/08/2026,08/08/2026,07/08/2026,CUST-156,SKU-1024,WH-03,150,150,68.06,0.125
700997,4,05/08/2026,08/08/2026,07/08/2026,CUST-156,SKU-1021,WH-03,20,20,50.68,0
700998,1,05/08/2026,12/08/2026,11/08/2026,CUST-124,SKU-1016,WH-02,75,75,19.18,0.125
700998,2,05/08/2026,12/08/2026,11/08/2026,CUST-124,SKU-1013,WH-02,150,150,75.26,0
700998,3,05/08/2026,12/08/2026,11/08/2026,CUST-124,SKU-1010,WH-02,200,200,75.49,0
700998,4,05/08/2026,12/08/2026,11/08/2026,CUST-124,SKU-1010,WH-02,200,200,75.49,0.125
700999,1,05/08/2026,12/08/2026,11/08/2026,CUST-104,SKU-1010,WH-02,200,200,75.49,0
700999,2,05/08/2026,12/08/2026,11/08/2026,CUST-104,SKU-1009,WH-02,10,10,32.15,0.125
701000,1,05/08/2026,10/08/2026,12/08/2026,CUST-111,SKU-1013,WH-02,75,75,75.26,0.1
701000,2,05/08/2026,10/08/2026,12/08/2026,CUST-111,SKU-1020,WH-02,150,150,72.1,0
701000,3,05/08/2026,10/08/2026,12/08/2026,CUST-111,SKU-1021,WH-02,100,100,50.68,0.1
701001,1,05/08/2026,07/08/2026,08/08/2026,CUST-106,SKU-1013,WH-01,50,50,75.26,0
701001,2,05/08/2026,07/08/2026,08/08/2026,CUST-106,SKU-1001,WH-01,20,20,59.63,0.05
701001,3,05/08/2026,07/08/2026,08/08/2026,CUST-106,SKU-1010,WH-01,25,25,75.49,0.1
701002,1,06/08/2026,11/08/2026,11/08/2026,CUST-125,SKU-1023,WH-03,100,100,19.51,0
701002,2,06/08/2026,11/08/2026,11/08/2026,CUST-125,SKU-1022,WH-03,20,20,11.23,0
701003,1,06/08/2026,11/08/2026,12/08/2026,CUST-154,SKU-1023,WH-01,20,20,19.51,0.05
701003,2,06/08/2026,11/08/2026,12/08/2026,CUST-154,SKU-1012,WH-01,20,16,54.11,0.05
701003,3,06/08/2026,11/08/2026,12/08/2026,CUST-154,SKU-1021,WH-01,150,150,50.68,0
701004,1,06/08/2026,09/08/2026,08/08/2026,CUST-113,SKU-1011,WH-03,50,50,39.0,0.05
701004,2,06/08/2026,09/08/2026,08/08/2026,CUST-113,SKU-1014,WH-03,100,100,100.88,0.1
701004,3,06/08/2026,09/08/2026,08/08/2026,CUST-113,SKU-1014,WH-03,150,150,100.88,0.05
701004,4,06/08/2026,09/08/2026,08/08/2026,CUST-113,SKU-1004,WH-03,25,25,44.52,0.1
701005,1,06/08/2026,08/08/2026,13/08/2026,CUST-134,SKU-1009,WH-01,50,50,32.15,0
701006,1,06/08/2026,09/08/2026,11/08/2026,CUST-121,SKU-1024,WH-03,75,75,68.06,0.125
701006,2,06/08/2026,09/08/2026,11/08/2026,CUST-121,SKU-1023,WH-03,200,200,19.51,0
701007,1,06/08/2026,11/08/2026,12/08/2026,CUST-159,SKU-1003,WH-03,150,150,52.5,0.05
701008,1,06/08/2026,10/08/2026,09/08/2026,CUST-133,SKU-1004,WH-03,50,50,44.52,0.125
701008,2,06/08/2026,10/08/2026,09/08/2026,CUST-133,SKU-1019,WH-03,75,45,68.25,0.05
701008,3,06/08/2026,10/08/2026,09/08/2026,CUST-133,SKU-1001,WH-03,150,150,59.63,0.1
701008,4,06/08/2026,10/08/2026,09/08/2026,CUST-133,SKU-1001,WH-03,10,10,59.63,0.125
701009,1,06/08/2026,11/08/2026,12/08/2026,CUST-121,SKU-1022,WH-04,75,75,11.23,0
701009,2,06/08/2026,11/08/2026,12/08/2026,CUST-121,SKU-1024,WH-04,75,75,68.06,0
701009,3,06/08/2026,11/08/2026,12/08/2026,CUST-121,SKU-1021,WH-04,10,10,50.68,0.05
701010,1,06/08/2026,10/08/2026,09/08/2026,CUST-156,SKU-1008,WH-02,75,75,12.26,0.125
701010,2,06/08/2026,10/08/2026,09/08/2026,CUST-156,SKU-1022,WH-02,100,100,11.23,0.125
701010,3,06/08/2026,10/08/2026,09/08/2026,CUST-156,SKU-1019,WH-02,10,10,68.25,0.05
701010,4,06/08/2026,10/08/2026,09/08/2026,CUST-156,SKU-1013,WH-02,150,150,75.26,0.05
701011,1,07/08/2026,10/08/2026,10/08/2026,CUST-113,SKU-1004,WH-03,150,120,44.52,0
701012,1,07/08/2026,12/08/2026,11/08/2026,CUST-108,SKU-1016,WH-02,75,75,19.18,0.1
701012,2,07/08/2026,12/08/2026,11/08/2026,CUST-108,SKU-1001,WH-02,25,15,59.63,0
701012,3,07/08/2026,12/08/2026,11/08/2026,CUST-108,SKU-1012,WH-02,25,25,54.11,0.05
701012,4,07/08/2026,12/08/2026,11/08/2026,CUST-108,SKU-1013,WH-02,20,20,75.26,0.125
701013,1,07/08/2026,14/08/2026,14/08/2026,CUST-132,SKU-1021,WH-04,50,50,50.68,0
701014,1,07/08/2026,09/08/2026,10/08/2026,CUST-160,SKU-1019,WH-01,200,180,68.25,0.125
701015,1,07/08/2026,12/08/2026,13/08/2026,CUST-116,SKU-1001,WH-04,100,100,59.63,0
701015,2,07/08/2026,12/08/2026,13/08/2026,CUST-116,SKU-1009,WH-04,25,25,32.15,0
701015,3,07/08/2026,12/08/2026,13/08/2026,CUST-116,SKU-1019,WH-04,25,25,68.25,0
701015,4,07/08/2026,12/08/2026,13/08/2026,CUST-116,SKU-1020,WH-04,150,150,72.1,0.1
701016,1,07/08/2026,09/08/2026,09/08/2026,CUST-137,SKU-1018,WH-02,50,50,66.93,0
701017,1,07/08/2026,12/08/2026,11/08/2026,CUST-125,SKU-1022,WH-03,50,50,11.23,0.125
701017,2,07/08/2026,12/08/2026,11/08/2026,CUST-125,SKU-1023,WH-03,50,50,19.51,0.125
701017,3,07/08/2026,12/08/2026,11/08/2026,CUST-125,SKU-1006,WH-03,20,20,54.97,0.1
701017,4,07/08/2026,12/08/2026,11/08/2026,CUST-125,SKU-1002,WH-03,100,100,54.08,0.125
701018,1,07/08/2026,10/08/2026,09/08/2026,CUST-104,SKU-1005,WH-01,25,25,77.98,0
701018,2,07/08/2026,10/08/2026,09/08/2026,CUST-104,SKU-1015,WH-01,200,200,27.45,0.05
701019,1,07/08/2026,10/08/2026,09/08/2026,CUST-131,SKU-1010,WH-03,10,10,75.49,0.125
701019,2,07/08/2026,10/08/2026,09/08/2026,CUST-131,SKU-1021,WH-03,200,200,50.68,0.05
701020,1,10/08/2026,17/08/2026,18/08/2026,CUST-102,SKU-1024,WH-03,150,150,68.06,0.05
701020,2,10/08/2026,17/08/2026,18/08/2026,CUST-102,SKU-1008,WH-03,75,45,12.26,0
701020,3,10/08/2026,17/08/2026,18/08/2026,CUST-102,SKU-1017,WH-03,100,100,44.62,0.125
701021,1,10/08/2026,13/08/2026,14/08/2026,CUST-127,SKU-1023,WH-04,100,100,19.51,0
701021,2,10/08/2026,13/08/2026,14/08/2026,CUST-127,SKU-1016,WH-04,20,20,19.18,0.1
701022,1,10/08/2026,14/08/2026,16/08/2026,CUST-130,SKU-1002,WH-01,10,10,54.08,0.1
701022,2,10/08/2026,14/08/2026,16/08/2026,CUST-130,SKU-1015,WH-01,25,25,27.45,0
701022,3,10/08/2026,14/08/2026,16/08/2026,CUST-130,SKU-1014,WH-01,75,75,100.88,0.05
701023,1,10/08/2026,12/08/2026,11/08/2026,CUST-147,SKU-1017,WH-01,200,200,44.62,0.05
701023,2,10/08/2026,12/08/2026,11/08/2026,CUST-147,SKU-1006,WH-01,200,200,54.97,0
701023,3,10/08/2026,12/08/2026,11/08/2026,CUST-147,SKU-1005,WH-01,10,8,77.98,0
701024,1,10/08/2026,13/08/2026,15/08/2026,CUST-155,SKU-1009,WH-01,150,150,32.15,0
701024,2,10/08/2026,13/08/2026,15/08/2026,CUST-155,SKU-1001,WH-01,25,25,59.63,0.05
701024,3,10/08/2026,13/08/2026,15/08/2026,CUST-155,SKU-1001,WH-01,50,50,59.63,0.1
701025,1,10/08/2026,14/08/2026,16/08/2026,CUST-106,SKU-1019,WH-04,25,25,68.25,0.05
701025,2,10/08/2026,14/08/2026,16/08/2026,CUST-106,SKU-1015,WH-04,100,100,27.45,0.125
701026,1,10/08/2026,15/08/2026,17/08/2026,CUST-137,SKU-1022,WH-03,50,50,11.23,0
701026,2,10/08/2026,15/08/2026,17/08/2026,CUST-137,SKU-1014,WH-03,25,25,100.88,0
701026,3,10/08/2026,15/08/2026,17/08/2026,CUST-137,SKU-1011,WH-03,10,10,39.0,0
701026,4,10/08/2026,15/08/2026,17/08/2026,CUST-137,SKU-1019,WH-03,200,200,68.25,0
701027,1,10/08/2026,12/08/2026,11/08/2026,CUST-133,SKU-1021,WH-01,10,10,50.68,0.125
701027,2,10/08/2026,12/08/2026,11/08/2026,CUST-133,SKU-1001,WH-01,25,25,59.63,0
701027,3,10/08/2026,12/08/2026,11/08/2026,CUST-133,SKU-1001,WH-01,75,75,59.63,0
701027,4,10/08/2026,12/08/2026,11/08/2026,CUST-133,SKU-1011,WH-01,25,25,39.0,0.1
701028,1,10/08/2026,13/08/2026,13/08/2026,CUST-114,SKU-1002,WH-02,10,10,54.08,0
701029,1,11/08/2026,14/08/2026,13/08/2026,CUST-153,SKU-1015,WH-03,50,50,27.45,0.05
701029,2,11/08/2026,14/08/2026,13/08/2026,CUST-153,SKU-1001,WH-03,75,75,59.63,0
701030,1,11/08/2026,13/08/2026,12/08/2026,CUST-105,SKU-1018,WH-03,50,50,66.93,0.05
701030,2,11/08/2026,13/08/2026,12/08/2026,CUST-105,SKU-1012,WH-03,25,25,54.11,0
701031,1,11/08/2026,14/08/2026,14/08/2026,CUST-129,SKU-1021,WH-04,150,150,50.68,0
701031,2,11/08/2026,14/08/2026,14/08/2026,CUST-129,SKU-1004,WH-04,10,10,44.52,0.1
701031,3,11/08/2026,14/08/2026,14/08/2026,CUST-129,SKU-1016,WH-04,200,200,19.18,0
701032,1,11/08/2026,14/08/2026,14/08/2026,CUST-129,SKU-1003,WH-02,50,50,52.5,0
701032,2,11/08/2026,14/08/2026,14/08/2026,CUST-129,SKU-1002,WH-02,25,25,54.08,0.125
701032,3,11/08/2026,14/08/2026,14/08/2026,CUST-129,SKU-1012,WH-02,150,150,54.11,0.125
701033,1,12/08/2026,19/08/2026,18/08/2026,CUST-151,SKU-1018,WH-02,150,120,66.93,0.1
701033,2,12/08/2026,19/08/2026,18/08/2026,CUST-151,SKU-1001,WH-02,50,50,59.63,0
701033,3,12/08/2026,19/08/2026,18/08/2026,CUST-151,SKU-1006,WH-02,50,50,54.97,0
701033,4,12/08/2026,19/08/2026,18/08/2026,CUST-151,SKU-1012,WH-02,200,200,54.11,0
701034,1,12/08/2026,16/08/2026,15/08/2026,CUST-141,SKU-1012,WH-01,25,25,54.11,0.125
701034,2,12/08/2026,16/08/2026,15/08/2026,CUST-141,SKU-1017,WH-01,25,25,44.62,0
701035,1,12/08/2026,15/08/2026,20/08/2026,CUST-122,SKU-1013,WH-02,75,75,75.26,0
701035,2,12/08/2026,15/08/2026,20/08/2026,CUST-122,SKU-1016,WH-02,50,30,19.18,0.05
701035,3,12/08/2026,15/08/2026,20/08/2026,CUST-122,SKU-1003,WH-02,50,20,52.5,0
701035,4,12/08/2026,15/08/2026,20/08/2026,CUST-122,SKU-1011,WH-02,50,50,39.0,0
701036,1,12/08/2026,15/08/2026,14/08/2026,CUST-104,SKU-1013,WH-04,75,75,75.26,0.05
701036,2,12/08/2026,15/08/2026,14/08/2026,CUST-104,SKU-1016,WH-04,20,20,19.18,0
701037,1,12/08/2026,17/08/2026,22/08/2026,CUST-151,SKU-1001,WH-02,50,50,59.63,0
701037,2,12/08/2026,17/08/2026,22/08/2026,CUST-151,SKU-1022,WH-02,10,10,11.23,0
701037,3,12/08/2026,17/08/2026,22/08/2026,CUST-151,SKU-1023,WH-02,20,20,19.51,0
701038,1,13/08/2026,20/08/2026,19/08/2026,CUST-144,SKU-1024,WH-03,75,75,68.06,0.1
701038,2,13/08/2026,20/08/2026,19/08/2026,CUST-144,SKU-1004,WH-03,150,150,44.52,0
701038,3,13/08/2026,20/08/2026,19/08/2026,CUST-144,SKU-1004,WH-03,75,75,44.52,0
701038,4,13/08/2026,20/08/2026,19/08/2026,CUST-144,SKU-1002,WH-03,150,150,54.08,0
701039,1,13/08/2026,17/08/2026,19/08/2026,CUST-132,SKU-1021,WH-04,20,20,50.68,0
701039,2,13/08/2026,17/08/2026,19/08/2026,CUST-132,SKU-1019,WH-04,20,16,68.25,0.1
701039,3,13/08/2026,17/08/2026,19/08/2026,CUST-132,SKU-1014,WH-04,25,20,100.88,0.1
701039,4,13/08/2026,17/08/2026,19/08/2026,CUST-132,SKU-1023,WH-04,100,100,19.51,0
701040,1,13/08/2026,20/08/2026,19/08/2026,CUST-149,SKU-1012,WH-02,10,8,54.11,0
701040,2,13/08/2026,20/08/2026,19/08/2026,CUST-149,SKU-1015,WH-02,20,20,27.45,0
701041,1,13/08/2026,18/08/2026,20/08/2026,CUST-133,SKU-1004,WH-03,50,50,44.52,0
701041,2,13/08/2026,18/08/2026,20/08/2026,CUST-133,SKU-1023,WH-03,20,20,19.51,0
701042,1,13/08/2026,16/08/2026,16/08/2026,CUST-152,SKU-1004,WH-04,100,90,44.52,0.05
701043,1,13/08/2026,16/08/2026,15/08/2026,CUST-136,SKU-1024,WH-01,200,200,68.06,0.125
701043,2,13/08/2026,16/08/2026,15/08/2026,CUST-136,SKU-1017,WH-01,50,50,44.62,0.1
701043,3,13/08/2026,16/08/2026,15/08/2026,CUST-136,SKU-1003,WH-01,75,75,52.5,0.05
701043,4,13/08/2026,16/08/2026,15/08/2026,CUST-136,SKU-1021,WH-01,200,200,50.68,0.05
701044,1,13/08/2026,17/08/2026,19/08/2026,CUST-135,SKU-1019,WH-02,200,200,68.25,0
701044,2,13/08/2026,17/08/2026,19/08/2026,CUST-135,SKU-1019,WH-02,150,150,68.25,0.05
701045,1,14/08/2026,19/08/2026,20/08/2026,CUST-142,SKU-1008,WH-03,75,75,12.26,0
701045,2,14/08/2026,19/08/2026,20/08/2026,CUST-142,SKU-1009,WH-03,100,100,32.15,0
701045,3,14/08/2026,19/08/2026,20/08/2026,CUST-142,SKU-1015,WH-03,100,100,27.45,0
701046,1,14/08/2026,18/08/2026,17/08/2026,CUST-154,SKU-1008,WH-03,50,50,12.26,0.1
701046,2,14/08/2026,18/08/2026,17/08/2026,CUST-154,SKU-1010,WH-03,50,50,75.49,0
701046,3,14/08/2026,18/08/2026,17/08/2026,CUST-154,SKU-1014,WH-03,100,100,100.88,0.05
701047,1,14/08/2026,19/08/2026,18/08/2026,CUST-152,SKU-1021,WH-03,75,75,50.68,0
701047,2,14/08/2026,19/08/2026,18/08/2026,CUST-152,SKU-1017,WH-03,75,60,44.62,0.05
701048,1,14/08/2026,19/08/2026,18/08/2026,CUST-113,SKU-1010,WH-01,75,75,75.49,0.1
701048,2,14/08/2026,19/08/2026,18/08/2026,CUST-113,SKU-1018,WH-01,75,67,66.93,0.05
701048,3,14/08/2026,19/08/2026,18/08/2026,CUST-113,SKU-1008,WH-01,75,75,12.26,0.125
701049,1,17/08/2026,19/08/2026,18/08/2026,CUST-136,SKU-1016,WH-02,50,50,19.18,0
701049,2,17/08/2026,19/08/2026,18/08/2026,CUST-136,SKU-1006,WH-02,50,50,54.97,0.05
701049,3,17/08/2026,19/08/2026,18/08/2026,CUST-136,SKU-1013,WH-02,25,25,75.26,0.125
701050,1,17/08/2026,20/08/2026,19/08/2026,CUST-127,SKU-1004,WH-04,100,100,44.52,0.1
701050,2,17/08/2026,20/08/2026,19/08/2026,CUST-127,SKU-1019,WH-04,200,200,68.25,0.1
701051,1,17/08/2026,20/08/2026,19/08/2026,CUST-109,SKU-1001,WH-01,20,18,59.63,0
701051,2,17/08/2026,20/08/2026,19/08/2026,CUST-109,SKU-1002,WH-01,100,100,54.08,0
701051,3,17/08/2026,20/08/2026,19/08/2026,CUST-109,SKU-1004,WH-01,50,50,44.52,0.1
701051,4,17/08/2026,20/08/2026,19/08/2026,CUST-109,SKU-1002,WH-01,75,75,54.08,0.05
701052,1,17/08/2026,24/08/2026,23/08/2026,CUST-120,SKU-1014,WH-02,50,50,100.88,0
701053,1,18/08/2026,23/08/2026,23/08/2026,CUST-114,SKU-1016,WH-04,50,50,19.18,0.1
701053,2,18/08/2026,23/08/2026,23/08/2026,CUST-114,SKU-1006,WH-04,10,10,54.97,0
701053,3,18/08/2026,23/08/2026,23/08/2026,CUST-114,SKU-1014,WH-04,20,20,100.88,0.125
701053,4,18/08/2026,23/08/2026,23/08/2026,CUST-114,SKU-1019,WH-04,20,20,68.25,0
701054,1,18/08/2026,23/08/2026,22/08/2026,CUST-124,SKU-1022,WH-03,150,150,11.23,0
701054,2,18/08/2026,23/08/2026,22/08/2026,CUST-124,SKU-1015,WH-03,25,25,27.45,0
701054,3,18/08/2026,23/08/2026,22/08/2026,CUST-124,SKU-1020,WH-03,75,75,72.1,0.05
701054,4,18/08/2026,23/08/2026,22/08/2026,CUST-124,SKU-1015,WH-03,50,50,27.45,0.05
701055,1,18/08/2026,23/08/2026,22/08/2026,CUST-132,SKU-1019,WH-02,25,25,68.25,0.1
701055,2,18/08/2026,23/08/2026,22/08/2026,CUST-132,SKU-1011,WH-02,10,6,39.0,0
701056,1,18/08/2026,23/08/2026,22/08/2026,CUST-112,SKU-1005,WH-02,10,10,77.98,0
701057,1,18/08/2026,21/08/2026,21/08/2026,CUST-139,SKU-1007,WH-04,75,75,66.6,0.125
701057,2,18/08/2026,21/08/2026,21/08/2026,CUST-139,SKU-1011,WH-04,200,80,39.0,0.05
701057,3,18/08/2026,21/08/2026,21/08/2026,CUST-139,SKU-1004,WH-04,100,100,44.52,0.1
701058,1,18/08/2026,25/08/2026,26/08/2026,CUST-119,SKU-1020,WH-04,100,100,72.1,0.125
701058,2,18/08/2026,25/08/2026,26/08/2026,CUST-119,SKU-1008,WH-04,75,75,12.26,0.05
701058,3,18/08/2026,25/08/2026,26/08/2026,CUST-119,SKU-1014,WH-04,100,100,100.88,0
701059,1,19/08/2026,21/08/2026,22/08/2026,CUST-107,SKU-1015,WH-01,150,150,27.45,0.05
701059,2,19/08/2026,21/08/2026,22/08/2026,CUST-107,SKU-1021,WH-01,20,20,50.68,0
701060,1,19/08/2026,21/08/2026,20/08/2026,CUST-148,SKU-1007,WH-04,25,25,66.6,0
701060,2,19/08/2026,21/08/2026,20/08/2026,CUST-148,SKU-1008,WH-04,200,200,12.26,0
701060,3,19/08/2026,21/08/2026,20/08/2026,CUST-148,SKU-1004,WH-04,25,25,44.52,0.1
701061,1,19/08/2026,23/08/2026,25/08/2026,CUST-128,SKU-1004,WH-04,100,100,44.52,0.05
701061,2,19/08/2026,23/08/2026,25/08/2026,CUST-128,SKU-1020,WH-04,200,200,72.1,0
701061,3,19/08/2026,23/08/2026,25/08/2026,CUST-128,SKU-1021,WH-04,25,25,50.68,0
701061,4,19/08/2026,23/08/2026,25/08/2026,CUST-128,SKU-1019,WH-04,20,20,68.25,0.05
701062,1,19/08/2026,22/08/2026,21/08/2026,CUST-103,SKU-1003,WH-03,10,10,52.5,0.1
701062,2,19/08/2026,22/08/2026,21/08/2026,CUST-103,SKU-1018,WH-03,20,20,66.93,0
701063,1,19/08/2026,22/08/2026,27/08/2026,CUST-144,SKU-1011,WH-02,200,200,39.0,0.05
701063,2,19/08/2026,22/08/2026,27/08/2026,CUST-144,SKU-1009,WH-02,10,10,32.15,0
701064,1,19/08/2026,23/08/2026,22/08/2026,CUST-136,SKU-1008,WH-04,150,150,12.26,0
701064,2,19/08/2026,23/08/2026,22/08/2026,CUST-136,SKU-1021,WH-04,50,50,50.68,0.1
701065,1,19/08/2026,24/08/2026,25/08/2026,CUST-117,SKU-1009,WH-04,50,50,32.15,0
701066,1,20/08/2026,23/08/2026,22/08/2026,CUST-143,SKU-1010,WH-01,10,6,75.49,0
701066,2,20/08/2026,23/08/2026,22/08/2026,CUST-143,SKU-1016,WH-01,100,100,19.18,0
701067,1,20/08/2026,23/08/2026,23/08/2026,CUST-152,SKU-1007,WH-04,50,50,66.6,0
701067,2,20/08/2026,23/08/2026,23/08/2026,CUST-152,SKU-1014,WH-04,10,10,100.88,0.05
701067,3,20/08/2026,23/08/2026,23/08/2026,CUST-152,SKU-1016,WH-04,20,20,19.18,0
701067,4,20/08/2026,23/08/2026,23/08/2026,CUST-152,SKU-1022,WH-04,10,10,11.23,0
701068,1,20/08/2026,23/08/2026,22/08/2026,CUST-148,SKU-1003,WH-03,200,200,52.5,0
701068,2,20/08/2026,23/08/2026,22/08/2026,CUST-148,SKU-1019,WH-03,200,200,68.25,0.1
701068,3,20/08/2026,23/08/2026,22/08/2026,CUST-148,SKU-1005,WH-03,100,100,77.98,0
701068,4,20/08/2026,23/08/2026,22/08/2026,CUST-148,SKU-1024,WH-03,200,200,68.06,0
701069,1,20/08/2026,23/08/2026,22/08/2026,CUST-148,SKU-1003,WH-03,25,25,52.5,0.1
701069,2,20/08/2026,23/08/2026,22/08/2026,CUST-148,SKU-1010,WH-03,50,50,75.49,0
701069,3,20/08/2026,23/08/2026,22/08/2026,CUST-148,SKU-1016,WH-03,20,20,19.18,0.125
701070,1,20/08/2026,27/08/2026,29/08/2026,CUST-125,SKU-1015,WH-04,100,100,27.45,0
701070,2,20/08/2026,27/08/2026,29/08/2026,CUST-125,SKU-1013,WH-04,200,120,75.26,0
701070,3,20/08/2026,27/08/2026,29/08/2026,CUST-125,SKU-1015,WH-04,20,20,27.45,0.1
701071,1,20/08/2026,24/08/2026,26/08/2026,CUST-158,SKU-1009,WH-02,50,50,32.15,0.125
701071,2,20/08/2026,24/08/2026,26/08/2026,CUST-158,SKU-1024,WH-02,75,45,68.06,0.1
701072,1,20/08/2026,25/08/2026,24/08/2026,CUST-156,SKU-1009,WH-02,50,50,32.15,0
701072,2,20/08/2026,25/08/2026,24/08/2026,CUST-156,SKU-1001,WH-02,200,200,59.63,0.125
701072,3,20/08/2026,25/08/2026,24/08/2026,CUST-156,SKU-1020,WH-02,25,25,72.1,0.125
701072,4,20/08/2026,25/08/2026,24/08/2026,CUST-156,SKU-1018,WH-02,100,100,66.93,0.125
701073,1,21/08/2026,25/08/2026,30/08/2026,CUST-142,SKU-1010,WH-02,100,100,75.49,0.125
701073,2,21/08/2026,25/08/2026,30/08/2026,CUST-142,SKU-1011,WH-02,25,25,39.0,0.05
701073,3,21/08/2026,25/08/2026,30/08/2026,CUST-142,SKU-1014,WH-02,75,45,100.88,0
701074,1,21/08/2026,23/08/2026,28/08/2026,CUST-146,SKU-1006,WH-03,200,200,54.97,0.125
701074,2,21/08/2026,23/08/2026,28/08/2026,CUST-146,SKU-1009,WH-03,150,135,32.15,0.125
701075,1,21/08/2026,28/08/2026,27/08/2026,CUST-101,SKU-1016,WH-02,100,90,19.18,0
701075,2,21/08/2026,28/08/2026,27/08/2026,CUST-101,SKU-1005,WH-02,20,20,77.98,0.05
701076,1,21/08/2026,24/08/2026,25/08/2026,CUST-158,SKU-1021,WH-03,25,10,50.68,0.1
701077,1,21/08/2026,23/08/2026,22/08/2026,CUST-126,SKU-1002,WH-01,25,25,54.08,0.125
701078,1,21/08/2026,28/08/2026,29/08/2026,CUST-135,SKU-1009,WH-02,10,10,32.15,0.1
701079,1,24/08/2026,31/08/2026,30/08/2026,CUST-111,SKU-1024,WH-02,75,75,68.06,0.05
701080,1,24/08/2026,26/08/2026,25/08/2026,CUST-149,SKU-1023,WH-04,50,50,19.51,0
701080,2,24/08/2026,26/08/2026,25/08/2026,CUST-149,SKU-1020,WH-04,50,50,72.1,0.05
701080,3,24/08/2026,26/08/2026,25/08/2026,CUST-149,SKU-1019,WH-04,10,10,68.25,0.05
701080,4,24/08/2026,26/08/2026,25/08/2026,CUST-149,SKU-1004,WH-04,150,150,44.52,0
701081,1,24/08/2026,26/08/2026,25/08/2026,CUST-150,SKU-1004,WH-01,150,150,44.52,0.05
701081,2,24/08/2026,26/08/2026,25/08/2026,CUST-150,SKU-1005,WH-01,150,60,77.98,0
701081,3,24/08/2026,26/08/2026,25/08/2026,CUST-150,SKU-1002,WH-01,100,100,54.08,0
701081,4,24/08/2026,26/08/2026,25/08/2026,CUST-150,SKU-1021,WH-01,150,150,50.68,0.1
701082,1,24/08/2026,26/08/2026,26/08/2026,CUST-109,SKU-1002,WH-02,20,20,54.08,0.1
701082,2,24/08/2026,26/08/2026,26/08/2026,CUST-109,SKU-1018,WH-02,150,150,66.93,0
701082,3,24/08/2026,26/08/2026,26/08/2026,CUST-109,SKU-1014,WH-02,20,20,100.88,0.125
701083,1,24/08/2026,27/08/2026,27/08/2026,CUST-151,SKU-1002,WH-02,50,20,54.08,0
701083,2,24/08/2026,27/08/2026,27/08/2026,CUST-151,SKU-1024,WH-02,100,100,68.06,0
701083,3,24/08/2026,27/08/2026,27/08/2026,CUST-151,SKU-1021,WH-02,50,50,50.68,0.05
701084,1,24/08/2026,31/08/2026,05/09/2026,CUST-118,SKU-1013,WH-02,50,40,75.26,0
701084,2,24/08/2026,31/08/2026,05/09/2026,CUST-118,SKU-1011,WH-02,20,12,39.0,0.05
701084,3,24/08/2026,31/08/2026,05/09/2026,CUST-118,SKU-1017,WH-02,25,25,44.62,0.1
701084,4,24/08/2026,31/08/2026,05/09/2026,CUST-118,SKU-1020,WH-02,75,75,72.1,0.125
701085,1,24/08/2026,27/08/2026,27/08/2026,CUST-130,SKU-1022,WH-03,75,75,11.23,0.05
701085,2,24/08/2026,27/08/2026,27/08/2026,CUST-130,SKU-1008,WH-03,50,50,12.26,0.1
701085,3,24/08/2026,27/08/2026,27/08/2026,CUST-130,SKU-1014,WH-03,10,10,100.88,0.125
701085,4,24/08/2026,27/08/2026,27/08/2026,CUST-130,SKU-1012,WH-03,100,100,54.11,0.05
701086,1,25/08/2026,28/08/2026,02/09/2026,CUST-154,SKU-1012,WH-03,20,20,54.11,0
701086,2,25/08/2026,28/08/2026,02/09/2026,CUST-154,SKU-1011,WH-03,200,200,39.0,0
701087,1,25/08/2026,01/09/2026,02/09/2026,CUST-106,SKU-1020,WH-01,50,50,72.1,0.1
701088,1,25/08/2026,01/09/2026,31/08/2026,CUST-105,SKU-1008,WH-01,10,10,12.26,0
701088,2,25/08/2026,01/09/2026,31/08/2026,CUST-105,SKU-1014,WH-01,10,10,100.88,0
701088,3,25/08/2026,01/09/2026,31/08/2026,CUST-105,SKU-1023,WH-01,75,75,19.51,0
701088,4,25/08/2026,01/09/2026,31/08/2026,CUST-105,SKU-1010,WH-01,75,75,75.49,0.1
701089,1,25/08/2026,28/08/2026,30/08/2026,CUST-137,SKU-1015,WH-02,200,200,27.45,0
701089,2,25/08/2026,28/08/2026,30/08/2026,CUST-137,SKU-1020,WH-02,150,150,72.1,0.05
701089,3,25/08/2026,28/08/2026,30/08/2026,CUST-137,SKU-1009,WH-02,100,100,32.15,0.05
701089,4,25/08/2026,28/08/2026,30/08/2026,CUST-137,SKU-1011,WH-02,50,50,39.0,0
701090,1,25/08/2026,28/08/2026,28/08/2026,CUST-134,SKU-1006,WH-01,50,50,54.97,0
701090,2,25/08/2026,28/08/2026,28/08/2026,CUST-134,SKU-1017,WH-01,10,10,44.62,0.05
701090,3,25/08/2026,28/08/2026,28/08/2026,CUST-134,SKU-1017,WH-01,25,15,44.62,0.05
701090,4,25/08/2026,28/08/2026,28/08/2026,CUST-134,SKU-1023,WH-01,200,200,19.51,0
701091,1,25/08/2026,28/08/2026,27/08/2026,CUST-113,SKU-1009,WH-02,75,75,32.15,0.05
701091,2,25/08/2026,28/08/2026,27/08/2026,CUST-113,SKU-1013,WH-02,50,50,75.26,0.05
701092,1,25/08/2026,27/08/2026,26/08/2026,CUST-106,SKU-1010,WH-03,25,22,75.49,0.125
701092,2,25/08/2026,27/08/2026,26/08/2026,CUST-106,SKU-1019,WH-03,200,200,68.25,0
701092,3,25/08/2026,27/08/2026,26/08/2026,CUST-106,SKU-1003,WH-03,50,50,52.5,0
701093,1,25/08/2026,29/08/2026,28/08/2026,CUST-113,SKU-1001,WH-01,150,150,59.63,0.125
701094,1,25/08/2026,29/08/2026,31/08/2026,CUST-110,SKU-1010,WH-01,20,20,75.49,0.1
701094,2,25/08/2026,29/08/2026,31/08/2026,CUST-110,SKU-1012,WH-01,50,50,54.11,0.1
701094,3,25/08/2026,29/08/2026,31/08/2026,CUST-110,SKU-1012,WH-01,150,150,54.11,0.125
701094,4,25/08/2026,29/08/2026,31/08/2026,CUST-110,SKU-1019,WH-01,20,20,68.25,0.1
701095,1,26/08/2026,29/08/2026,03/09/2026,CUST-102,SKU-1024,WH-04,50,50,68.06,0.125
701095,2,26/08/2026,29/08/2026,03/09/2026,CUST-102,SKU-1016,WH-04,200,200,19.18,0
701096,1,26/08/2026,28/08/2026,27/08/2026,CUST-153,SKU-1020,WH-04,10,10,72.1,0.1
701096,2,26/08/2026,28/08/2026,27/08/2026,CUST-153,SKU-1007,WH-04,75,75,66.6,0
701097,1,26/08/2026,02/09/2026,03/09/2026,CUST-112,SKU-1009,WH-01,100,100,32.15,0
701097,2,26/08/2026,02/09/2026,03/09/2026,CUST-112,SKU-1019,WH-01,150,150,68.25,0
701097,3,26/08/2026,02/09/2026,03/09/2026,CUST-112,SKU-1003,WH-01,150,150,52.5,0.1
701097,4,26/08/2026,02/09/2026,03/09/2026,CUST-112,SKU-1004,WH-01,150,150,44.52,0.05
701098,1,26/08/2026,30/08/2026,01/09/2026,CUST-101,SKU-1007,WH-04,20,20,66.6,0.05
701099,1,26/08/2026,29/08/2026,29/08/2026,CUST-137,SKU-1004,WH-04,75,75,44.52,0.1
701099,2,26/08/2026,29/08/2026,29/08/2026,CUST-137,SKU-1022,WH-04,100,100,11.23,0
701100,1,26/08/2026,29/08/2026,03/09/2026,CUST-106,SKU-1007,WH-04,100,40,66.6,0.05
701100,2,26/08/2026,29/08/2026,03/09/2026,CUST-106,SKU-1018,WH-04,75,75,66.93,0
701100,3,26/08/2026,29/08/2026,03/09/2026,CUST-106,SKU-1023,WH-04,200,200,19.51,0
701101,1,26/08/2026,29/08/2026,29/08/2026,CUST-132,SKU-1023,WH-02,200,200,19.51,0.125
701101,2,26/08/2026,29/08/2026,29/08/2026,CUST-132,SKU-1005,WH-02,200,180,77.98,0
701102,1,26/08/2026,28/08/2026,27/08/2026,CUST-104,SKU-1011,WH-03,200,200,39.0,0.125
701102,2,26/08/2026,28/08/2026,27/08/2026,CUST-104,SKU-1005,WH-03,150,150,77.98,0.1
701103,1,27/08/2026,03/09/2026,03/09/2026,CUST-145,SKU-1011,WH-04,20,12,39.0,0.1
701103,2,27/08/2026,03/09/2026,03/09/2026,CUST-145,SKU-1022,WH-04,200,200,11.23,0.05
701104,1,27/08/2026,29/08/2026,28/08/2026,CUST-119,SKU-1010,WH-03,150,150,75.49,0
701104,2,27/08/2026,29/08/2026,28/08/2026,CUST-119,SKU-1005,WH-03,100,100,77.98,0.1
701105,1,27/08/2026,03/09/2026,02/09/2026,CUST-117,SKU-1021,WH-02,100,90,50.68,0.125
701105,2,27/08/2026,03/09/2026,02/09/2026,CUST-117,SKU-1010,WH-02,25,25,75.49,0
701106,1,27/08/2026,03/09/2026,05/09/2026,CUST-154,SKU-1015,WH-01,150,150,27.45,0.1
701106,2,27/08/2026,03/09/2026,05/09/2026,CUST-154,SKU-1003,WH-01,150,150,52.5,0.1
701106,3,27/08/2026,03/09/2026,05/09/2026,CUST-154,SKU-1011,WH-01,200,200,39.0,0.05
701107,1,27/08/2026,01/09/2026,03/09/2026,CUST-143,SKU-1006,WH-02,20,18,54.97,0.1
701107,2,27/08/2026,01/09/2026,03/09/2026,CUST-143,SKU-1004,WH-02,10,10,44.52,0.1
701107,3,27/08/2026,01/09/2026,03/09/2026,CUST-143,SKU-1014,WH-02,20,20,100.88,0.125
701107,4,27/08/2026,01/09/2026,03/09/2026,CUST-143,SKU-1006,WH-02,20,20,54.97,0.125
701108,1,27/08/2026,01/09/2026,31/08/2026,CUST-133,SKU-1014,WH-04,10,10,100.88,0.125
701109,1,27/08/2026,29/08/2026,29/08/2026,CUST-155,SKU-1019,WH-03,50,50,68.25,0.125
701109,2,27/08/2026,29/08/2026,29/08/2026,CUST-155,SKU-1005,WH-03,100,100,77.98,0.1
701109,3,27/08/2026,29/08/2026,29/08/2026,CUST-155,SKU-1010,WH-03,150,135,75.49,0
701110,1,27/08/2026,30/08/2026,01/09/2026,CUST-115,SKU-1003,WH-01,200,200,52.5,0
701110,2,27/08/2026,30/08/2026,01/09/2026,CUST-115,SKU-1024,WH-01,50,50,68.06,0.125
701110,3,27/08/2026,30/08/2026,01/09/2026,CUST-115,SKU-1009,WH-01,100,100,32.15,0
701110,4,27/08/2026,30/08/2026,01/09/2026,CUST-115,SKU-1006,WH-01,20,20,54.97,0.05
701111,1,27/08/2026,03/09/2026,04/09/2026,CUST-156,SKU-1004,WH-02,50,50,44.52,0
701111,2,27/08/2026,03/09/2026,04/09/2026,CUST-156,SKU-1007,WH-02,50,50,66.6,0
701111,3,27/08/2026,03/09/2026,04/09/2026,CUST-156,SKU-1013,WH-02,100,100,75.26,0
701111,4,27/08/2026,03/09/2026,04/09/2026,CUST-156,SKU-1017,WH-02,25,20,44.62,0
701112,1,28/08/2026,31/08/2026,30/08/2026,CUST-112,SKU-1001,WH-01,100,60,59.63,0
701112,2,28/08/2026,31/08/2026,30/08/2026,CUST-112,SKU-1024,WH-01,25,22,68.06,0.1
701112,3,28/08/2026,31/08/2026,30/08/2026,CUST-112,SKU-1006,WH-01,25,25,54.97,0
701113,1,28/08/2026,04/09/2026,04/09/2026,CUST-107,SKU-1006,WH-01,10,10,54.97,0.125
701113,2,28/08/2026,04/09/2026,04/09/2026,CUST-107,SKU-1007,WH-01,10,10,66.6,0
701113,3,28/08/2026,04/09/2026,04/09/2026,CUST-107,SKU-1011,WH-01,100,100,39.0,0
701113,4,28/08/2026,04/09/2026,04/09/2026,CUST-107,SKU-1015,WH-01,20,20,27.45,0.1
701114,1,28/08/2026,02/09/2026,01/09/2026,CUST-141,SKU-1023,WH-01,50,50,19.51,0
701115,1,28/08/2026,02/09/2026,02/09/2026,CUST-124,SKU-1008,WH-03,200,200,12.26,0.05
701115,2,28/08/2026,02/09/2026,02/09/2026,CUST-124,SKU-1006,WH-03,75,75,54.97,0.125
701115,3,28/08/2026,02/09/2026,02/09/2026,CUST-124,SKU-1003,WH-03,20,20,52.5,0
701115,4,28/08/2026,02/09/2026,02/09/2026,CUST-124,SKU-1014,WH-03,25,25,100.88,0.05
701116,1,28/08/2026,31/08/2026,31/08/2026,CUST-136,SKU-1012,WH-01,25,25,54.11,0.125
701116,2,28/08/2026,31/08/2026,31/08/2026,CUST-136,SKU-1004,WH-01,100,100,44.52,0
701116,3,28/08/2026,31/08/2026,31/08/2026,CUST-136,SKU-1019,WH-01,25,25,68.25,0
701116,4,28/08/2026,31/08/2026,31/08/2026,CUST-136,SKU-1016,WH-01,50,50,19.18,0.05
701117,1,28/08/2026,31/08/2026,30/08/2026,CUST-105,SKU-1014,WH-02,50,50,100.88,0
701117,2,28/08/2026,31/08/2026,30/08/2026,CUST-105,SKU-1013,WH-02,25,22,75.26,0
701117,3,28/08/2026,31/08/2026,30/08/2026,CUST-105,SKU-1016,WH-02,100,90,19.18,0.125
701117,4,28/08/2026,31/08/2026,30/08/2026,CUST-105,SKU-1021,WH-02,20,20,50.68,0
701118,1,28/08/2026,04/09/2026,09/09/2026,CUST-116,SKU-1016,WH-04,75,75,19.18,0
701119,1,31/08/2026,03/09/2026,03/09/2026,CUST-106,SKU-1002,WH-03,20,20,54.08,0
701119,2,31/08/2026,03/09/2026,03/09/2026,CUST-106,SKU-1011,WH-03,75,75,39.0,0.05
701119,3,31/08/2026,03/09/2026,03/09/2026,CUST-106,SKU-1020,WH-03,10,10,72.1,0.125
701119,4,31/08/2026,03/09/2026,03/09/2026,CUST-106,SKU-1010,WH-03,150,150,75.49,0.125
701120,1,31/08/2026,03/09/2026,05/09/2026,CUST-101,SKU-1004,WH-02,20,8,44.52,0.05
701121,1,31/08/2026,03/09/2026,02/09/2026,CUST-118,SKU-1012,WH-04,75,75,54.11,0
701121,2,31/08/2026,03/09/2026,02/09/2026,CUST-118,SKU-1015,WH-04,75,75,27.45,0.05
701122,1,31/08/2026,03/09/2026,05/09/2026,CUST-139,SKU-1018,WH-04,100,100,66.93,0.1
701122,2,31/08/2026,03/09/2026,05/09/2026,CUST-139,SKU-1024,WH-04,10,10,68.06,0.05
701122,3,31/08/2026,03/09/2026,05/09/2026,CUST-139,SKU-1008,WH-04,25,25,12.26,0
701123,1,31/08/2026,04/09/2026,05/09/2026,CUST-107,SKU-1013,WH-02,10,10,75.26,0.1
701124,1,31/08/2026,02/09/2026,01/09/2026,CUST-147,SKU-1017,WH-03,150,150,44.62,0
701124,2,31/08/2026,02/09/2026,01/09/2026,CUST-147,SKU-1024,WH-03,10,10,68.06,0
701125,1,31/08/2026,03/09/2026,02/09/2026,CUST-104,SKU-1014,WH-02,20,20,100.88,0.05
