OrderID,LineNumber,OrderDate,PromisedDate,ShipDate,CustomerID,SKU,WarehouseID,QtyOrdered,QtyShipped,UnitPrice,DiscountPct
700001,1,01/01/2025,03/01/2025,02/01/2025,CUST-115,SKU-1016,WH-02,200,180,19.18,0.1
700001,2,01/01/2025,03/01/2025,02/01/2025,CUST-115,SKU-1006,WH-02,150,150,54.97,0.125
700001,3,01/01/2025,03/01/2025,02/01/2025,CUST-115,SKU-1004,WH-02,25,25,44.52,0
700001,4,01/01/2025,03/01/2025,02/01/2025,CUST-115,SKU-1015,WH-02,50,50,27.45,0
700002,1,01/01/2025,04/01/2025,06/01/2025,CUST-141,SKU-1006,WH-02,75,75,54.97,0.1
700002,2,01/01/2025,04/01/2025,06/01/2025,CUST-141,SKU-1020,WH-02,20,20,72.1,0
700002,3,01/01/2025,04/01/2025,06/01/2025,CUST-141,SKU-1001,WH-02,150,150,59.63,0.05
700002,4,01/01/2025,04/01/2025,06/01/2025,CUST-141,SKU-1001,WH-02,100,100,59.63,0.05
700003,1,01/01/2025,04/01/2025,03/01/2025,CUST-109,SKU-1006,WH-04,200,200,54.97,0.125
700003,2,01/01/2025,04/01/2025,03/01/2025,CUST-109,SKU-1004,WH-04,200,200,44.52,0
700003,3,01/01/2025,04/01/2025,03/01/2025,CUST-109,SKU-1008,WH-04,75,75,12.26,0.125
700004,1,01/01/2025,03/01/2025,03/01/2025,CUST-114,SKU-1010,WH-02,150,150,75.49,0.05
700005,1,01/01/2025,06/01/2025,05/01/2025,CUST-129,SKU-1006, WH-02,10,10,54.97,0.05
700005,2,01/01/2025,06/01/2025,05/01/2025,CUST-129,SKU-1006,WH-01,75,67,54.97,0.05
700005,3,01/01/2025,06/01/2025,05/01/2025,CUST-129,SKU-1010,WH-01,150,150,75.49,0
700005,4,01/01/2025,06/01/2025,05/01/2025,CUST-129,SKU-1022,WH-01,200,200,11.23,0
700006,1,01/01/2025,05/01/2025,04/01/2025,CUST-151,SKU-1001,WH-03,100,100,59.63,0
700007,1,02/01/2025,07/01/2025,07/01/2025,CUST-105,SKU-1024,WH-01,200,200,68.06,0
700007,2,02/01/2025,07/01/2025,07/01/2025,CUST-105,SKU-1001,WH-01,50,45,59.63,0.1
700007,3,02/01/2025,07/01/2025,07/01/2025,CUST-105,SKU-1004,WH-01,25,25,44.52,0.1
700007,4,02/01/2025,07/01/2025,07/01/2025,CUST-105,SKU-1002,WH-01,20,20,54.08,0.125
700008,1,02/01/2025,04/01/2025,03/01/2025,CUST-136,SKU-1022,WH-04,150,150,11.23,0.1
700009,1,02/01/2025,06/01/2025,06/01/2025,CUST-112,SKU-1010,WH-04,20,20,75.49,0.125
700009,2,02/01/2025,06/01/2025,06/01/2025,CUST-112,SKU-1001,WH-04,20,20,59.63,0.1
700009,3,02/01/2025,06/01/2025,06/01/2025,CUST-112,SKU-1022,WH-04,25,25,11.23,0
700010,1,02/01/2025,06/01/2025,05/01/2025,CUST-149,SKU-1013,WH-03,75,67,75.26,0
700010,2,02/01/2025,06/01/2025,05/01/2025,CUST-149,SKU-1024,WH-03,75,60,68.06,0.125
700010,3,02/01/2025,06/01/2025,05/01/2025,CUST-149,SKU-1014,WH-03,50,50,100.88,0
700011,1,02/01/2025,04/01/2025,03/01/2025,CUST-158,SKU-1018,WH-01,75,75,66.93,0
700012,1,02/01/2025,04/01/2025,04/01/2025,CUST-116,SKU-1010,WH-01,150,150,75.49,0
700012,2,02/01/2025,04/01/2025,04/01/2025,CUST-116,SKU-1021,WH-01,150,150,50.68,0.05
700013,1,02/01/2025,04/01/2025,04/01/2025,CUST-120,SKU-1015,WH-04,25,25,27.45,0
700013,2,02/01/2025,04/01/2025,04/01/2025,CUST-120,SKU-1008,WH-04,150,150,12.26,0
700013,3,02/01/2025,04/01/2025,04/01/2025,CUST-120,SKU-1013,WH-04,20,20,$75.26,0
700013,4,02/01/2025,04/01/2025,04/01/2025,CUST-120,SKU-1018,WH-04,150,150,66.93,0.05
700014,1,02/01/2025,09/01/2025,14/01/2025,CUST-147,SKU-1007,WH-03,200,200,66.6,0
700015,1,02/01/2025,07/01/2025,12/01/2025,CUST-115,SKU-1008,WH-03,10,10,12.26,0
700015,2,02/01/2025,07/01/2025,12/01/2025,CUST-115,SKU-1007,WH-03,10,10,66.6,0.125
700016,1,03/01/2025,10/01/2025,10/01/2025,CUST-150,SKU-1011,WH-01,75,75,39.0,0.125
700017,1,03/01/2025,06/01/2025,07/01/2025,CUST-113,SKU-1006,WH-03,50,45,54.97,0
700017,2,03/01/2025,06/01/2025,07/01/2025,CUST-113,SKU-1004,WH-03,100,100,44.52,0.05
700017,3,03/01/2025,06/01/2025,07/01/2025,CUST-113,SKU-1007,WH-03,200,200,66.6,0
700017,4,03/01/2025,06/01/2025,07/01/2025,CUST-113,SKU-1001,WH-03,10,10,59.63,0.05
700018,1,03/01/2025,10/01/2025,11/01/2025,CUST-119,SKU-1010,WH-03,75,75,75.49,0
700018,2,03/01/2025,10/01/2025,11/01/2025,CUST-119,SKU-1005,WH-03,75,75,77.98,0
700018,3,03/01/2025,10/01/2025,11/01/2025,CUST-119,SKU-1005,WH-03,200,200,77.98,0
700018,4,03/01/2025,10/01/2025,11/01/2025,CUST-119,SKU-1013,WH-03,20,20,75.26,0.1
700019,1,03/01/2025,06/01/2025,05/01/2025,CUST-134,SKU-1004,WH-02,50,50,44.52,0.125
700020,1,03/01/2025,08/01/2025,08/01/2025,CUST-140,SKU-1015,WH-01,75,75,27.45,0.05
700020,2,03/01/2025,08/01/2025,08/01/2025,CUST-140,SKU-1010,WH-01,150,150,75.49,0.1
700020,3,03/01/2025,08/01/2025,08/01/2025,CUST-140,SKU-1005,WH-01,50,50,77.98,0
700021,1,03/01/2025,06/01/2025,05/01/2025,CUST-130,SKU-1024,WH-03,100,60,68.06,0
700021,2,03/01/2025,06/01/2025,05/01/2025,CUST-130,SKU-1022,WH-03,75,75,11.23,0
700021,3,03/01/2025,06/01/2025,05/01/2025,CUST-130,SKU-1015,WH-03,50,50,27.45,0.1
700021,4,03/01/2025,06/01/2025,05/01/2025,CUST-130,SKU-1023,WH-03,100,100,19.51,0.1
700022,1,03/01/2025,08/01/2025,07/01/2025,CUST-106,SKU-1024,WH-01,10,10,68.06,0.125
700023,1,06/01/2025,08/01/2025,07/01/2025,CUST-115,SKU-1005,WH-01,20,20,77.98,0
700024,1,06/01/2025,11/01/2025,12/01/2025,CUST-158,SKU-1009,WH-02,75,,32.15,0
700025,1,06/01/2025,13/01/2025,12/01/2025,CUST-158,SKU-1017,WH-04,200,200,44.62,0.1
700025,2,06/01/2025,13/01/2025,12/01/2025,CUST-158,SKU-1023,WH-04,25,25,19.51,0.1
700026,1,06/01/2025,08/01/2025,10/01/2025,CUST-106,SKU-1007,WH-04,100,100,66.6,0.05
700027,1,06/01/2025,09/01/2025,08/01/2025,CUST-156,SKU-1018,WH-04,200,200,66.93,0.125
700027,2,06/01/2025,09/01/2025,08/01/2025,CUST-156,SKU-1019,WH-04,20,20,68.25,0
700027,3,06/01/2025,09/01/2025,08/01/2025,CUST-156,SKU-1021,WH-04,25,25,50.68,0
700027,4,06/01/2025,09/01/2025,08/01/2025,CUST-156,SKU-1006,WH-04,20,20,54.97,0
700028,1,06/01/2025,10/01/2025,15/01/2025,CUST-137,SKU-1022,WH-04,100,100,11.23,0.05
700029,1,06/01/2025,10/01/2025,10/01/2025,CUST-148,SKU-1022,WH-02,25,22,11.23,0.125
700029,2,06/01/2025,10/01/2025,10/01/2025,CUST-148,SKU-1005,WH-02,25,25,77.98,0.125
700029,3,06/01/2025,10/01/2025,10/01/2025,CUST-148,SKU-1012,WH-02,150,150,54.11,0.125
700029,4,06/01/2025,10/01/2025,10/01/2025,CUST-148,SKU-1005,WH-02,200,200,77.98,0
700030,1,06/01/2025,13/01/2025,13/01/2025,CUST-134,SKU-1023,WH-01,100,100,19.51,0.1
700030,2,06/01/2025,13/01/2025,13/01/2025,CUST-134,SKU-1010,WH-01,20,20,75.49,0
700030,3,06/01/2025,13/01/2025,13/01/2025,CUST-134,SKU-1016,WH-01,50,50,19.18,0
700031,1,07/01/2025,10/01/2025,11/01/2025,CUST-103,SKU-1018,WH-02,100,100,66.93,0.05
700031,2,07/01/2025,10/01/2025,11/01/2025,CUST-103,SKU-1019,WH-02,75,75,68.25,0
700031,3,07/01/2025,10/01/2025,11/01/2025,CUST-103,SKU-1022,WH-02,150,150,11.23,0
700032,1,07/01/2025,11/01/2025,16/01/2025,CUST-112,SKU-1018,WH-04,25,15,66.93,0.125
700033,1,07/01/2025,09/01/2025,08/01/2025,CUST-116,SKU-1006,WH-01,10,4,54.97,0
700033,2,07/01/2025,09/01/2025,08/01/2025,CUST-116,SKU-1019,WH-01,25,25,68.25,0.1
700033,3,07/01/2025,09/01/2025,08/01/2025,CUST-116,SKU-1022,WH-01,25,25,11.23,0
700034,1,07/01/2025,11/01/2025,11/01/2025,CUST-139,SKU-1007,WH-03,20,20,66.6,0
700034,2,07/01/2025,11/01/2025,11/01/2025,CUST-139,SKU-1010,WH-03,10,10,75.49,0
700035,1,08/01/2025,13/01/2025,12/01/2025,CUST-146,SKU-1015,WH-01,150,150,27.45,0
700035,2,08/01/2025,13/01/2025,12/01/2025,CUST-146,SKU-1019,WH-01,150,150,68.25,0.1
700036,1,08/01/2025,10/01/2025,12/01/2025,CUST-111,SKU-1017,WH-04,20,20,44.62,0
700036,2,08/01/2025,10/01/2025,12/01/2025,CUST-111,SKU-1015,WH-04,20,20,27.45,0
700037,1,08/01/2025,10/01/2025,10/01/2025,CUST-126,SKU-1021,WH-01,75,75,50.68,0.1
700037,2,08/01/2025,10/01/2025,10/01/2025,CUST-126,SKU-1021,WH-01,25,22,50.68,0.1
700037,3,08/01/2025,10/01/2025,10/01/2025,CUST-126,SKU-1020,WH-01,100,100,72.1,0
700037,4,08/01/2025,10/01/2025,10/01/2025,CUST-126,SKU-1022,WH-01,50,50,11.23,0
700038,1,08/01/2025,15/01/2025,14/01/2025,CUST-104,SKU-1020,WH-01,10,10,72.1,0
700038,2,08/01/2025,15/01/2025,14/01/2025,CUST-104,sku-1021,WH-01,20,20,50.68,0.125
700039,1,08/01/2025,13/01/2025,18/01/2025,CUST-109,SKU-1010,WH-02,150,150,75.49,0.05
700040,1,08/01/2025,12/01/2025,11/01/2025,CUST-122,SKU-1011,WH-02,50,50,39.0,0.05
700040,2,08/01/2025,12/01/2025,11/01/2025,CUST-122,SKU-1005,WH-02,75,75,77.98,0
700040,3,08/01/2025,12/01/2025,11/01/2025,CUST-122,SKU-1018,WH-02,100,100,66.93,0.1
700041,1,09/01/2025,12/01/2025,12/01/2025,CUST-132,SKU-1004,WH-01,10,9,44.52,0.125
700041,2,09/01/2025,12/01/2025,12/01/2025,CUST-132,SKU-1004,WH-01,150,150,44.52,0.125
700041,3,09/01/2025,12/01/2025,12/01/2025,CUST-132,SKU-1001,WH-01,25,25,59.63,0
700041,4,09/01/2025,12/01/2025,12/01/2025,CUST-132,SKU-1015,WH-01,150,150,27.45,0.1
700042,1,09/01/2025,14/01/2025,13/01/2025,CUST-129,SKU-1015,WH-04,20,20,27.45,0
700042,2,09/01/2025,14/01/2025,13/01/2025,CUST-129,SKU-1006,WH-04,100,100,54.97,0.05
700043,1,09/01/2025,16/01/2025,17/01/2025,CUST-106,SKU-1019,WH-04,25,25,68.25,0.125
700043,2,09/01/2025,16/01/2025,17/01/2025,CUST-106,SKU-1005,WH-04,10,10,77.98,0
700043,3,09/01/2025,16/01/2025,17/01/2025,CUST-106,SKU-1016,WH-04,200,180,19.18,0.1
700044,1,09/01/2025,16/01/2025,15/01/2025,CUST-144,SKU-1002,WH-01,25,25,54.08,0
700045,1,09/01/2025,12/01/2025,11/01/2025,CUST-108,SKU-1017,WH-03,75,75,44.62,0
700045,2,09/01/2025,12/01/2025,11/01/2025,CUST-108,SKU-1015,WH-03,20,20,27.45,0
700046,1,09/01/2025,14/01/2025,13/01/2025,CUST-134,SKU-1009,WH-04,10,4,32.15,0
700047,1,09/01/2025,11/01/2025,11/01/2025,CUST-103,SKU-1006,WH-03,25,25,54.97,0
700047,2,09/01/2025,11/01/2025,11/01/2025,CUST-103,SKU-1009,WH-03,25,25,32.15,0
700047,3,09/01/2025,11/01/2025,11/01/2025,CUST-103,SKU-1020,WH-03,20,20,72.1,0.125
700048,1,09/01/2025,13/01/2025,15/01/2025,CUST-150,SKU-1013,WH-03,150,150,75.26,0.125
700049,1,10/01/2025,17/01/2025,16/01/2025,CUST-121,SKU-1010,WH-04,20,20,75.49,0
700050,1,10/01/2025,13/01/2025,12/01/2025,CUST-119,SKU-1003,WH-02,50,50,52.5,0.1
700050,2,10/01/2025,13/01/2025,12/01/2025,CUST-119,SKU-1007,WH-02,25,10,66.6,0
700050,3,10/01/2025,13/01/2025,12/01/2025,CUST-119,SKU-1021,WH-02,50,50,50.68,0
700051,1,10/01/2025,13/01/2025,18/01/2025,CUST-157,SKU-1014,WH-04,100,100,100.88,0
700051,2,10/01/2025,13/01/2025,18/01/2025,CUST-157,SKU-1024,WH-04,50,50,68.06,0
700051,3,10/01/2025,13/01/2025,18/01/2025,CUST-157,SKU-1015,WH-04,50,50,27.45,0.1
700051,4,10/01/2025,13/01/2025,18/01/2025,CUST-157,SKU-1012,WH-04,75,75,54.11,0
700052,1,10/01/2025,17/01/2025,16/01/2025,CUST-156,SKU-1013,WH-01,100,100,75.26,0.1
700052,2,10/01/2025,17/01/2025,16/01/2025,CUST-156,SKU-1003,WH-01,20,16,52.5,0
700052,3,10/01/2025,17/01/2025,16/01/2025,CUST-156,SKU-1024,WH-01,100,100,68.06,0
700053,1,10/01/2025,12/01/2025,11/01/2025,CUST-156,SKU-1007,WH-03,25,20,66.6,0.05
700053,2,10/01/2025,12/01/2025,11/01/2025,CUST-156,SKU-1024,WH-03,25,25,68.06,0
700054,1,10/01/2025,15/01/2025,14/01/2025,CUST-134,SKU-1011,WH-03,20,20,39.0,0.1
700054,2,10/01/2025,15/01/2025,14/01/2025,CUST-134,SKU-1024,WH-03,75,75,68.06,0
700054,3,10/01/2025,15/01/2025,14/01/2025,CUST-134,SKU-1006,WH-03,200,200,54.97,0
700054,4,10/01/2025,15/01/2025,14/01/2025,CUST-134,SKU-1001,WH-03,75,75,59.63,0
700055,1,10/01/2025,14/01/2025,19/01/2025,CUST-159,SKU-1022,WH-02,75,67,11.23,0.125
700056,1,10/01/2025,13/01/2025,12/01/2025,CUST-156,SKU-1006,WH-02,10,6,54.97,0
700056,2,10/01/2025,13/01/2025,12/01/2025,CUST-156,SKU-1002,WH-02,50,50,54.08,0.125
700056,3,10/01/2025,13/01/2025,12/01/2025,CUST-156,SKU-1024,WH-02,20,20,68.06,0
700057,1,13/01/2025,17/01/2025,17/01/2025,CUST-139,SKU-1022,WH-03,20,18,11.23,0.05
700057,2,13/01/2025,17/01/2025,17/01/2025,CUST-139,SKU-1020,WH-03,50,50,72.1,0.05
700057,3,13/01/2025,17/01/2025,17/01/2025,CUST-139,SKU-1009,WH-03,50,50,32.15,0
700057,4,13/01/2025,17/01/2025,17/01/2025,CUST-139,SKU-1024,WH-03,10,10,68.06,0
700058,1,13/01/2025,15/01/2025,14/01/2025,CUST-119,SKU-1020,WH-04,10,10,72.1,0.125
700059,1,13/01/2025,15/01/2025,15/01/2025,CUST-148,SKU-1007,WH-01,20,20,66.6,0
700059,2,13/01/2025,15/01/2025,15/01/2025,CUST-148,SKU-1024,WH-01,150,150,68.06,0.1
700060,1,13/01/2025,16/01/2025,17/01/2025,CUST-104,SKU-1020,WH-04,10,10,72.1,0.1
700061,1,13/01/2025,17/01/2025,16/01/2025,CUST-144,SKU-1024,WH-02,25,25,68.06,0.05
700061,2,13/01/2025,17/01/2025,16/01/2025,CUST-144,SKU-1021,WH-02,150,150,50.68,0.1
700061,3,13/01/2025,17/01/2025,16/01/2025,CUST-144,SKU-1016,WH-02,25,20,19.18,0
700061,4,13/01/2025,17/01/2025,16/01/2025,CUST-144,SKU-1005,WH-02,150,150,77.98,0
700062,1,13/01/2025,16/01/2025,16/01/2025,CUST-145,SKU-1010,WH-04,75,75,75.49,0
700062,2,13/01/2025,16/01/2025,16/01/2025,CUST-145,SKU-1007,WH-04,25,25,66.6,0
700062,3,13/01/2025,16/01/2025,16/01/2025,CUST-145,SKU-1018,WH-04,50,45,66.93,0.125
700062,4,13/01/2025,16/01/2025,16/01/2025,CUST-145,SKU-1011,WH-04,150,150,39.0,0
700063,1,14/01/2025,17/01/2025,16/01/2025,CUST-142,SKU-1004,WH-03,20,20,44.52,0
700063,2,14/01/2025,17/01/2025,16/01/2025,CUST-142,SKU-1022,WH-03,25,25,11.23,0.05
700063,3,14/01/2025,17/01/2025,16/01/2025,CUST-142,SKU-1020,WH-03,150,150,72.1,0
700063,4,14/01/2025,17/01/2025,16/01/2025,CUST-142,SKU-1019,WH-03,20,20,68.25,0
700064,1,14/01/2025,16/01/2025,16/01/2025,CUST-148,SKU-1015,WH-04,50,50,27.45,0.05
700064,2,14/01/2025,16/01/2025,16/01/2025,CUST-148,SKU-1022,WH-04,20,20,11.23,0.125
700064,3,14/01/2025,16/01/2025,16/01/2025,CUST-148,SKU-1022,WH-04,25,25,11.23,0
700064,4,14/01/2025,16/01/2025,16/01/2025,CUST-148,SKU-1013,WH-04,25,25,75.26,0
700065,1,14/01/2025,19/01/2025,18/01/2025,CUST-133,SKU-1006,WH-03,200,200,54.97,0
700065,2,14/01/2025,19/01/2025,18/01/2025,CUST-133,SKU-1013,WH-03,150,150,75.26,0
700066,1,14/01/2025,17/01/2025,16/01/2025,CUST-102,SKU-1021,WH-04,75,75,50.68,0.05
700066,2,14/01/2025,17/01/2025,16/01/2025,CUST-102,SKU-1003,WH-04,150,150,52.5,0.1
700066,3,14/01/2025,17/01/2025,16/01/2025,CUST-102,SKU-1021,WH-04,50,50,50.68,0
700067,1,14/01/2025,17/01/2025,19/01/2025,CUST-104,SKU-1008,WH-04,150,150,12.26,0
700067,2,14/01/2025,17/01/2025,19/01/2025,CUST-104,SKU-1012,WH-04,150,60,54.11,0
700067,3,14/01/2025,17/01/2025,19/01/2025,CUST-104,SKU-1001,WH-04,20,20,59.63,0
700068,1,14/01/2025,17/01/2025,19/01/2025,CUST-132,SKU-1013,WH-03,20,20,75.26,0.05
700068,2,14/01/2025,17/01/2025,19/01/2025,CUST-132,SKU-1003,WH-03,25,25,52.5,0
700068,3,14/01/2025,17/01/2025,19/01/2025,CUST-132,SKU-1019,WH-03,150,150,68.25,0.125
700069,1,14/01/2025,17/01/2025,16/01/2025,CUST-123,SKU-1001,WH-01,200,200,59.63,0.1
700070,1,14/01/2025,19/01/2025,20/01/2025,CUST-147,SKU-1006,WH-03,200,200,54.97,0.05
700070,2,14/01/2025,19/01/2025,20/01/2025,CUST-147,SKU-1019,WH-03,75,75,68.25,0.125
700070,3,14/01/2025,19/01/2025,20/01/2025,CUST-147,SKU-1014,WH-03,25,25,100.88,0
700070,4,14/01/2025,19/01/2025,20/01/2025,CUST-147,SKU-1019,WH-03,25,25,68.25,0.125
700071,1,15/01/2025,19/01/2025,19/01/2025,CUST-109,SKU-1004,WH-04,20,20,44.52,0.1
700072,1,15/01/2025,17/01/2025,16/01/2025,CUST-140,SKU-1003,WH-03,20,20,52.5,0
700072,2,15/01/2025,17/01/2025,16/01/2025,CUST-140,SKU-1014,WH-03,50,50,100.88,0.125
700072,3,15/01/2025,17/01/2025,16/01/2025,CUST-140,SKU-1014,WH-03,25,25,100.88,0.125
700073,1,15/01/2025,17/01/2025,16/01/2025,CUST-115,SKU-1004,WH-02,200,200,44.52,0
700073,2,15/01/2025,17/01/2025,16/01/2025,CUST-115,SKU-1014,WH-02,200,200,100.88,0.1
700074,1,15/01/2025,17/01/2025,16/01/2025,CUST-152,SKU-1008,WH-04,50,50,12.26,0
700074,2,15/01/2025,17/01/2025,16/01/2025,CUST-152,SKU-1004,WH-04,75,75,44.52,0
700075,1,15/01/2025,20/01/2025,19/01/2025,CUST-124,SKU-1005,WH-02,10,10,77.98,0
700075,2,15/01/2025,20/01/2025,19/01/2025,CUST-124,SKU-1007,WH-02,25,25,66.6,0.125
700075,3,15/01/2025,20/01/2025,19/01/2025,CUST-124,SKU-1018,WH-02,20,20,66.93,0
700075,4,15/01/2025,20/01/2025,19/01/2025,CUST-124,SKU-1014,WH-02,100,100,100.88,0.1
700076,1,15/01/2025,18/01/2025,18/01/2025,CUST-146,SKU-1007,WH-04,25,25,66.6,0.125
700076,2,15/01/2025,18/01/2025,18/01/2025,CUST-146,SKU-1008,WH-04,75,75,12.26,0.125
700076,3,15/01/2025,18/01/2025,18/01/2025,CUST-146,SKU-1002,WH-04,20,12,54.08,0
700076,4,15/01/2025,18/01/2025,18/01/2025,CUST-146,SKU-1005,WH-04,25,25,77.98,0.1
700077,1,16/01/2025,19/01/2025,19/01/2025,CUST-137,SKU-1017,WH-01,100,100,44.62,0.1
700078,1,16/01/2025,23/01/2025,22/01/2025,CUST-112,SKU-1011,WH-04,200,200,39.0,0
700078,2,16/01/2025,23/01/2025,22/01/2025,CUST-112,SKU-1007,WH-04,200,200,66.6,0.125
700078,3,16/01/2025,23/01/2025,22/01/2025,CUST-112,SKU-1022,WH-04,75,75,11.23,0.05
700079,1,16/01/2025,23/01/2025,23/01/2025,CUST-132,SKU-1003,WH-03,20,20,52.5,0
700080,1,16/01/2025,20/01/2025,19/01/2025,CUST-123,SKU-1007,WH-01,200,200,66.6,0
700080,2,16/01/2025,20/01/2025,19/01/2025,CUST-123,SKU-1010,WH-01,75,75,75.49,0
700081,1,16/01/2025,20/01/2025,20/01/2025,CUST-145,SKU-1022,WH-02,200,200,11.23,0
700081,2,16/01/2025,20/01/2025,20/01/2025,CUST-145,SKU-1005,WH-02,50,50,77.98,0.125
700082,1,17/01/2025,21/01/2025,23/01/2025,CUST-145,SKU-1023,WH-01,20,20,19.51,0
700082,2,17/01/2025,21/01/2025,23/01/2025,CUST-145,SKU-1003,WH-01,75,75,52.5,0
700082,3,17/01/2025,21/01/2025,23/01/2025,CUST-145,SKU-1013,WH-01,75,67,75.26,0
700082,4,17/01/2025,21/01/2025,23/01/2025,CUST-145,SKU-1018,WH-01,150,150,66.93,0.125
700083,1,17/01/2025,20/01/2025,20/01/2025,CUST-141,SKU-1024,WH-02,100,100,68.06,0
700083,2,17/01/2025,20/01/2025,20/01/2025,CUST-141,SKU-1017,WH-02,20,20,44.62,0.05
700083,3,17/01/2025,20/01/2025,20/01/2025,CUST-141,SKU-1020,WH-02,25,25,72.1,0.05
700084,1,17/01/2025,24/01/2025,25/01/2025,CUST-125,SKU-1002,WH-04,50,50,54.08,0.05
700084,2,17/01/2025,24/01/2025,25/01/2025,CUST-125,SKU-1013,WH-04,50,50,75.26,0.1
700085,1,17/01/2025,21/01/2025,21/01/2025,CUST-102,SKU-1003,WH-04,20,20,52.5,0
700085,2,17/01/2025,21/01/2025,21/01/2025,CUST-102,SKU-1014,WH-04,200,200,100.88,0.05
700085,3,17/01/2025,21/01/2025,21/01/2025,CUST-102,SKU-1006,WH-04,75,75,54.97,0.125
700086,1,17/01/2025,20/01/2025,25/01/2025,CUST-144,SKU-1017,WH-02,100,100,44.62,0
700086,2,17/01/2025,20/01/2025,25/01/2025,CUST-144,SKU-1012,WH-02,25,25,54.11,0
700087,1,17/01/2025,21/01/2025,20/01/2025,CUST-158,SKU-1004,WH-01,50,50,44.52,0
700087,2,17/01/2025,21/01/2025,20/01/2025,CUST-158,SKU-1013,WH-01,50,45,75.26,0
700087,3,17/01/2025,21/01/2025,20/01/2025,CUST-158,SKU-1013,WH-01,200,200,75.26,0.1
700088,1,17/01/2025,22/01/2025,23/01/2025,CUST-135,SKU-1019,WH-01,150,150,68.25,0
700088,2,17/01/2025,22/01/2025,23/01/2025,CUST-135,SKU-1008,WH-01,10,9,12.26,0.1
700088,3,17/01/2025,22/01/2025,23/01/2025,CUST-135,SKU-1008,WH-01,50,50,12.26,0.125
700089,1,17/01/2025,19/01/2025,20/01/2025,CUST-158,SKU-1022,WH-03,75,75,11.23,0
700089,2,17/01/2025,19/01/2025,20/01/2025,CUST-158,SKU-1023,WH-03,150,150,19.51,0
700089,3,17/01/2025,19/01/2025,20/01/2025,CUST-158,SKU-1013,WH-03,20,20,75.26,0.05
700089,4,17/01/2025,19/01/2025,20/01/2025,CUST-158,SKU-1013,WH-03,20,20,75.26,0
700090,1,17/01/2025,19/01/2025,18/01/2025,CUST-135,SKU-1011,WH-02,200,200,39.0,0.125
700090,2,17/01/2025,19/01/2025,18/01/2025,CUST-135,SKU-1006,WH-02,200,200,54.97,0
700090,3,17/01/2025,19/01/2025,18/01/2025,CUST-135,SKU-1001,WH-02,50,50,59.63,0.05
700090,4,17/01/2025,19/01/2025,18/01/2025,CUST-135,SKU-1017,WH-02,100,100,44.62,0.125
700091,1,20/01/2025,24/01/2025,24/01/2025,CUST-121,SKU-1015,WH-01,10,10,27.45,0.05
700091,2,20/01/2025,24/01/2025,24/01/2025,CUST-121,SKU-1024,WH-01,75,60,68.06,0.125
700091,3,20/01/2025,24/01/2025,24/01/2025,CUST-121,SKU-1010,WH-01,50,50,75.49,0
700092,1,20/01/2025,23/01/2025,25/01/2025,CUST-123,SKU-1019,WH-04,50,40,68.25,0
700092,2,20/01/2025,23/01/2025,25/01/2025,CUST-123,SKU-1016,WH-04,20,20,19.18,0
700092,3,20/01/2025,23/01/2025,25/01/2025,CUST-123,SKU-1015,WH-04,20,20,27.45,0.05
700092,4,20/01/2025,23/01/2025,25/01/2025,CUST-123,SKU-1023,WH-04,100,100,19.51,0.125
700093,1,20/01/2025,23/01/2025,22/01/2025,CUST-127,SKU-1024,WH-01,75,67,68.06,0.1
700094,1,20/01/2025,24/01/2025,23/01/2025,CUST-147,SKU-1001,WH-03,75,75,59.63,0
700094,2,20/01/2025,24/01/2025,23/01/2025,CUST-147,SKU-1006,WH-03,25,20,54.97,0.05
700094,3,20/01/2025,24/01/2025,23/01/2025,CUST-147,SKU-1005,WH-03,50,50,77.98,0
700094,4,20/01/2025,24/01/2025,23/01/2025,CUST-147,SKU-1002,WH-03,200,200,54.08,0
700095,1,21/01/2025,23/01/2025,22/01/2025,CUST-122,SKU-1021,WH-01,200,200,50.68,0
700096,1,21/01/2025,24/01/2025,26/01/2025,CUST-148,SKU-1003,WH-02,10,4,52.5,0
700096,2,21/01/2025,24/01/2025,26/01/2025,CUST-148,SKU-1005,WH-02,10,10,77.98,0
700096,3,21/01/2025,24/01/2025,26/01/2025,CUST-148,SKU-1016,WH-02,100,100,19.18,0
700097,1,21/01/2025,23/01/2025,22/01/2025,CUST-127,SKU-1004,WH-01,200,200,44.52,0.1
700097,2,21/01/2025,23/01/2025,22/01/2025,CUST-127,SKU-1018,WH-01,150,150,66.93,0
700097,3,21/01/2025,23/01/2025,22/01/2025,CUST-127,SKU-1023,WH-01,150,150,19.51,0
700098,1,21/01/2025,28/01/2025,30/01/2025,CUST-142,SKU-1006,WH-01,200,200,54.97,0
700098,2,21/01/2025,28/01/2025,30/01/2025,CUST-142,SKU-1010,WH-01,25,10,75.49,0.125
700098,3,21/01/2025,28/01/2025,30/01/2025,CUST-142,SKU-1007,WH-01,10,10,66.6,0
700098,4,21/01/2025,28/01/2025,30/01/2025,CUST-142,SKU-1009,WH-01,200,200,32.15,0.125
700099,1,22/01/2025,27/01/2025,29/01/2025,CUST-153,SKU-1017,WH-01,100,100,44.62,0
700099,2,22/01/2025,27/01/2025,29/01/2025,CUST-153,SKU-1013,WH-01,10,10,75.26,0
700100,1,22/01/2025,25/01/2025,24/01/2025,CUST-110,SKU-1001,WH-01,10,8,59.63,0
700100,2,22/01/2025,25/01/2025,24/01/2025,CUST-110,SKU-1014,WH-01,10,10,100.88,0.05
700101,1,22/01/2025,26/01/2025,31/01/2025,CUST-160,SKU-1020,WH-02,200,200,72.1,0
700101,2,22/01/2025,26/01/2025,31/01/2025,CUST-160,SKU-1009,WH-02,50,50,32.15,0
700102,1,22/01/2025,27/01/2025,29/01/2025,CUST-156,SKU-1011,WH-03,100,100,39.0,0.125
700103,1,22/01/2025,26/01/2025,25/01/2025,CUST-108,SKU-1004,WH-02,10,10,44.52,0
700104,1,23/01/2025,25/01/2025,24/01/2025,CUST-151,SKU-1022,WH-04,75,75,11.23,0
700104,2,23/01/2025,25/01/2025,24/01/2025,CUST-151,SKU-1001,WH-04,25,25,59.63,0.05
700105,1,23/01/2025,27/01/2025,26/01/2025,CUST-124,SKU-1023,WH-01,20,20,19.51,0.05
700105,2,23/01/2025,27/01/2025,26/01/2025,CUST-124,SKU-1002,WH-01,75,75,54.08,0
700105,3,23/01/2025,27/01/2025,26/01/2025,CUST-124,SKU-1010,WH-01,200,200,75.49,0
700105,4,23/01/2025,27/01/2025,26/01/2025,CUST-124,SKU-1016,WH-01,50,50,19.18,0
700106,1,23/01/2025,30/01/2025,30/01/2025,CUST-128,SKU-1014,WH-03,20,20,100.88,0
700106,2,23/01/2025,30/01/2025,30/01/2025,CUST-128,SKU-1020,WH-03,150,150,72.1,0.1
700106,3,23/01/2025,30/01/2025,30/01/2025,CUST-128,SKU-1015,WH-03,150,150,27.45,0
700106,4,23/01/2025,30/01/2025,30/01/2025,CUST-128,SKU-1010,WH-03,75,75,75.49,0.1
700107,1,23/01/2025,26/01/2025,31/01/2025,CUST-149,SKU-1008,WH-04,25,15,12.26,0.125
700107,2,23/01/2025,26/01/2025,31/01/2025,CUST-149,SKU-1011,WH-04,75,75,39.0,0.1
700108,1,24/01/2025,31/01/2025,01/02/2025,CUST-146,SKU-1007,WH-03,200,200,66.6,0.05
700108,2,24/01/2025,31/01/2025,01/02/2025,CUST-146,SKU-1004,WH-03,100,100,44.52,0
700108,3,24/01/2025,31/01/2025,01/02/2025,CUST-146,SKU-1007,WH-03,100,100,66.6,0
700108,4,24/01/2025,31/01/2025,01/02/2025,CUST-146,SKU-1001,WH-03,150,150,59.63,0
700109,1,24/01/2025,27/01/2025,26/01/2025,CUST-154,SKU-1010,WH-01,150,150,75.49,0.1
700109,2,24/01/2025,27/01/2025,26/01/2025,CUST-154,SKU-1021,WH-01,150,150,50.68,0.1
700110,1,24/01/2025,29/01/2025,28/01/2025,CUST-118,SKU-1007,WH-03,200,160,66.6,0.05
700110,2,24/01/2025,29/01/2025,28/01/2025,CUST-118,SKU-1019,WH-03,25,25,68.25,0
700110,3,24/01/2025,29/01/2025,28/01/2025,CUST-118,SKU-1018,WH-03,75,75,66.93,0.1
700111,1,24/01/2025,26/01/2025,27/01/2025,CUST-138,SKU-1021,WH-01,10,10,50.68,0.1
700112,1,24/01/2025,29/01/2025,28/01/2025,CUST-115,SKU-1023,WH-01,75,75,19.51,0.1
700112,2,24/01/2025,29/01/2025,28/01/2025,CUST-115,SKU-1005,WH-01,50,50,77.98,0.1
700112,3,24/01/2025,29/01/2025,28/01/2025,CUST-115,SKU-1003,WH-01,10,10,52.5,0
700112,4,24/01/2025,29/01/2025,28/01/2025,CUST-115,SKU-1016,WH-01,100,100,19.18,0.1
700113,1,24/01/2025,28/01/2025,27/01/2025,CUST-155,SKU-1009,WH-02,25,15,32.15,0.05
700113,2,24/01/2025,28/01/2025,27/01/2025,CUST-155,SKU-1017,WH-02,10,10,44.62,0
700113,3,24/01/2025,28/01/2025,27/01/2025,CUST-155,SKU-1003,WH-02,75,75,52.5,0.05
700114,1,24/01/2025,28/01/2025,27/01/2025,CUST-108,SKU-1017,WH-01,10,10,44.62,0.1
700115,1,24/01/2025,28/01/2025,02/02/2025,CUST-102,SKU-1008,WH-02,25,25,12.26,0
700115,2,24/01/2025,28/01/2025,02/02/2025,CUST-102,SKU-1011,WH-02,75,75,39.0,0
700116,1,27/01/2025,03/02/2025,04/02/2025,CUST-102,SKU-1020,WH-04,100,100,72.1,0
700116,2,27/01/2025,03/02/2025,04/02/2025,CUST-102,SKU-1024,WH-04,75,75,68.06,0.1
700116,3,27/01/2025,03/02/2025,04/02/2025,CUST-102,SKU-1005,WH-04,20,20,77.98,0.125
700116,4,27/01/2025,03/02/2025,04/02/2025,CUST-102,SKU-1003,WH-04,10,10,52.5,0.125
700117,1,27/01/2025,01/02/2025,06/02/2025,CUST-123,SKU-1024,WH-04,25,25,68.06,0.125
700117,2,27/01/2025,01/02/2025,06/02/2025,CUST-123,SKU-1010,WH-04,150,150,75.49,0
700117,3,27/01/2025,01/02/2025,06/02/2025,CUST-123,SKU-1001,WH-04,20,20,59.63,0.125
700118,1,27/01/2025,31/01/2025,30/01/2025,CUST-119,SKU-1007,WH-01,50,50,66.6,0
700119,1,27/01/2025,30/01/2025,30/01/2025,CUST-120,SKU-1008,WH-03,150,150,12.26,0
700119,2,27/01/2025,30/01/2025,30/01/2025,CUST-120,SKU-1024,WH-03,100,100,68.06,0.1
700120,1,27/01/2025,30/01/2025,30/01/2025,CUST-144,SKU-1004,WH-01,75,75,44.52,0.125
700120,2,27/01/2025,30/01/2025,30/01/2025,CUST-144,SKU-1007,WH-01,25,25,66.6,0
700120,3,27/01/2025,30/01/2025,30/01/2025,CUST-144,SKU-1020,WH-01,75,75,72.1,0
700121,1,27/01/2025,29/01/2025,29/01/2025,CUST-142,SKU-1020,WH-01,200,80,72.1,0.125
700121,2,27/01/2025,29/01/2025,29/01/2025,CUST-142,SKU-1017,WH-01,50,50,44.62,0.05
700121,3,27/01/2025,29/01/2025,29/01/2025,CUST-142,SKU-1006,WH-01,20,20,54.97,0
700122,1,27/01/2025,30/01/2025,29/01/2025,CUST-153,SKU-1006,WH-01,25,25,54.97,0.125
700122,2,27/01/2025,30/01/2025,29/01/2025,CUST-153,SKU-1019,WH-01,100,100,68.25,0
700122,3,27/01/2025,30/01/2025,29/01/2025,CUST-153,SKU-1024,WH-01,200,180,68.06,0
700122,4,27/01/2025,30/01/2025,29/01/2025,CUST-153,SKU-1023,WH-01,10,10,19.51,0.05
700123,1,27/01/2025,30/01/2025,30/01/2025,CUST-133,SKU-1008,WH-03,100,40,12.26,0
700123,2,27/01/2025,30/01/2025,30/01/2025,CUST-133,SKU-1017,WH-03,20,20,44.62,0.05
700123,3,27/01/2025,30/01/2025,30/01/2025,CUST-133,SKU-1011,WH-03,50,30,39.0,0.05
700124,1,28/01/2025,02/02/2025,01/02/2025,CUST-114,SKU-1001,WH-04,10,10,59.63,0
700124,2,28/01/2025,02/02/2025,01/02/2025,CUST-114,SKU-1002,WH-04,50,45,54.08,0.05
700124,3,28/01/2025,02/02/2025,01/02/2025,CUST-114,SKU-1001,WH-04,25,25,59.63,0
700125,1,28/01/2025,31/01/2025,01/02/2025,CUST-127,SKU-1024,WH-03,10,10,68.06,0
700125,2,28/01/2025,31/01/2025,01/02/2025,CUST-127,SKU-1017,WH-03,50,50,44.62,0
700126,1,28/01/2025,30/01/2025,01/02/2025,CUST-159,SKU-1022,WH-02,75,67,11.23,0.05
700127,1,28/01/2025,31/01/2025,30/01/2025,CUST-144,SKU-1014,WH-01,50,50,100.88,0
700127,2,28/01/2025,31/01/2025,30/01/2025,CUST-144,SKU-1020,WH-01,200,200,72.1,0
700127,3,28/01/2025,31/01/2025,30/01/2025,CUST-144,SKU-1017,WH-01,10,10,44.62,0.125
700128,1,28/01/2025,30/01/2025,29/01/2025,CUST-133,SKU-1016,WH-01,25,25,19.18,0
700128,2,28/01/2025,30/01/2025,29/01/2025,CUST-133,SKU-1021,WH-01,20,20,50.68,0
700128,3,28/01/2025,30/01/2025,29/01/2025,CUST-133,SKU-1016,WH-01,75,67,19.18,0.05
700128,4,28/01/2025,30/01/2025,29/01/2025,CUST-133,SKU-1003,WH-01,75,75,52.5,0
700129,1,29/01/2025,05/02/2025,04/02/2025,CUST-123,SKU-1016,WH-03,20,20,19.18,0
700129,2,29/01/2025,05/02/2025,04/02/2025,CUST-123,SKU-1006,WH-03,50,50,54.97,0.05
700129,3,29/01/2025,05/02/2025,04/02/2025,CUST-123,SKU-1019,WH-03,150,150,68.25,0
700130,1,29/01/2025,02/02/2025,02/02/2025,CUST-110,SKU-1020,WH-03,25,25,72.1,0.05
700131,1,29/01/2025,03/02/2025,05/02/2025,CUST-131,SKU-1014,WH-02,10,8,100.88,0
700131,2,29/01/2025,03/02/2025,05/02/2025,CUST-131,SKU-1006,WH-02,100,100,54.97,0
700131,3,29/01/2025,03/02/2025,05/02/2025,CUST-131,SKU-1017,WH-02,25,25,44.62,0
700131,4,29/01/2025,03/02/2025,05/02/2025,CUST-131,SKU-1019,WH-02,150,120,68.25,0
700132,1,29/01/2025,01/02/2025,03/02/2025,CUST-139,SKU-1010,WH-04,200,200,75.49,0
700132,2,29/01/2025,01/02/2025,03/02/2025,CUST-139,SKU-1003,WH-04,75,75,52.5,0
700133,1,29/01/2025,03/02/2025,02/02/2025,CUST-134,SKU-1023,WH-04,150,150,19.51,0.1
700133,2,29/01/2025,03/02/2025,02/02/2025,CUST-134,SKU-1010,WH-04,50,50,75.49,0
700134,1,30/01/2025,04/02/2025,03/02/2025,CUST-148,SKU-1007,WH-02,20,20,66.6,0
700134,2,30/01/2025,04/02/2025,03/02/2025,CUST-148,SKU-1010,WH-02,50,50,75.49,0.1
700135,1,30/01/2025,01/02/2025,31/01/2025,CUST-130,SKU-1006,WH-03,150,150,54.97,0
700136,1,30/01/2025,02/02/2025,01/02/2025,CUST-127,SKU-1011,WH-02,50,50,39.0,0
700136,2,30/01/2025,02/02/2025,01/02/2025,CUST-127,SKU-1024,WH-02,20,20,68.06,0.125
700136,3,30/01/2025,02/02/2025,01/02/2025,CUST-127,SKU-1005,WH-02,25,10,77.98,0
700136,4,30/01/2025,02/02/2025,01/02/2025,CUST-127,SKU-1021,WH-02,100,100,50.68,0
700137,1,30/01/2025,02/02/2025,01/02/2025,CUST-141,SKU-1022,WH-01,10,10,11.23,0
700138,1,30/01/2025,06/02/2025,06/02/2025,CUST-118,SKU-1013,WH-04,25,25,75.26,0.05
700138,2,30/01/2025,06/02/2025,06/02/2025,CUST-118,SKU-1021,WH-04,75,75,50.68,0.1
700138,3,30/01/2025,06/02/2025,06/02/2025,CUST-118,SKU-1021,WH-04,200,200,50.68,0.05
700138,4,30/01/2025,06/02/2025,06/02/2025,CUST-118,SKU-1019,WH-04,200,120,68.25,0
700139,1,30/01/2025,02/02/2025,01/02/2025,CUST-159,SKU-1020,WH-01,200,200,72.1,0.1
700139,2,30/01/2025,02/02/2025,01/02/2025,CUST-159,SKU-1005,WH-01,150,150,77.98,0.1
700140,1,30/01/2025,01/02/2025,31/01/2025,CUST-107,SKU-1003,WH-04,50,50,52.5,0
700140,2,30/01/2025,01/02/2025,31/01/2025,CUST-107,SKU-1013,WH-04,200,200,75.26,0.125
700140,3,30/01/2025,01/02/2025,31/01/2025,CUST-107,SKU-1017,WH-04,25,10,44.62,0
700141,1,31/01/2025,03/02/2025,05/02/2025,CUST-102,SKU-1008,WH-03,200,200,12.26,0.1
700141,2,31/01/2025,03/02/2025,05/02/2025,CUST-102,SKU-1015,WH-03,100,40,27.45,0.125
700142,1,31/01/2025,05/02/2025,04/02/2025,CUST-156,SKU-1022,WH-04,20,20,11.23,0.1
700142,2,31/01/2025,05/02/2025,04/02/2025,CUST-156,SKU-1001,WH-04,75,75,59.63,0
700143,1,31/01/2025,07/02/2025,06/02/2025,CUST-137,SKU-1010,WH-04,200,200,75.49,0
700143,2,31/01/2025,07/02/2025,06/02/2025,CUST-137,SKU-1001,WH-04,10,10,59.63,0.1
700143,3,31/01/2025,07/02/2025,06/02/2025,CUST-137,SKU-1019,WH-04,75,67,68.25,0
700144,1,31/01/2025,03/02/2025,02/02/2025,CUST-108,SKU-1019,WH-03,150,135,68.25,0
700144,2,31/01/2025,03/02/2025,02/02/2025,CUST-108,SKU-1020,WH-03,10,10,72.1,0
700144,3,31/01/2025,03/02/2025,02/02/2025,CUST-108,SKU-1001,WH-03,10,10,59.63,0.1
700145,1,31/01/2025,03/02/2025,05/02/2025,CUST-152,SKU-1023,WH-01,150,135,19.51,0
700146,1,31/01/2025,03/02/2025,03/02/2025,CUST-129,SKU-1001,WH-02,100,100,59.63,0
700146,2,31/01/2025,03/02/2025,03/02/2025,CUST-129,SKU-1020,WH-02,25,25,72.1,0.05
700146,3,31/01/2025,03/02/2025,03/02/2025,CUST-129,SKU-1009,WH-02,100,100,32.15,0
700146,4,31/01/2025,03/02/2025,03/02/2025,CUST-129,SKU-1009,WH-02,200,200,32.15,0.05
700147,1,31/01/2025,05/02/2025,04/02/2025,CUST-125,SKU-1003,WH-02,75,75,52.5,0.1
700147,2,31/01/2025,05/02/2025,04/02/2025,CUST-125,SKU-1010,WH-02,50,50,75.49,0
700148,1,03/02/2025,08/02/2025,08/02/2025,CUST-131,SKU-1005,WH-02,10,9,77.98,0
700148,2,03/02/2025,08/02/2025,08/02/2025,CUST-131,SKU-1002,WH-02,10,10,54.08,0.05
700148,3,03/02/2025,08/02/2025,08/02/2025,CUST-131,SKU-1001,WH-02,25,25,59.63,0
700148,4,03/02/2025,08/02/2025,08/02/2025,CUST-131,SKU-1009,WH-02,25,25,32.15,0
700149,1,03/02/2025,05/02/2025,06/02/2025,CUST-146,SKU-1010,WH-04,10,10,75.49,0
700149,2,03/02/2025,05/02/2025,06/02/2025,CUST-146,SKU-1012,WH-04,75,75,54.11,0.1
700149,3,03/02/2025,05/02/2025,06/02/2025,CUST-146,SKU-1023,WH-04,10,10,19.51,0.125
700150,1,03/02/2025,10/02/2025,09/02/2025,CUST-147,SKU-1019,WH-04,50,50,68.25,0
700151,1,03/02/2025,05/02/2025,04/02/2025,CUST-154,SKU-1004,WH-02,25,25,44.52,0.05
700151,2,03/02/2025,05/02/2025,04/02/2025,CUST-154,SKU-1020,WH-02,100,100,72.1,0
700152,1,03/02/2025,06/02/2025,05/02/2025,CUST-118,SKU-1012,WH-04,25,25,54.11,0.05
700152,2,03/02/2025,06/02/2025,05/02/2025,CUST-118,SKU-1008,WH-04,75,75,12.26,0.05
700152,3,03/02/2025,06/02/2025,05/02/2025,CUST-118,SKU-1002,WH-04,50,50,54.08,0.1
700152,4,03/02/2025,06/02/2025,05/02/2025,CUST-118,SKU-1018,WH-04,150,150,66.93,0.1
700153,1,03/02/2025,07/02/2025,06/02/2025,CUST-159,SKU-1010,WH-01,20,20,75.49,0.05
700154,1,04/02/2025,07/02/2025,07/02/2025,CUST-131,SKU-1003,WH-02,20,20,52.5,0.1
700154,2,04/02/2025,07/02/2025,07/02/2025,CUST-131,SKU-1014,WH-02,10,10,100.88,0
700155,1,04/02/2025,08/02/2025,08/02/2025,CUST-139,SKU-1009,WH-02,50,50,32.15,0
700155,2,04/02/2025,08/02/2025,08/02/2025,CUST-139,SKU-1002,WH-02,75,75,54.08,0.125
700156,1,04/02/2025,07/02/2025,06/02/2025,CUST-113,SKU-1013,WH-01,25,25,75.26,0.05
700157,1,04/02/2025,08/02/2025,10/02/2025,CUST-132,SKU-1009,WH-04,10,10,32.15,0
700157,2,04/02/2025,08/02/2025,10/02/2025,CUST-132,SKU-1014,WH-04,150,120,100.88,0
700158,1,04/02/2025,06/02/2025,11/02/2025,CUST-158,SKU-1008,WH-03,25,25,12.26,0
700158,2,04/02/2025,06/02/2025,11/02/2025,CUST-158,SKU-1009,WH-03,50,50,32.15,0
700158,3,04/02/2025,06/02/2025,11/02/2025,CUST-158,SKU-1003,WH-03,50,50,52.5,0
700159,1,04/02/2025,08/02/2025,07/02/2025,CUST-125,SKU-1018,WH-04,150,150,66.93,0
700159,2,04/02/2025,08/02/2025,07/02/2025,CUST-125,SKU-1024,WH-04,150,150,68.06,0.125
700160,1,04/02/2025,08/02/2025,08/02/2025,CUST-160,SKU-1017,WH-02,200,200,44.62,0.125
700160,2,04/02/2025,08/02/2025,08/02/2025,CUST-160,SKU-1018,WH-02,200,120,66.93,0
700161,1,04/02/2025,06/02/2025,06/02/2025,CUST-101,SKU-1017,WH-04,25,25,44.62,0.125
700161,2,04/02/2025,06/02/2025,06/02/2025,CUST-101,SKU-1002,WH-04,25,25,54.08,0
700162,1,04/02/2025,07/02/2025,06/02/2025,CUST-126,SKU-1009,WH-02,10,10,32.15,0
700162,2,04/02/2025,07/02/2025,06/02/2025,CUST-126,SKU-1013,WH-02,200,200,75.26,0
700162,3,04/02/2025,07/02/2025,06/02/2025,CUST-126,SKU-1014,WH-02,200,200,100.88,0.05
700162,4,04/02/2025,07/02/2025,06/02/2025,CUST-126,SKU-1023,WH-02,75,75,19.51,0.125
700163,1,05/02/2025,08/02/2025,13/02/2025,CUST-130,SKU-1022,WH-04,10,10,11.23,0.1
700164,1,05/02/2025,08/02/2025,09/02/2025,CUST-160,SKU-1004,WH-02,25,25,44.52,0
700164,2,05/02/2025,08/02/2025,09/02/2025,CUST-160,SKU-1009,WH-02,20,20,32.15,0
700164,3,05/02/2025,08/02/2025,09/02/2025,CUST-160,SKU-1001,WH-02,100,100,59.63,0
700165,1,05/02/2025,10/02/2025,09/02/2025,CUST-123,SKU-1021,WH-02,25,25,50.68,0
700166,1,05/02/2025,12/02/2025,11/02/2025,CUST-160,SKU-1015,WH-01,150,150,27.45,0
700166,2,05/02/2025,12/02/2025,11/02/2025,CUST-160,SKU-1003,WH-01,150,150,52.5,0
700166,3,05/02/2025,12/02/2025,11/02/2025,CUST-160,SKU-1017,WH-01,75,75,44.62,0.125
700167,1,05/02/2025,08/02/2025,07/02/2025,CUST-155,SKU-1005,WH-03,75,75,77.98,0.1
700167,2,05/02/2025,08/02/2025,07/02/2025,CUST-155,SKU-1018,WH-03,200,200,66.93,0.125
700167,3,05/02/2025,08/02/2025,07/02/2025,CUST-155,SKU-1005,WH-03,25,25,77.98,0
700167,4,05/02/2025,08/02/2025,07/02/2025,CUST-155,SKU-1012,WH-03,10,10,54.11,0
700168,1,05/02/2025,09/02/2025,09/02/2025,CUST-134,SKU-1001,WH-01,50,50,59.63,0.125
700168,2,05/02/2025,09/02/2025,09/02/2025,CUST-134,SKU-1010,WH-01,20,20,75.49,0
700168,3,05/02/2025,09/02/2025,09/02/2025,CUST-134,SKU-1002,WH-01,200,200,54.08,0.05
700169,1,06/02/2025,09/02/2025,08/02/2025,CUST-144,SKU-1005,WH-03,25,25,77.98,0
700169,2,06/02/2025,09/02/2025,08/02/2025,CUST-144,SKU-1001,WH-03,200,200,59.63,0
700169,3,06/02/2025,09/02/2025,08/02/2025,CUST-144,SKU-1009,WH-03,50,50,32.15,0.05
700170,1,06/02/2025,10/02/2025,09/02/2025,CUST-123,SKU-1003,WH-01,10,10,52.5,0
700170,2,06/02/2025,10/02/2025,09/02/2025,CUST-123,SKU-1021,WH-01,150,150,50.68,0
700170,3,06/02/2025,10/02/2025,09/02/2025,CUST-123,SKU-1022,WH-01,50,20,11.23,0
700170,4,06/02/2025,10/02/2025,09/02/2025,CUST-123,SKU-1024,WH-01,50,50,68.06,0
700171,1,06/02/2025,08/02/2025,08/02/2025,CUST-120,SKU-1015,WH-04,50,30,27.45,0
700171,2,06/02/2025,08/02/2025,08/02/2025,CUST-120,SKU-1003,WH-04,10,10,52.5,0
700171,3,06/02/2025,08/02/2025,08/02/2025,CUST-120,SKU-1020,WH-04,150,150,72.1,0.1
700172,1,06/02/2025,08/02/2025,09/02/2025,CUST-131,SKU-1004,WH-02,50,50,44.52,0
700172,2,06/02/2025,08/02/2025,09/02/2025,CUST-131,SKU-1023,WH-02,50,50,19.51,0
700172,3,06/02/2025,08/02/2025,09/02/2025,CUST-131,SKU-1013,WH-02,10,10,75.26,0
700173,1,06/02/2025,09/02/2025,08/02/2025,CUST-146,SKU-1016,WH-02,50,50,19.18,0
700173,2,06/02/2025,09/02/2025,08/02/2025,CUST-146,SKU-1002,WH-02,20,20,54.08,0
700173,3,06/02/2025,09/02/2025,08/02/2025,CUST-146,SKU-1010,WH-02,100,100,75.49,0
700173,4,06/02/2025,09/02/2025,08/02/2025,CUST-146,SKU-1013,WH-02,75,75,75.26,0
700174,1,06/02/2025,10/02/2025,09/02/2025,CUST-155,SKU-1023,WH-01,25,25,19.51,0
700174,2,06/02/2025,10/02/2025,09/02/2025,CUST-155,SKU-1003,WH-01,20,20,52.5,0
700174,3,06/02/2025,10/02/2025,09/02/2025,CUST-155,SKU-1012,WH-01,10,10,54.11,0
700174,4,06/02/2025,10/02/2025,09/02/2025,CUST-155,SKU-1024,WH-01,75,75,68.06,0.125
700175,1,07/02/2025,14/02/2025,13/02/2025,CUST-135,SKU-1001,WH-04,20,20,59.63,0.125
700175,2,07/02/2025,14/02/2025,13/02/2025,CUST-135,SKU-1020,WH-04,50,45,72.1,0.1
700175,3,07/02/2025,14/02/2025,13/02/2025,CUST-135,SKU-1019,WH-04,75,75,68.25,0.1
700176,1,07/02/2025,10/02/2025,09/02/2025,CUST-113,SKU-1012,WH-02,25,25,54.11,0.05
700177,1,07/02/2025,10/02/2025,09/02/2025,CUST-145,SKU-1018,WH-01,50,50,66.93,0.125
700177,2,07/02/2025,10/02/2025,09/02/2025,CUST-145,SKU-1003,WH-01,20,20,52.5,0
700177,3,07/02/2025,10/02/2025,09/02/2025,CUST-145,SKU-1003,WH-01,150,60,52.5,0
700177,4,07/02/2025,10/02/2025,09/02/2025,CUST-145,SKU-1001,WH-01,75,75,59.63,0.1
700178,1,07/02/2025,10/02/2025,09/02/2025,CUST-143,SKU-1004,WH-01,20,20,44.52,0
700178,2,07/02/2025,10/02/2025,09/02/2025,CUST-143,SKU-1004,WH-01,25,25,44.52,0
700179,1,07/02/2025,09/02/2025,10/02/2025,CUST-131,SKU-1020,WH-01,100,100,72.1,0.05
700179,2,07/02/2025,09/02/2025,10/02/2025,CUST-131,SKU-1017,WH-01,150,150,44.62,0
700180,1,07/02/2025,14/02/2025,13/02/2025,CUST-151,SKU-1005,WH-02,200,200,77.98,0
700180,2,07/02/2025,14/02/2025,13/02/2025,CUST-151,SKU-1003,WH-02,10,10,52.5,0
700180,3,07/02/2025,14/02/2025,13/02/2025,CUST-151,SKU-1012,WH-02,75,67,54.11,0.1
700180,4,07/02/2025,14/02/2025,13/02/2025,CUST-151,SKU-1012,WH-02,25,25,54.11,0.125
700181,1,07/02/2025,10/02/2025,09/02/2025,CUST-118,SKU-1010,WH-04,100,100,75.49,0.1
700181,2,07/02/2025,10/02/2025,09/02/2025,CUST-118,SKU-1005,WH-04,25,25,77.98,0
700181,3,07/02/2025,10/02/2025,09/02/2025,CUST-118,SKU-1020,WH-04,75,75,72.1,0.1
700182,1,07/02/2025,10/02/2025,09/02/2025,CUST-135,SKU-1006,WH-02,100,100,54.97,0.05
700182,2,07/02/2025,10/02/2025,09/02/2025,CUST-135,SKU-1001,WH-02,200,80,59.63,0
700183,1,10/02/2025,17/02/2025,16/02/2025,CUST-142,SKU-1024,WH-04,25,25,68.06,0.05
700183,2,10/02/2025,17/02/2025,16/02/2025,CUST-142,SKU-1023,WH-04,75,75,19.51,0
700184,1,10/02/2025,17/02/2025,22/02/2025,CUST-106,SKU-1016,WH-03,10,10,19.18,0
700184,2,10/02/2025,17/02/2025,22/02/2025,CUST-106,SKU-1007,WH-03,150,150,66.6,0.125
700184,3,10/02/2025,17/02/2025,22/02/2025,CUST-106,SKU-1023,WH-03,50,50,19.51,0.125
700184,4,10/02/2025,17/02/2025,22/02/2025,CUST-106,SKU-1015,WH-03,25,25,27.45,0.125
700185,1,10/02/2025,14/02/2025,14/02/2025,CUST-109,SKU-1023,WH-03,25,25,19.51,0
700186,1,10/02/2025,17/02/2025,16/02/2025,CUST-124,SKU-1011,WH-02,200,200,39.0,0.05
700186,2,10/02/2025,17/02/2025,16/02/2025,CUST-124,SKU-1021,WH-02,200,160,50.68,0.1
700186,3,10/02/2025,17/02/2025,16/02/2025,CUST-124,SKU-1013,WH-02,10,10,75.26,0.05
700186,4,10/02/2025,17/02/2025,16/02/2025,CUST-124,SKU-1015,WH-02,150,150,27.45,0.05
700187,1,10/02/2025,13/02/2025,12/02/2025,CUST-123,SKU-1022,WH-01,25,25,11.23,0
700188,1,11/02/2025,14/02/2025,15/02/2025,CUST-121,SKU-1011,WH-04,75,75,39.0,0.125
700189,1,11/02/2025,15/02/2025,15/02/2025,CUST-106,SKU-1003,WH-01,200,200,52.5,0
700189,2,11/02/2025,15/02/2025,15/02/2025,CUST-106,SKU-1024,WH-01,150,150,68.06,0.125
700190,1,11/02/2025,16/02/2025,15/02/2025,CUST-113,SKU-1024,WH-01,100,100,68.06,0
700190,2,11/02/2025,16/02/2025,15/02/2025,CUST-113,SKU-1022,WH-01,20,20,11.23,0.125
700190,3,11/02/2025,16/02/2025,15/02/2025,CUST-113,SKU-1015,WH-01,200,200,27.45,0
700191,1,11/02/2025,18/02/2025,18/02/2025,CUST-117,SKU-1004,WH-02,10,10,44.52,0
700191,2,11/02/2025,18/02/2025,18/02/2025,CUST-117,SKU-1017,WH-02,20,20,44.62,0.1
700191,3,11/02/2025,18/02/2025,18/02/2025,CUST-117,SKU-1018,WH-02,75,60,66.93,0.1
700192,1,11/02/2025,16/02/2025,15/02/2025,CUST-154,SKU-1010,WH-02,150,150,75.49,0
700192,2,11/02/2025,16/02/2025,15/02/2025,CUST-154,SKU-1018,WH-02,150,150,66.93,0.05
700192,3,11/02/2025,16/02/2025,15/02/2025,CUST-154,SKU-1010,WH-02,25,15,75.49,0
700192,4,11/02/2025,16/02/2025,15/02/2025,CUST-154,SKU-1018,WH-02,150,150,66.93,0.1
700193,1,12/02/2025,19/02/2025,20/02/2025,CUST-132,SKU-1006,WH-02,100,100,54.97,0
700194,1,12/02/2025,15/02/2025,15/02/2025,CUST-150,SKU-1015,WH-02,50,45,27.45,0
700195,1,12/02/2025,16/02/2025,15/02/2025,CUST-120,SKU-1023,WH-04,100,100,19.51,0.05
700196,1,12/02/2025,17/02/2025,17/02/2025,CUST-134,SKU-1004,WH-04,10,10,44.52,0.125
700196,2,12/02/2025,17/02/2025,17/02/2025,CUST-134,SKU-1009,WH-04,200,200,32.15,0.125
700196,3,12/02/2025,17/02/2025,17/02/2025,CUST-134,SKU-1002,WH-04,25,15,54.08,0.05
700197,1,12/02/2025,15/02/2025,14/02/2025,CUST-150,SKU-1017,WH-03,75,75,44.62,0
700197,2,12/02/2025,15/02/2025,14/02/2025,CUST-150,SKU-1023,WH-03,25,25,19.51,0
700197,3,12/02/2025,15/02/2025,14/02/2025,CUST-150,SKU-1005,WH-03,25,25,77.98,0.1
700197,4,12/02/2025,15/02/2025,14/02/2025,CUST-150,SKU-1012,WH-03,50,20,54.11,0.1
700198,1,12/02/2025,15/02/2025,17/02/2025,CUST-111,SKU-1008,WH-01,75,75,12.26,0.05
700199,1,13/02/2025,15/02/2025,15/02/2025,CUST-152,SKU-1023,WH-01,10,8,19.51,0
700199,2,13/02/2025,15/02/2025,15/02/2025,CUST-152,SKU-1019,WH-01,100,100,68.25,0.125
700199,3,13/02/2025,15/02/2025,15/02/2025,CUST-152,SKU-1021,WH-01,100,100,50.68,0
700200,1,13/02/2025,16/02/2025,15/02/2025,CUST-130,SKU-1022,WH-04,10,10,11.23,0
700200,2,13/02/2025,16/02/2025,15/02/2025,CUST-130,SKU-1008,WH-04,75,75,12.26,0.05
700201,1,13/02/2025,18/02/2025,23/02/2025,CUST-142,SKU-1012,WH-04,20,20,54.11,0
700201,2,13/02/2025,18/02/2025,23/02/2025,CUST-142,SKU-1019,WH-04,50,50,68.25,0
700201,3,13/02/2025,18/02/2025,23/02/2025,CUST-142,SKU-1007,WH-04,200,160,66.6,0.125
700201,4,13/02/2025,18/02/2025,23/02/2025,CUST-142,SKU-1013,WH-04,200,200,75.26,0
700202,1,13/02/2025,15/02/2025,14/02/2025,CUST-112,SKU-1020,WH-02,10,10,72.1,0.125
700202,2,13/02/2025,15/02/2025,14/02/2025,CUST-112,SKU-1015,WH-02,50,50,27.45,0.125
700202,3,13/02/2025,15/02/2025,14/02/2025,CUST-112,SKU-1019,WH-02,150,150,68.25,0
700203,1,13/02/2025,16/02/2025,15/02/2025,CUST-113,SKU-1005,WH-02,200,180,77.98,0.125
700203,2,13/02/2025,16/02/2025,15/02/2025,CUST-113,SKU-1018,WH-02,50,20,66.93,0.1
700203,3,13/02/2025,16/02/2025,15/02/2025,CUST-113,SKU-1023,WH-02,10,10,19.51,0.125
700203,4,13/02/2025,16/02/2025,15/02/2025,CUST-113,SKU-1016,WH-02,100,100,19.18,0
700204,1,13/02/2025,15/02/2025,15/02/2025,CUST-114,SKU-1004,WH-02,150,150,44.52,0
700204,2,13/02/2025,15/02/2025,15/02/2025,CUST-114,SKU-1015,WH-02,100,100,27.45,0.05
700204,3,13/02/2025,15/02/2025,15/02/2025,CUST-114,SKU-1005,WH-02,200,160,77.98,0.125
700204,4,13/02/2025,15/02/2025,15/02/2025,CUST-114,SKU-1003,WH-02,50,30,52.5,0.1
700205,1,13/02/2025,16/02/2025,18/02/2025,CUST-145,SKU-1004,WH-04,150,150,44.52,0.125
700206,1,14/02/2025,17/02/2025,17/02/2025,CUST-106,SKU-1003,WH-02,200,200,52.5,0.125
700206,2,14/02/2025,17/02/2025,17/02/2025,CUST-106,SKU-1015,WH-02,100,60,27.45,0.1
700207,1,14/02/2025,18/02/2025,17/02/2025,CUST-119,SKU-1002,WH-04,50,50,54.08,0.125
700208,1,14/02/2025,16/02/2025,18/02/2025,CUST-129,SKU-1010,WH-01,25,25,75.49,0.125
700209,1,14/02/2025,17/02/2025,16/02/2025,CUST-101,SKU-1024,WH-03,150,150,68.06,0
700209,2,14/02/2025,17/02/2025,16/02/2025,CUST-101,SKU-1007,WH-03,20,20,66.6,0
700209,3,14/02/2025,17/02/2025,16/02/2025,CUST-101,SKU-1024,WH-03,25,25,68.06,0.125
700210,1,14/02/2025,18/02/2025,23/02/2025,CUST-103,SKU-1021,WH-04,150,150,50.68,0
700210,2,14/02/2025,18/02/2025,23/02/2025,CUST-103,SKU-1011,WH-04,25,25,39.0,0.05
700210,3,14/02/2025,18/02/2025,23/02/2025,CUST-103,SKU-1005,WH-04,25,25,77.98,0
700210,4,14/02/2025,18/02/2025,23/02/2025,CUST-103,SKU-1019,WH-04,20,20,68.25,0
700211,1,14/02/2025,17/02/2025,16/02/2025,CUST-149,SKU-1019,WH-03,100,100,68.25,0.1
700212,1,14/02/2025,19/02/2025,19/02/2025,CUST-111,SKU-1017,WH-01,75,75,44.62,0
700213,1,14/02/2025,16/02/2025,15/02/2025,CUST-149,SKU-1008,WH-04,150,150,12.26,0
700213,2,14/02/2025,16/02/2025,15/02/2025,CUST-149,SKU-1006,WH-04,50,50,54.97,0.1
700213,3,14/02/2025,16/02/2025,15/02/2025,CUST-149,SKU-1014,WH-04,150,150,100.88,0
700214,1,17/02/2025,21/02/2025,20/02/2025,CUST-109,SKU-1013,WH-04,100,100,75.26,0.125
700215,1,17/02/2025,21/02/2025,26/02/2025,CUST-102,SKU-1005,WH-03,150,150,77.98,0
700215,2,17/02/2025,21/02/2025,26/02/2025,CUST-102,SKU-1024,WH-03,75,75,68.06,0.1
700216,1,17/02/2025,19/02/2025,24/02/2025,CUST-117,SKU-1018,WH-01,75,30,66.93,0.1
700216,2,17/02/2025,19/02/2025,24/02/2025,CUST-117,SKU-1020,WH-01,20,20,72.1,0
700216,3,17/02/2025,19/02/2025,24/02/2025,CUST-117,SKU-1002,WH-01,200,200,54.08,0.1
700216,4,17/02/2025,19/02/2025,24/02/2025,CUST-117,SKU-1009,WH-01,200,200,32.15,0
700217,1,17/02/2025,20/02/2025,19/02/2025,CUST-129,SKU-1003,WH-04,75,75,52.5,0.1
700217,2,17/02/2025,20/02/2025,19/02/2025,CUST-129,SKU-1006,WH-04,100,40,54.97,0.125
700218,1,17/02/2025,20/02/2025,19/02/2025,CUST-134,SKU-1004,WH-04,25,25,44.52,0
700218,2,17/02/2025,20/02/2025,19/02/2025,CUST-134,SKU-1013,WH-04,20,20,75.26,0
700218,3,17/02/2025,20/02/2025,19/02/2025,CUST-134,SKU-1005,WH-04,100,100,77.98,0.05
700219,1,17/02/2025,22/02/2025,21/02/2025,CUST-130,SKU-1018,WH-01,100,100,66.93,0.1
700219,2,17/02/2025,22/02/2025,21/02/2025,CUST-130,SKU-1008,WH-01,150,150,12.26,0.05
700219,3,17/02/2025,22/02/2025,21/02/2025,CUST-130,SKU-1015,WH-01,75,75,27.45,0
700220,1,17/02/2025,19/02/2025,21/02/2025,CUST-160,SKU-1001,WH-03,50,50,59.63,0
700221,1,18/02/2025,21/02/2025,21/02/2025,CUST-101,SKU-1017,WH-02,50,50,44.62,0
700221,2,18/02/2025,21/02/2025,21/02/2025,CUST-101,SKU-1015,WH-02,100,100,27.45,0
700222,1,18/02/2025,23/02/2025,22/02/2025,CUST-154,SKU-1021,WH-02,150,90,50.68,0
700222,2,18/02/2025,23/02/2025,22/02/2025,CUST-154,SKU-1009,WH-02,20,20,32.15,0.05
700222,3,18/02/2025,23/02/2025,22/02/2025,CUST-154,SKU-1005,WH-02,200,200,77.98,0.125
700222,4,18/02/2025,23/02/2025,22/02/2025,CUST-154,SKU-1019,WH-02,25,25,68.25,0
700223,1,18/02/2025,22/02/2025,21/02/2025,CUST-120,SKU-1019,WH-02,75,75,68.25,0
700223,2,18/02/2025,22/02/2025,21/02/2025,CUST-120,SKU-1020,WH-02,50,30,72.1,0.125
700223,3,18/02/2025,22/02/2025,21/02/2025,CUST-120,SKU-1015,WH-02,150,150,27.45,0
700224,1,18/02/2025,21/02/2025,21/02/2025,CUST-159,SKU-1010,WH-02,150,150,75.49,0.05
700224,2,18/02/2025,21/02/2025,21/02/2025,CUST-159,SKU-1004,WH-02,10,10,44.52,0.05
700224,3,18/02/2025,21/02/2025,21/02/2025,CUST-159,SKU-1017,WH-02,10,10,44.62,0
700224,4,18/02/2025,21/02/2025,21/02/2025,CUST-159,SKU-1002,WH-02,10,10,54.08,0
700225,1,18/02/2025,21/02/2025,21/02/2025,CUST-145,SKU-1003,WH-03,50,50,52.5,0.125
700225,2,18/02/2025,21/02/2025,21/02/2025,CUST-145,SKU-1001,WH-03,75,75,59.63,0
700225,3,18/02/2025,21/02/2025,21/02/2025,CUST-145,SKU-1002,WH-03,25,15,54.08,0.125
700226,1,18/02/2025,25/02/2025,24/02/2025,CUST-106,SKU-1011,WH-01,100,100,39.0,0
700226,2,18/02/2025,25/02/2025,24/02/2025,CUST-106,SKU-1010,WH-01,50,50,75.49,0
700226,3,18/02/2025,25/02/2025,24/02/2025,CUST-106,SKU-1012,WH-01,50,50,54.11,0
700226,4,18/02/2025,25/02/2025,24/02/2025,CUST-106,SKU-1015,WH-01,20,8,27.45,0
700227,1,18/02/2025,25/02/2025,24/02/2025,CUST-127,SKU-1012,WH-04,100,100,54.11,0
700227,2,18/02/2025,25/02/2025,24/02/2025,CUST-127,SKU-1011,WH-04,150,90,39.0,0.05
700227,3,18/02/2025,25/02/2025,24/02/2025,CUST-127,SKU-1016,WH-04,20,20,19.18,0
700228,1,18/02/2025,21/02/2025,21/02/2025,CUST-143,SKU-1006,WH-01,10,10,54.97,0
700228,2,18/02/2025,21/02/2025,21/02/2025,CUST-143,SKU-1013,WH-01,10,10,75.26,0.1
700229,1,19/02/2025,21/02/2025,26/02/2025,CUST-121,SKU-1012,WH-04,10,10,54.11,0
700229,2,19/02/2025,21/02/2025,26/02/2025,CUST-121,SKU-1010,WH-04,50,50,75.49,0.05
700230,1,19/02/2025,22/02/2025,21/02/2025,CUST-116,SKU-1011,WH-01,75,75,39.0,0.125
700230,2,19/02/2025,22/02/2025,21/02/2025,CUST-116,SKU-1024,WH-01,10,10,68.06,0
700230,3,19/02/2025,22/02/2025,21/02/2025,CUST-116,SKU-1012,WH-01,20,20,54.11,0.1
700231,1,19/02/2025,21/02/2025,20/02/2025,CUST-123,SKU-1004,WH-04,20,20,44.52,0
700231,2,19/02/2025,21/02/2025,20/02/2025,CUST-123,SKU-1007,WH-04,25,25,66.6,0.1
700231,3,19/02/2025,21/02/2025,20/02/2025,CUST-123,SKU-1007,WH-04,25,25,66.6,0
700231,4,19/02/2025,21/02/2025,20/02/2025,CUST-123,SKU-1006,WH-04,200,200,54.97,0.125
700232,1,19/02/2025,23/02/2025,23/02/2025,CUST-124,SKU-1007,WH-02,75,67,66.6,0.1
700232,2,19/02/2025,23/02/2025,23/02/2025,CUST-124,SKU-1008,WH-02,10,10,12.26,0.1
700232,3,19/02/2025,23/02/2025,23/02/2025,CUST-124,SKU-1020,WH-02,75,75,72.1,0
700232,4,19/02/2025,23/02/2025,23/02/2025,CUST-124,SKU-1012,WH-02,50,45,54.11,0
700233,1,19/02/2025,22/02/2025,21/02/2025,CUST-106,SKU-1005,WH-04,200,200,77.98,0
700233,2,19/02/2025,22/02/2025,21/02/2025,CUST-106,SKU-1014,WH-04,20,20,100.88,0
700233,3,19/02/2025,22/02/2025,21/02/2025,CUST-106,SKU-1020,WH-04,75,75,72.1,0.05
700233,4,19/02/2025,22/02/2025,21/02/2025,CUST-106,SKU-1008,WH-04,75,75,12.26,0.05
700234,1,19/02/2025,21/02/2025,26/02/2025,CUST-115,SKU-1017,WH-01,10,10,44.62,0.1
700234,2,19/02/2025,21/02/2025,26/02/2025,CUST-115,SKU-1002,WH-01,75,75,54.08,0
700235,1,19/02/2025,23/02/2025,28/02/2025,CUST-114,SKU-1004,WH-02,10,10,44.52,0.125
700235,2,19/02/2025,23/02/2025,28/02/2025,CUST-114,SKU-1015,WH-02,200,200,27.45,0.125
700235,3,19/02/2025,23/02/2025,28/02/2025,CUST-114,SKU-1015,WH-02,50,50,27.45,0.1
700235,4,19/02/2025,23/02/2025,28/02/2025,CUST-114,SKU-1022,WH-02,25,25,11.23,0.1
700236,1,20/02/2025,25/02/2025,25/02/2025,CUST-111,SKU-1012,WH-03,150,150,54.11,0.05
700236,2,20/02/2025,25/02/2025,25/02/2025,CUST-111,SKU-1023,WH-03,20,18,19.51,0
700236,3,20/02/2025,25/02/2025,25/02/2025,CUST-111,SKU-1021,WH-03,10,10,50.68,0.1
700237,1,20/02/2025,23/02/2025,23/02/2025,CUST-101,SKU-1021,WH-01,10,10,50.68,0
700237,2,20/02/2025,23/02/2025,23/02/2025,CUST-101,SKU-1022,WH-01,10,10,11.23,0
700237,3,20/02/2025,23/02/2025,23/02/2025,CUST-101,SKU-1009,WH-01,200,180,32.15,0
700237,4,20/02/2025,23/02/2025,23/02/2025,CUST-101,SKU-1013,WH-01,20,20,75.26,0.05
700238,1,20/02/2025,23/02/2025,22/02/2025,CUST-115,SKU-1001,WH-02,20,20,59.63,0
700238,2,20/02/2025,23/02/2025,22/02/2025,CUST-115,SKU-1007,WH-02,150,150,66.6,0
700238,3,20/02/2025,23/02/2025,22/02/2025,CUST-115,SKU-1022,WH-02,25,25,11.23,0
700239,1,20/02/2025,24/02/2025,23/02/2025,CUST-129,SKU-1015,WH-02,10,10,27.45,0
700239,2,20/02/2025,24/02/2025,23/02/2025,CUST-129,SKU-1007,WH-02,25,25,66.6,0
700239,3,20/02/2025,24/02/2025,23/02/2025,CUST-129,SKU-1017,WH-02,100,100,44.62,0
700240,1,20/02/2025,25/02/2025,25/02/2025,CUST-116,SKU-1007,WH-03,150,150,66.6,0.05
700240,2,20/02/2025,25/02/2025,25/02/2025,CUST-116,SKU-1006,WH-03,200,200,54.97,0.1
700240,3,20/02/2025,25/02/2025,25/02/2025,CUST-116,SKU-1014,WH-03,200,200,100.88,0.125
700241,1,20/02/2025,23/02/2025,22/02/2025,CUST-126,SKU-1010,WH-03,100,100,75.49,0
700241,2,20/02/2025,23/02/2025,22/02/2025,CUST-126,SKU-1010,WH-03,25,25,75.49,0.1
700241,3,20/02/2025,23/02/2025,22/02/2025,CUST-126,SKU-1015,WH-03,25,20,27.45,0.1
700242,1,20/02/2025,24/02/2025,26/02/2025,CUST-140,SKU-1018,WH-03,100,100,66.93,0.125
700242,2,20/02/2025,24/02/2025,26/02/2025,CUST-140,SKU-1005,WH-03,100,100,77.98,0.1
700242,3,20/02/2025,24/02/2025,26/02/2025,CUST-140,SKU-1006,WH-03,150,150,54.97,0
700242,4,20/02/2025,24/02/2025,26/02/2025,CUST-140,SKU-1009,WH-03,50,45,32.15,0
700243,1,20/02/2025,22/02/2025,22/02/2025,CUST-146,SKU-1015,WH-03,75,75,27.45,0
700244,1,20/02/2025,25/02/2025,24/02/2025,CUST-129,SKU-1024,WH-03,200,200,68.06,0
700245,1,21/02/2025,25/02/2025,24/02/2025,CUST-154,SKU-1017,WH-01,150,150,44.62,0.125
700245,2,21/02/2025,25/02/2025,24/02/2025,CUST-154,SKU-1005,WH-01,75,75,77.98,0
700245,3,21/02/2025,25/02/2025,24/02/2025,CUST-154,SKU-1015,WH-01,50,50,27.45,0.1
700246,1,21/02/2025,26/02/2025,26/02/2025,CUST-120,SKU-1017,WH-03,10,10,44.62,0
700246,2,21/02/2025,26/02/2025,26/02/2025,CUST-120,SKU-1024,WH-03,20,20,68.06,0.1
700246,3,21/02/2025,26/02/2025,26/02/2025,CUST-120,SKU-1004,WH-03,75,75,44.52,0.125
700247,1,21/02/2025,24/02/2025,23/02/2025,CUST-131,SKU-1014,WH-03,100,80,100.88,0.05
700248,1,21/02/2025,26/02/2025,25/02/2025,CUST-103,SKU-1007,WH-02,100,100,66.6,0
700248,2,21/02/2025,26/02/2025,25/02/2025,CUST-103,SKU-1023,WH-02,25,25,19.51,0.1
700248,3,21/02/2025,26/02/2025,25/02/2025,CUST-103,SKU-1019,WH-02,50,50,68.25,0.125
700248,4,21/02/2025,26/02/2025,25/02/2025,CUST-103,SKU-1017,WH-02,25,25,44.62,0
700249,1,21/02/2025,24/02/2025,25/02/2025,CUST-144,SKU-1018,WH-03,50,50,66.93,0.1
700249,2,21/02/2025,24/02/2025,25/02/2025,CUST-144,SKU-1009,WH-03,100,100,32.15,0.05
700249,3,21/02/2025,24/02/2025,25/02/2025,CUST-144,SKU-1006,WH-03,75,75,54.97,0.05
700249,4,21/02/2025,24/02/2025,25/02/2025,CUST-144,SKU-1019,WH-03,150,150,68.25,0
700250,1,21/02/2025,25/02/2025,27/02/2025,CUST-152,SKU-1015,WH-03,50,50,27.45,0.05
700250,2,21/02/2025,25/02/2025,27/02/2025,CUST-152,SKU-1018,WH-03,10,10,66.93,0.125
700251,1,21/02/2025,24/02/2025,24/02/2025,CUST-113,SKU-1004,WH-02,200,180,44.52,0
700251,2,21/02/2025,24/02/2025,24/02/2025,CUST-113,SKU-1012,WH-02,200,200,54.11,0
700251,3,21/02/2025,24/02/2025,24/02/2025,CUST-113,SKU-1013,WH-02,10,10,75.26,0
700252,1,21/02/2025,24/02/2025,26/02/2025,CUST-153,SKU-1006,WH-03,75,60,54.97,0.1
700252,2,21/02/2025,24/02/2025,26/02/2025,CUST-153,SKU-1001,WH-03,100,100,59.63,0.125
700252,3,21/02/2025,24/02/2025,26/02/2025,CUST-153,SKU-1021,WH-03,200,200,50.68,0.125
700253,1,21/02/2025,25/02/2025,26/02/2025,CUST-151,SKU-1010,WH-03,150,150,75.49,0
700254,1,24/02/2025,27/02/2025,27/02/2025,CUST-144,SKU-1011,WH-04,150,150,39.0,0
700255,1,24/02/2025,27/02/2025,27/02/2025,CUST-157,SKU-1003,WH-03,50,50,52.5,0
700255,2,24/02/2025,27/02/2025,27/02/2025,CUST-157,SKU-1008,WH-03,50,50,12.26,0.125
700255,3,24/02/2025,27/02/2025,27/02/2025,CUST-157,SKU-1010,WH-03,10,10,75.49,0
700256,1,24/02/2025,27/02/2025,01/03/2025,CUST-102,SKU-1002,WH-03,25,25,54.08,0
700256,2,24/02/2025,27/02/2025,01/03/2025,CUST-102,SKU-1013,WH-03,25,25,75.26,0.125
700257,1,24/02/2025,01/03/2025,28/02/2025,CUST-121,SKU-1008,WH-03,200,200,12.26,0.125
700257,2,24/02/2025,01/03/2025,28/02/2025,CUST-121,SKU-1019,WH-03,25,25,68.25,0
700257,3,24/02/2025,01/03/2025,28/02/2025,CUST-121,SKU-1018,WH-03,25,25,66.93,0.05
700257,4,24/02/2025,01/03/2025,28/02/2025,CUST-121,SKU-1019,WH-03,75,67,68.25,0
700258,1,24/02/2025,01/03/2025,02/03/2025,CUST-125,SKU-1006,WH-03,75,75,54.97,0.1
700259,1,24/02/2025,03/03/2025,05/03/2025,CUST-130,SKU-1015,WH-02,200,200,27.45,0.125
700259,2,24/02/2025,03/03/2025,05/03/2025,CUST-130,SKU-1024,WH-02,20,20,68.06,0.125
700259,3,24/02/2025,03/03/2025,05/03/2025,CUST-130,SKU-1017,WH-02,50,50,44.62,0.05
700259,4,24/02/2025,03/03/2025,05/03/2025,CUST-130,SKU-1009,WH-02,150,150,32.15,0.05
700260,1,24/02/2025,26/02/2025,03/03/2025,CUST-124,SKU-1003,WH-01,10,10,52.5,0
700260,2,24/02/2025,26/02/2025,03/03/2025,CUST-124,SKU-1008,WH-01,100,100,12.26,0
700260,3,24/02/2025,26/02/2025,03/03/2025,CUST-124,SKU-1001,WH-01,100,100,59.63,0
700260,4,24/02/2025,26/02/2025,03/03/2025,CUST-124,SKU-1011,WH-01,75,75,39.0,0.05
700261,1,25/02/2025,02/03/2025,01/03/2025,CUST-155,SKU-1015,WH-04,50,30,27.45,0.1
700262,1,25/02/2025,28/02/2025,05/03/2025,CUST-116,SKU-1022,WH-04,25,25,11.23,0.05
700262,2,25/02/2025,28/02/2025,05/03/2025,CUST-116,SKU-1015,WH-04,25,25,27.45,0.125
700262,3,25/02/2025,28/02/2025,05/03/2025,CUST-116,SKU-1014,WH-04,20,20,100.88,0.125
700263,1,25/02/2025,04/03/2025,03/03/2025,CUST-117,SKU-1006,WH-02,75,75,54.97,0.05
700263,2,25/02/2025,04/03/2025,03/03/2025,CUST-117,SKU-1005,WH-02,25,25,77.98,0.1
700263,3,25/02/2025,04/03/2025,03/03/2025,CUST-117,SKU-1003,WH-02,75,75,52.5,0
700263,4,25/02/2025,04/03/2025,03/03/2025,CUST-117,SKU-1013,WH-02,100,90,75.26,0
700264,1,25/02/2025,01/03/2025,28/02/2025,CUST-129,SKU-1019,WH-01,200,200,68.25,0.125
700265,1,25/02/2025,04/03/2025,03/03/2025,CUST-127,SKU-1007,WH-04,25,25,66.6,0.1
700265,2,25/02/2025,04/03/2025,03/03/2025,CUST-127,SKU-1008,WH-04,75,75,12.26,0.125
700265,3,25/02/2025,04/03/2025,03/03/2025,CUST-127,SKU-1024,WH-04,75,75,68.06,0
700265,4,25/02/2025,04/03/2025,03/03/2025,CUST-127,SKU-1010,WH-04,10,10,75.49,0.1
700266,1,25/02/2025,01/03/2025,28/02/2025,CUST-136,SKU-1019,WH-04,75,75,68.25,0
700266,2,25/02/2025,01/03/2025,28/02/2025,CUST-136,SKU-1018,WH-04,20,20,66.93,0.1
700267,1,25/02/2025,28/02/2025,27/02/2025,CUST-129,SKU-1019,WH-03,150,150,68.25,0
700268,1,26/02/2025,28/02/2025,27/02/2025,CUST-150,SKU-1013,WH-03,20,20,75.26,0
700268,2,26/02/2025,28/02/2025,27/02/2025,CUST-150,SKU-1010,WH-03,50,50,75.49,0.05
700268,3,26/02/2025,28/02/2025,27/02/2025,CUST-150,SKU-1017,WH-03,100,100,44.62,0
700268,4,26/02/2025,28/02/2025,27/02/2025,CUST-150,SKU-1011,WH-03,20,20,39.0,0.125
700269,1,26/02/2025,03/03/2025,02/03/2025,CUST-104,SKU-1021,WH-01,150,150,50.68,0.05
700269,2,26/02/2025,03/03/2025,02/03/2025,CUST-104,SKU-1020,WH-01,10,10,72.1,0
700269,3,26/02/2025,03/03/2025,02/03/2025,CUST-104,SKU-1020,WH-01,25,25,72.1,0.125
700270,1,26/02/2025,01/03/2025,01/03/2025,CUST-125,SKU-1010,WH-04,200,200,75.49,0
700270,2,26/02/2025,01/03/2025,01/03/2025,CUST-125,SKU-1002,WH-04,75,75,54.08,0
700271,1,26/02/2025,01/03/2025,28/02/2025,CUST-110,SKU-1022,WH-02,100,40,11.23,0
700271,2,26/02/2025,01/03/2025,28/02/2025,CUST-110,SKU-1024,WH-02,10,10,68.06,0.05
700271,3,26/02/2025,01/03/2025,28/02/2025,CUST-110,SKU-1001,WH-02,25,25,59.63,0
700272,1,26/02/2025,01/03/2025,28/02/2025,CUST-146,SKU-1023,WH-03,75,75,19.51,0
700272,2,26/02/2025,01/03/2025,28/02/2025,CUST-146,SKU-1003,WH-03,20,20,52.5,0.1
700273,1,27/02/2025,02/03/2025,01/03/2025,CUST-140,SKU-1016,WH-02,200,200,19.18,0
700273,2,27/02/2025,02/03/2025,01/03/2025,CUST-140,SKU-1023,WH-02,150,150,19.51,0
700273,3,27/02/2025,02/03/2025,01/03/2025,CUST-140,SKU-1008,WH-02,100,100,12.26,0.1
700274,1,27/02/2025,03/03/2025,03/03/2025,CUST-136,SKU-1013,WH-03,75,75,75.26,0
700275,1,27/02/2025,06/03/2025,06/03/2025,CUST-138,SKU-1004,WH-01,50,50,44.52,0.1
700275,2,27/02/2025,06/03/2025,06/03/2025,CUST-138,SKU-1005,WH-01,150,150,77.98,0
700276,1,27/02/2025,02/03/2025,01/03/2025,CUST-146,SKU-1023,WH-03,75,75,19.51,0.125
700276,2,27/02/2025,02/03/2025,01/03/2025,CUST-146,SKU-1018,WH-03,100,40,66.93,0
700277,1,27/02/2025,01/03/2025,01/03/2025,CUST-106,SKU-1023,WH-02,100,100,19.51,0
700278,1,27/02/2025,02/03/2025,03/03/2025,CUST-155,SKU-1023,WH-03,75,75,19.51,0
700278,2,27/02/2025,02/03/2025,03/03/2025,CUST-155,SKU-1009,WH-03,200,200,32.15,0
700278,3,27/02/2025,02/03/2025,03/03/2025,CUST-155,SKU-1001,WH-03,50,50,59.63,0.1
700278,4,27/02/2025,02/03/2025,03/03/2025,CUST-155,SKU-1016,WH-03,200,200,19.18,0.05
700279,1,27/02/2025,04/03/2025,03/03/2025,CUST-130,SKU-1013,WH-03,100,100,75.26,0
700279,2,27/02/2025,04/03/2025,03/03/2025,CUST-130,SKU-1016,WH-03,75,75,19.18,0.125
700280,1,27/02/2025,03/03/2025,02/03/2025,CUST-134,SKU-1017,WH-02,10,10,44.62,0.05
700280,2,27/02/2025,03/03/2025,02/03/2025,CUST-134,SKU-1018,WH-02,10,10,66.93,0
700281,1,28/02/2025,05/03/2025,04/03/2025,CUST-103,SKU-1006,WH-01,150,90,54.97,0.125
700281,2,28/02/2025,05/03/2025,04/03/2025,CUST-103,SKU-1015,WH-01,200,200,27.45,0.05
700281,3,28/02/2025,05/03/2025,04/03/2025,CUST-103,SKU-1001,WH-01,10,10,59.63,0.1
700281,4,28/02/2025,05/03/2025,04/03/2025,CUST-103,SKU-1016,WH-01,200,200,19.18,0.05
700282,1,28/02/2025,07/03/2025,12/03/2025,CUST-115,SKU-1020,WH-04,200,180,72.1,0
700283,1,28/02/2025,03/03/2025,02/03/2025,CUST-113,SKU-1010,WH-03,200,200,75.49,0.1
700283,2,28/02/2025,03/03/2025,02/03/2025,CUST-113,SKU-1013,WH-03,10,4,75.26,0.1
700283,3,28/02/2025,03/03/2025,02/03/2025,CUST-113,SKU-1014,WH-03,100,100,100.88,0.125
700283,4,28/02/2025,03/03/2025,02/03/2025,CUST-113,SKU-1017,WH-03,150,150,44.62,0.125
700284,1,28/02/2025,05/03/2025,06/03/2025,CUST-155,SKU-1019,WH-02,100,100,68.25,0
700285,1,28/02/2025,04/03/2025,03/03/2025,CUST-123,SKU-1003,WH-03,150,150,52.5,0.125
700285,2,28/02/2025,04/03/2025,03/03/2025,CUST-123,SKU-1019,WH-03,50,20,68.25,0.1
700286,1,28/02/2025,03/03/2025,02/03/2025,CUST-149,SKU-1020,WH-01,200,200,72.1,0.125
700287,1,28/02/2025,03/03/2025,02/03/2025,CUST-116,SKU-1006,WH-02,20,20,54.97,0
700287,2,28/02/2025,03/03/2025,02/03/2025,CUST-116,SKU-1009,WH-02,75,75,32.15,0
700287,3,28/02/2025,03/03/2025,02/03/2025,CUST-116,SKU-1011,WH-02,25,25,39.0,0.1
700287,4,28/02/2025,03/03/2025,02/03/2025,CUST-116,SKU-1015,WH-02,20,20,27.45,0.1
700288,1,03/03/2025,08/03/2025,07/03/2025,CUST-121,SKU-1003,WH-01,100,100,52.5,0.1
700289,1,03/03/2025,05/03/2025,04/03/2025,CUST-134,SKU-1003,WH-04,20,12,52.5,0
700289,2,03/03/2025,05/03/2025,04/03/2025,CUST-134,SKU-1024,WH-04,200,200,68.06,0
700289,3,03/03/2025,05/03/2025,04/03/2025,CUST-134,SKU-1001,WH-04,25,25,59.63,0
700289,4,03/03/2025,05/03/2025,04/03/2025,CUST-134,SKU-1016,WH-04,200,200,19.18,0
700290,1,03/03/2025,06/03/2025,05/03/2025,CUST-144,SKU-1004,WH-04,20,20,44.52,0
700290,2,03/03/2025,06/03/2025,05/03/2025,CUST-144,SKU-1023,WH-04,75,75,19.51,0.1
700290,3,03/03/2025,06/03/2025,05/03/2025,CUST-144,SKU-1014,WH-04,10,10,100.88,0
700290,4,03/03/2025,06/03/2025,05/03/2025,CUST-144,SKU-1014,WH-04,20,20,100.88,0.125
700291,1,03/03/2025,05/03/2025,07/03/2025,CUST-119,SKU-1002,WH-04,200,200,54.08,0
700291,2,03/03/2025,05/03/2025,07/03/2025,CUST-119,SKU-1009,WH-04,75,75,32.15,0
700292,1,03/03/2025,06/03/2025,11/03/2025,CUST-160,SKU-1020,WH-01,50,50,72.1,0.125
700292,2,03/03/2025,06/03/2025,11/03/2025,CUST-160,SKU-1006,WH-01,50,20,54.97,0
700292,3,03/03/2025,06/03/2025,11/03/2025,CUST-160,SKU-1013,WH-01,50,20,75.26,0.125
700293,1,03/03/2025,07/03/2025,08/03/2025,CUST-120,SKU-1001,WH-01,20,20,59.63,0.1
700294,1,03/03/2025,06/03/2025,08/03/2025,CUST-145,SKU-1014,WH-03,50,50,100.88,0.05
700294,2,03/03/2025,06/03/2025,08/03/2025,CUST-145,SKU-1015,WH-03,150,150,27.45,0
700295,1,03/03/2025,10/03/2025,09/03/2025,CUST-147,SKU-1002,WH-03,10,10,54.08,0
700295,2,03/03/2025,10/03/2025,09/03/2025,CUST-147,SKU-1001,WH-03,150,60,59.63,0.125
700295,3,03/03/2025,10/03/2025,09/03/2025,CUST-147,SKU-1020,WH-03,150,150,72.1,0.125
700295,4,03/03/2025,10/03/2025,09/03/2025,CUST-147,SKU-1016,WH-03,25,25,19.18,0.125
700296,1,03/03/2025,10/03/2025,11/03/2025,CUST-127,SKU-1006,WH-01,10,10,54.97,0.125
700296,2,03/03/2025,10/03/2025,11/03/2025,CUST-127,SKU-1007,WH-01,25,25,66.6,0
700296,3,03/03/2025,10/03/2025,11/03/2025,CUST-127,SKU-1014,WH-01,100,100,100.88,0.125
700296,4,03/03/2025,10/03/2025,11/03/2025,CUST-127,SKU-1017,WH-01,50,50,44.62,0
700297,1,04/03/2025,07/03/2025,07/03/2025,CUST-148,SKU-1001,WH-04,75,75,59.63,0.125
700297,2,04/03/2025,07/03/2025,07/03/2025,CUST-148,SKU-1021,WH-04,75,75,50.68,0.1
700298,1,04/03/2025,06/03/2025,07/03/2025,CUST-123,SKU-1012,WH-04,100,100,54.11,0
700299,1,04/03/2025,08/03/2025,13/03/2025,CUST-123,SKU-1017,WH-04,50,50,44.62,0.1
700300,1,04/03/2025,08/03/2025,13/03/2025,CUST-105,SKU-1017,WH-04,50,50,44.62,0
700300,2,04/03/2025,08/03/2025,13/03/2025,CUST-105,SKU-1017,WH-04,20,20,44.62,0.125
700301,1,04/03/2025,09/03/2025,09/03/2025,CUST-124,SKU-1006,WH-03,75,75,54.97,0
700301,2,04/03/2025,09/03/2025,09/03/2025,CUST-124,SKU-1021,WH-03,50,45,50.68,0
700302,1,04/03/2025,08/03/2025,07/03/2025,CUST-154,SKU-1015,WH-04,25,25,27.45,0
700302,2,04/03/2025,08/03/2025,07/03/2025,CUST-154,SKU-1006,WH-04,150,150,54.97,0
700302,3,04/03/2025,08/03/2025,07/03/2025,CUST-154,SKU-1018,WH-04,200,200,66.93,0
700303,1,04/03/2025,08/03/2025,07/03/2025,CUST-157,SKU-1002,WH-03,50,50,54.08,0.1
700304,1,04/03/2025,09/03/2025,08/03/2025,CUST-104,SKU-1008,WH-03,75,75,12.26,0
700304,2,04/03/2025,09/03/2025,08/03/2025,CUST-104,SKU-1019,WH-03,150,150,68.25,0
700304,3,04/03/2025,09/03/2025,08/03/2025,CUST-104,SKU-1010,WH-03,200,200,75.49,0
700304,4,04/03/2025,09/03/2025,08/03/2025,CUST-104,SKU-1004,WH-03,75,75,44.52,0
700305,1,04/03/2025,11/03/2025,10/03/2025,CUST-118,SKU-1018,WH-02,100,100,66.93,0.125
700305,2,04/03/2025,11/03/2025,10/03/2025,CUST-118,SKU-1022,WH-02,100,80,11.23,0.1
700305,3,04/03/2025,11/03/2025,10/03/2025,CUST-118,SKU-1021,WH-02,75,75,50.68,0
700306,1,05/03/2025,10/03/2025,09/03/2025,CUST-118,SKU-1023,WH-04,10,10,19.51,0.1
700306,2,05/03/2025,10/03/2025,09/03/2025,CUST-118,SKU-1007,WH-04,150,150,66.6,0.05
700306,3,05/03/2025,10/03/2025,09/03/2025,CUST-118,SKU-1015,WH-04,75,75,27.45,0.125
700306,4,05/03/2025,10/03/2025,09/03/2025,CUST-118,SKU-1014,WH-04,200,200,100.88,0
700307,1,05/03/2025,08/03/2025,08/03/2025,CUST-145,SKU-1009,WH-03,100,60,32.15,0.05
700307,2,05/03/2025,08/03/2025,08/03/2025,CUST-145,SKU-1009,WH-03,200,200,32.15,0.125
700307,3,05/03/2025,08/03/2025,08/03/2025,CUST-145,SKU-1020,WH-03,20,20,72.1,0.125
700308,1,05/03/2025,07/03/2025,06/03/2025,CUST-131,SKU-1008,WH-02,20,20,12.26,0
700308,2,05/03/2025,07/03/2025,06/03/2025,CUST-131,SKU-1003,WH-02,10,10,52.5,0.05
700309,1,05/03/2025,12/03/2025,11/03/2025,CUST-123,SKU-1015,WH-04,100,60,27.45,0
700309,2,05/03/2025,12/03/2025,11/03/2025,CUST-123,SKU-1010,WH-04,25,25,75.49,0.1
700309,3,05/03/2025,12/03/2025,11/03/2025,CUST-123,SKU-1011,WH-04,25,25,39.0,0.1
700309,4,05/03/2025,12/03/2025,11/03/2025,CUST-123,SKU-1023,WH-04,100,90,19.51,0
700310,1,05/03/2025,10/03/2025,09/03/2025,CUST-128,SKU-1014,WH-01,100,100,100.88,0
700310,2,05/03/2025,10/03/2025,09/03/2025,CUST-128,SKU-1017,WH-01,75,75,44.62,0.1
700311,1,05/03/2025,12/03/2025,12/03/2025,CUST-108,SKU-1012,WH-01,10,10,54.11,0.1
700311,2,05/03/2025,12/03/2025,12/03/2025,CUST-108,SKU-1008,WH-01,25,25,12.26,0.125
700312,1,05/03/2025,09/03/2025,14/03/2025,CUST-139,SKU-1024,WH-02,150,150,68.06,0.1
700312,2,05/03/2025,09/03/2025,14/03/2025,CUST-139,SKU-1003,WH-02,20,20,52.5,0
700312,3,05/03/2025,09/03/2025,14/03/2025,CUST-139,SKU-1018,WH-02,200,200,66.93,0.1
700312,4,05/03/2025,09/03/2025,14/03/2025,CUST-139,SKU-1021,WH-02,25,25,50.68,0
700313,1,06/03/2025,08/03/2025,07/03/2025,CUST-127,SKU-1023,WH-04,50,50,19.51,0.1
700313,2,06/03/2025,08/03/2025,07/03/2025,CUST-127,SKU-1021,WH-04,200,120,50.68,0.05
700313,3,06/03/2025,08/03/2025,07/03/2025,CUST-127,SKU-1005,WH-04,100,100,77.98,0
700314,1,06/03/2025,08/03/2025,09/03/2025,CUST-127,SKU-1023,WH-03,75,45,19.51,0.1
700314,2,06/03/2025,08/03/2025,09/03/2025,CUST-127,SKU-1010,WH-03,25,10,75.49,0.125
700315,1,06/03/2025,13/03/2025,13/03/2025,CUST-144,SKU-1008,WH-02,10,10,12.26,0
700315,2,06/03/2025,13/03/2025,13/03/2025,CUST-144,SKU-1003,WH-02,100,100,52.5,0
700315,3,06/03/2025,13/03/2025,13/03/2025,CUST-144,SKU-1007,WH-02,10,10,66.6,0
700316,1,06/03/2025,13/03/2025,12/03/2025,CUST-141,SKU-1023,WH-03,50,20,19.51,0.125
700316,2,06/03/2025,13/03/2025,12/03/2025,CUST-141,SKU-1020,WH-03,100,100,72.1,0.05
700317,1,06/03/2025,09/03/2025,08/03/2025,CUST-134,SKU-1018,WH-02,200,200,66.93,0.05
700317,2,06/03/2025,09/03/2025,08/03/2025,CUST-134,SKU-1013,WH-02,75,75,75.26,0
700317,3,06/03/2025,09/03/2025,08/03/2025,CUST-134,SKU-1011,WH-02,50,50,39.0,0.125
700317,4,06/03/2025,09/03/2025,08/03/2025,CUST-134,SKU-1019,WH-02,100,100,68.25,0
700318,1,06/03/2025,10/03/2025,09/03/2025,CUST-131,SKU-1005,WH-04,200,200,77.98,0.125
700318,2,06/03/2025,10/03/2025,09/03/2025,CUST-131,SKU-1008,WH-04,200,160,12.26,0.125
700318,3,06/03/2025,10/03/2025,09/03/2025,CUST-131,SKU-1008,WH-04,50,50,12.26,0.1
700319,1,06/03/2025,13/03/2025,12/03/2025,CUST-107,SKU-1021,WH-03,10,10,50.68,0
700319,2,06/03/2025,13/03/2025,12/03/2025,CUST-107,SKU-1011,WH-03,150,150,39.0,0
700320,1,07/03/2025,11/03/2025,11/03/2025,CUST-148,SKU-1016,WH-01,75,75,19.18,0.05
700321,1,07/03/2025,09/03/2025,08/03/2025,CUST-147,SKU-1022,WH-01,25,25,11.23,0
700321,2,07/03/2025,09/03/2025,08/03/2025,CUST-147,SKU-1022,WH-01,50,50,11.23,0
700322,1,07/03/2025,12/03/2025,12/03/2025,CUST-134,SKU-1013,WH-03,10,10,75.26,0
700323,1,07/03/2025,09/03/2025,08/03/2025,CUST-110,SKU-1005,WH-02,25,25,77.98,0
700323,2,07/03/2025,09/03/2025,08/03/2025,CUST-110,SKU-1014,WH-02,25,22,100.88,0
700323,3,07/03/2025,09/03/2025,08/03/2025,CUST-110,SKU-1021,WH-02,100,100,50.68,0
700323,4,07/03/2025,09/03/2025,08/03/2025,CUST-110,SKU-1020,WH-02,150,150,72.1,0.125
700324,1,07/03/2025,14/03/2025,16/03/2025,CUST-147,SKU-1006,WH-03,50,50,54.97,0.1
700324,2,07/03/2025,14/03/2025,16/03/2025,CUST-147,SKU-1016,WH-03,25,25,19.18,0
700324,3,07/03/2025,14/03/2025,16/03/2025,CUST-147,SKU-1003,WH-03,50,50,52.5,0
700325,1,10/03/2025,17/03/2025,17/03/2025,CUST-142,SKU-1001,WH-03,75,75,59.63,0.1
700325,2,10/03/2025,17/03/2025,17/03/2025,CUST-142,SKU-1021,WH-03,50,50,50.68,0.125
700325,3,10/03/2025,17/03/2025,17/03/2025,CUST-142,SKU-1002,WH-03,75,75,54.08,0.125
700326,1,10/03/2025,13/03/2025,13/03/2025,CUST-144,SKU-1017,WH-03,50,50,44.62,0.05
700327,1,10/03/2025,12/03/2025,11/03/2025,CUST-141,SKU-1024,WH-01,50,50,68.06,0
700328,1,10/03/2025,15/03/2025,14/03/2025,CUST-141,SKU-1012,WH-02,150,150,54.11,0
700328,2,10/03/2025,15/03/2025,14/03/2025,CUST-141,SKU-1020,WH-02,10,10,72.1,0.1
700328,3,10/03/2025,15/03/2025,14/03/2025,CUST-141,SKU-1006,WH-02,75,75,54.97,0
700328,4,10/03/2025,15/03/2025,14/03/2025,CUST-141,SKU-1004,WH-02,100,100,44.52,0
700329,1,10/03/2025,14/03/2025,13/03/2025,CUST-101,SKU-1020,WH-04,100,100,72.1,0
700329,2,10/03/2025,14/03/2025,13/03/2025,CUST-101,SKU-1018,WH-04,20,20,66.93,0
700329,3,10/03/2025,14/03/2025,13/03/2025,CUST-101,SKU-1003,WH-04,20,20,52.5,0
700330,1,10/03/2025,13/03/2025,13/03/2025,CUST-145,SKU-1001,WH-03,50,50,59.63,0
700330,2,10/03/2025,13/03/2025,13/03/2025,CUST-145,SKU-1023,WH-03,100,100,19.51,0.1
700330,3,10/03/2025,13/03/2025,13/03/2025,CUST-145,SKU-1024,WH-03,25,25,68.06,0.05
700331,1,10/03/2025,14/03/2025,13/03/2025,CUST-119,SKU-1003,WH-02,150,150,52.5,0
700331,2,10/03/2025,14/03/2025,13/03/2025,CUST-119,SKU-1024,WH-02,200,200,68.06,0.1
700332,1,11/03/2025,15/03/2025,14/03/2025,CUST-132,SKU-1020,WH-03,200,200,72.1,0
700332,2,11/03/2025,15/03/2025,14/03/2025,CUST-132,SKU-1006,WH-03,50,50,54.97,0
700332,3,11/03/2025,15/03/2025,14/03/2025,CUST-132,SKU-1003,WH-03,200,200,52.5,0.125
700332,4,11/03/2025,15/03/2025,14/03/2025,CUST-132,SKU-1015,WH-03,50,50,27.45,0.05
700333,1,11/03/2025,14/03/2025,14/03/2025,CUST-101,SKU-1002,WH-01,150,150,54.08,0.1
700333,2,11/03/2025,14/03/2025,14/03/2025,CUST-101,SKU-1021,WH-01,75,75,50.68,0.05
700333,3,11/03/2025,14/03/2025,14/03/2025,CUST-101,SKU-1010,WH-01,25,25,75.49,0.05
700333,4,11/03/2025,14/03/2025,14/03/2025,CUST-101,SKU-1017,WH-01,10,10,44.62,0.05
700334,1,11/03/2025,16/03/2025,16/03/2025,CUST-143,SKU-1008,WH-03,150,150,12.26,0.05
700334,2,11/03/2025,16/03/2025,16/03/2025,CUST-143,SKU-1016,WH-03,75,75,19.18,0.05
700335,1,11/03/2025,13/03/2025,14/03/2025,CUST-156,SKU-1019,WH-01,150,150,68.25,0
700335,2,11/03/2025,13/03/2025,14/03/2025,CUST-156,SKU-1017,WH-01,75,75,44.62,0.125
700335,3,11/03/2025,13/03/2025,14/03/2025,CUST-156,SKU-1012,WH-01,10,10,54.11,0
700336,1,12/03/2025,15/03/2025,14/03/2025,CUST-102,SKU-1003,WH-02,25,25,52.5,0.1
700336,2,12/03/2025,15/03/2025,14/03/2025,CUST-102,SKU-1012,WH-02,20,20,54.11,0
700336,3,12/03/2025,15/03/2025,14/03/2025,CUST-102,SKU-1008,WH-02,10,10,12.26,0
700337,1,12/03/2025,15/03/2025,14/03/2025,CUST-103,SKU-1008,WH-04,200,180,12.26,0.125
700337,2,12/03/2025,15/03/2025,14/03/2025,CUST-103,SKU-1014,WH-04,150,150,100.88,0
700337,3,12/03/2025,15/03/2025,14/03/2025,CUST-103,SKU-1023,WH-04,150,150,19.51,0.05
700338,1,12/03/2025,15/03/2025,14/03/2025,CUST-125,SKU-1008,WH-03,100,100,12.26,0
700338,2,12/03/2025,15/03/2025,14/03/2025,CUST-125,SKU-1014,WH-03,10,10,100.88,0.125
700339,1,12/03/2025,15/03/2025,14/03/2025,CUST-104,SKU-1022,WH-01,75,75,11.23,0.05
700339,2,12/03/2025,15/03/2025,14/03/2025,CUST-104,SKU-1015,WH-01,75,75,27.45,0
700339,3,12/03/2025,15/03/2025,14/03/2025,CUST-104,SKU-1019,WH-01,200,200,68.25,0
700339,4,12/03/2025,15/03/2025,14/03/2025,CUST-104,SKU-1006,WH-01,10,10,54.97,0.1
700340,1,12/03/2025,14/03/2025,14/03/2025,CUST-109,SKU-1019,WH-04,100,100,68.25,0
700340,2,12/03/2025,14/03/2025,14/03/2025,CUST-109,SKU-1008,WH-04,150,150,12.26,0
700340,3,12/03/2025,14/03/2025,14/03/2025,CUST-109,SKU-1004,WH-04,20,20,44.52,0.05
700340,4,12/03/2025,14/03/2025,14/03/2025,CUST-109,SKU-1017,WH-04,150,150,44.62,0.05
700341,1,12/03/2025,16/03/2025,15/03/2025,CUST-121,SKU-1020,WH-02,25,22,72.1,0.125
700341,2,12/03/2025,16/03/2025,15/03/2025,CUST-121,SKU-1005,WH-02,75,75,77.98,0
700341,3,12/03/2025,16/03/2025,15/03/2025,CUST-121,SKU-1021,WH-02,10,10,50.68,0.05
700341,4,12/03/2025,16/03/2025,15/03/2025,CUST-121,SKU-1003,WH-02,20,20,52.5,0
700342,1,12/03/2025,16/03/2025,15/03/2025,CUST-105,SKU-1008,WH-01,75,67,12.26,0
700343,1,12/03/2025,14/03/2025,13/03/2025,CUST-114,SKU-1010,WH-01,150,150,75.49,0
700344,1,13/03/2025,16/03/2025,16/03/2025,CUST-155,SKU-1009,WH-03,50,50,32.15,0
700344,2,13/03/2025,16/03/2025,16/03/2025,CUST-155,SKU-1015,WH-03,150,150,27.45,0
700344,3,13/03/2025,16/03/2025,16/03/2025,CUST-155,SKU-1018,WH-03,200,200,66.93,0
700345,1,13/03/2025,16/03/2025,15/03/2025,CUST-124,SKU-1016,WH-04,200,200,19.18,0
700346,1,13/03/2025,16/03/2025,15/03/2025,CUST-131,SKU-1024,WH-01,50,50,68.06,0
700346,2,13/03/2025,16/03/2025,15/03/2025,CUST-131,SKU-1013,WH-01,200,200,75.26,0.05
700347,1,13/03/2025,17/03/2025,16/03/2025,CUST-129,SKU-1013,WH-01,150,135,75.26,0
700347,2,13/03/2025,17/03/2025,16/03/2025,CUST-129,SKU-1018,WH-01,200,200,66.93,0
700348,1,13/03/2025,16/03/2025,17/03/2025,CUST-124,SKU-1017,WH-02,150,150,44.62,0
700348,2,13/03/2025,16/03/2025,17/03/2025,CUST-124,SKU-1013,WH-02,20,20,75.26,0.1
700348,3,13/03/2025,16/03/2025,17/03/2025,CUST-124,SKU-1014,WH-02,25,25,100.88,0
700348,4,13/03/2025,16/03/2025,17/03/2025,CUST-124,SKU-1022,WH-02,100,80,11.23,0.05
700349,1,13/03/2025,18/03/2025,17/03/2025,CUST-103,SKU-1007,WH-01,200,200,66.6,0
700349,2,13/03/2025,18/03/2025,17/03/2025,CUST-103,SKU-1006,WH-01,25,25,54.97,0.1
700349,3,13/03/2025,18/03/2025,17/03/2025,CUST-103,SKU-1015,WH-01,25,25,27.45,0
700350,1,14/03/2025,16/03/2025,17/03/2025,CUST-111,SKU-1007,WH-04,20,18,66.6,0
700350,2,14/03/2025,16/03/2025,17/03/2025,CUST-111,SKU-1002,WH-04,75,75,54.08,0.1
700351,1,14/03/2025,17/03/2025,16/03/2025,CUST-153,SKU-1007,WH-03,150,150,66.6,0
700351,2,14/03/2025,17/03/2025,16/03/2025,CUST-153,SKU-1010,WH-03,100,100,75.49,0.05
700352,1,14/03/2025,19/03/2025,18/03/2025,CUST-102,SKU-1011,WH-03,150,150,39.0,0
700352,2,14/03/2025,19/03/2025,18/03/2025,CUST-102,SKU-1003,WH-03,200,200,52.5,0
700352,3,14/03/2025,19/03/2025,18/03/2025,CUST-102,SKU-1014,WH-03,10,10,100.88,0
700352,4,14/03/2025,19/03/2025,18/03/2025,CUST-102,SKU-1014,WH-03,150,150,100.88,0.125
700353,1,14/03/2025,17/03/2025,16/03/2025,CUST-148,SKU-1001,WH-02,10,10,59.63,0.125
700354,1,14/03/2025,17/03/2025,22/03/2025,CUST-115,SKU-1015,WH-01,50,50,27.45,0
700354,2,14/03/2025,17/03/2025,22/03/2025,CUST-115,SKU-1001,WH-01,100,100,59.63,0.125
700354,3,14/03/2025,17/03/2025,22/03/2025,CUST-115,SKU-1008,WH-01,20,20,12.26,0.1
700354,4,14/03/2025,17/03/2025,22/03/2025,CUST-115,SKU-1013,WH-01,50,50,75.26,0.05
700355,1,17/03/2025,20/03/2025,20/03/2025,CUST-115,SKU-1008,WH-04,10,4,12.26,0
700355,2,17/03/2025,20/03/2025,20/03/2025,CUST-115,SKU-1023,WH-04,150,150,19.51,0.05
700355,3,17/03/2025,20/03/2025,20/03/2025,CUST-115,SKU-1014,WH-04,200,200,100.88,0.1
700356,1,17/03/2025,22/03/2025,21/03/2025,CUST-106,SKU-1009,WH-01,50,50,32.15,0.05
700356,2,17/03/2025,22/03/2025,21/03/2025,CUST-106,SKU-1014,WH-01,50,50,100.88,0.1
700356,3,17/03/2025,22/03/2025,21/03/2025,CUST-106,SKU-1019,WH-01,10,6,68.25,0.05
700357,1,17/03/2025,19/03/2025,20/03/2025,CUST-127,SKU-1014,WH-04,100,100,100.88,0.05
700357,2,17/03/2025,19/03/2025,20/03/2025,CUST-127,SKU-1014,WH-04,10,10,100.88,0
700357,3,17/03/2025,19/03/2025,20/03/2025,CUST-127,SKU-1022,WH-04,75,75,11.23,0.125
700358,1,17/03/2025,21/03/2025,20/03/2025,CUST-157,SKU-1017,WH-01,75,75,44.62,0.1
700358,2,17/03/2025,21/03/2025,20/03/2025,CUST-157,SKU-1003,WH-01,150,150,52.5,0
700359,1,18/03/2025,21/03/2025,21/03/2025,CUST-113,SKU-1002,WH-01,150,150,54.08,0.125
700359,2,18/03/2025,21/03/2025,21/03/2025,CUST-113,SKU-1002,WH-01,100,100,54.08,0.05
700359,3,18/03/2025,21/03/2025,21/03/2025,CUST-113,SKU-1012,WH-01,200,200,54.11,0
700360,1,18/03/2025,21/03/2025,20/03/2025,CUST-138,SKU-1007,WH-03,150,150,66.6,0
700360,2,18/03/2025,21/03/2025,20/03/2025,CUST-138,SKU-1012,WH-03,10,10,54.11,0.05
700360,3,18/03/2025,21/03/2025,20/03/2025,CUST-138,SKU-1005,WH-03,75,60,77.98,0
700361,1,18/03/2025,22/03/2025,27/03/2025,CUST-136,SKU-1010,WH-03,50,50,75.49,0.125
700361,2,18/03/2025,22/03/2025,27/03/2025,CUST-136,SKU-1004,WH-03,50,50,44.52,0
700361,3,18/03/2025,22/03/2025,27/03/2025,CUST-136,SKU-1022,WH-03,100,100,11.23,0
700362,1,18/03/2025,22/03/2025,21/03/2025,CUST-128,SKU-1014,WH-01,75,75,100.88,0
700363,1,19/03/2025,22/03/2025,22/03/2025,CUST-158,SKU-1005,WH-03,150,150,77.98,0.05
700363,2,19/03/2025,22/03/2025,22/03/2025,CUST-158,SKU-1021,WH-03,20,20,50.68,0
700363,3,19/03/2025,22/03/2025,22/03/2025,CUST-158,SKU-1016,WH-03,150,150,19.18,0.125
700364,1,19/03/2025,26/03/2025,26/03/2025,CUST-110,SKU-1017,WH-01,50,50,44.62,0.1
700364,2,19/03/2025,26/03/2025,26/03/2025,CUST-110,SKU-1018,WH-01,150,120,66.93,0.125
700364,3,19/03/2025,26/03/2025,26/03/2025,CUST-110,SKU-1009,WH-01,10,10,32.15,0
700364,4,19/03/2025,26/03/2025,26/03/2025,CUST-110,SKU-1024,WH-01,200,200,68.06,0.125
700365,1,19/03/2025,21/03/2025,20/03/2025,CUST-125,SKU-1022,WH-03,75,75,11.23,0.1
700365,2,19/03/2025,21/03/2025,20/03/2025,CUST-125,SKU-1009,WH-03,150,150,32.15,0.05
700365,3,19/03/2025,21/03/2025,20/03/2025,CUST-125,SKU-1006,WH-03,10,10,54.97,0
700365,4,19/03/2025,21/03/2025,20/03/2025,CUST-125,SKU-1002,WH-03,25,25,54.08,0.125
700366,1,19/03/2025,24/03/2025,23/03/2025,CUST-133,SKU-1010,WH-04,75,75,75.49,0.05
700367,1,19/03/2025,24/03/2025,23/03/2025,CUST-113,SKU-1009,WH-03,100,100,32.15,0.125
700367,2,19/03/2025,24/03/2025,23/03/2025,CUST-113,SKU-1017,WH-03,20,20,44.62,0
700367,3,19/03/2025,24/03/2025,23/03/2025,CUST-113,SKU-1022,WH-03,75,75,11.23,0
700367,4,19/03/2025,24/03/2025,23/03/2025,CUST-113,SKU-1013,WH-03,75,75,75.26,0
700368,1,19/03/2025,23/03/2025,25/03/2025,CUST-129,SKU-1011,WH-01,200,200,39.0,0.1
700368,2,19/03/2025,23/03/2025,25/03/2025,CUST-129,SKU-1008,WH-01,20,12,12.26,0
700368,3,19/03/2025,23/03/2025,25/03/2025,CUST-129,SKU-1018,WH-01,20,20,66.93,0.05
700368,4,19/03/2025,23/03/2025,25/03/2025,CUST-129,SKU-1006,WH-01,25,15,54.97,0
700369,1,19/03/2025,22/03/2025,22/03/2025,CUST-135,SKU-1014,WH-03,50,50,100.88,0
700370,1,19/03/2025,26/03/2025,25/03/2025,CUST-139,SKU-1011,WH-01,100,100,39.0,0
700370,2,19/03/2025,26/03/2025,25/03/2025,CUST-139,SKU-1007,WH-01,10,4,66.6,0
700370,3,19/03/2025,26/03/2025,25/03/2025,CUST-139,SKU-1002,WH-01,10,10,54.08,0
700371,1,19/03/2025,21/03/2025,23/03/2025,CUST-121,SKU-1012,WH-03,25,25,54.11,0
700371,2,19/03/2025,21/03/2025,23/03/2025,CUST-121,SKU-1011,WH-03,200,200,39.0,0
700371,3,19/03/2025,21/03/2025,23/03/2025,CUST-121,SKU-1018,WH-03,75,75,66.93,0
700371,4,19/03/2025,21/03/2025,23/03/2025,CUST-121,SKU-1023,WH-03,200,200,19.51,0
700372,1,20/03/2025,23/03/2025,22/03/2025,CUST-116,SKU-1018,WH-02,100,100,66.93,0
700372,2,20/03/2025,23/03/2025,22/03/2025,CUST-116,SKU-1017,WH-02,20,20,44.62,0
700373,1,20/03/2025,23/03/2025,25/03/2025,CUST-160,SKU-1012,WH-02,75,45,54.11,0.05
700373,2,20/03/2025,23/03/2025,25/03/2025,CUST-160,SKU-1010,WH-02,100,100,75.49,0
700374,1,20/03/2025,22/03/2025,27/03/2025,CUST-124,SKU-1009,WH-01,75,75,32.15,0.05
700374,2,20/03/2025,22/03/2025,27/03/2025,CUST-124,SKU-1010,WH-01,50,50,75.49,0
700374,3,20/03/2025,22/03/2025,27/03/2025,CUST-124,SKU-1016,WH-01,50,50,19.18,0.125
700375,1,20/03/2025,24/03/2025,23/03/2025,CUST-140,SKU-1009,WH-02,75,75,32.15,0.05
700375,2,20/03/2025,24/03/2025,23/03/2025,CUST-140,SKU-1012,WH-02,100,100,54.11,0
700375,3,20/03/2025,24/03/2025,23/03/2025,CUST-140,SKU-1001,WH-02,100,100,59.63,0
700375,4,20/03/2025,24/03/2025,23/03/2025,CUST-140,SKU-1018,WH-02,10,10,66.93,0
700376,1,20/03/2025,23/03/2025,22/03/2025,CUST-154,SKU-1024,WH-01,25,25,68.06,0
700376,2,20/03/2025,23/03/2025,22/03/2025,CUST-154,SKU-1015,WH-01,10,10,27.45,0
700376,3,20/03/2025,23/03/2025,22/03/2025,CUST-154,SKU-1014,WH-01,150,150,100.88,0.1
700377,1,20/03/2025,27/03/2025,27/03/2025,CUST-158,SKU-1020,WH-01,200,80,72.1,0.1
700378,1,20/03/2025,24/03/2025,24/03/2025,CUST-154,SKU-1016,WH-03,25,25,19.18,0.1
700378,2,20/03/2025,24/03/2025,24/03/2025,CUST-154,SKU-1013,WH-03,20,20,75.26,0
700378,3,20/03/2025,24/03/2025,24/03/2025,CUST-154,SKU-1023,WH-03,10,9,19.51,0.1
700379,1,20/03/2025,23/03/2025,22/03/2025,CUST-147,SKU-1002,WH-01,25,25,54.08,0
700379,2,20/03/2025,23/03/2025,22/03/2025,CUST-147,SKU-1009,WH-01,50,50,32.15,0.05
700380,1,21/03/2025,26/03/2025,26/03/2025,CUST-159,SKU-1014,WH-01,25,25,100.88,0.125
700380,2,21/03/2025,26/03/2025,26/03/2025,CUST-159,SKU-1018,WH-01,50,30,66.93,0.05
700380,3,21/03/2025,26/03/2025,26/03/2025,CUST-159,SKU-1002,WH-01,20,20,54.08,0.05
700380,4,21/03/2025,26/03/2025,26/03/2025,CUST-159,SKU-1023,WH-01,10,10,19.51,0.125
700381,1,21/03/2025,24/03/2025,25/03/2025,CUST-115,SKU-1010,WH-04,150,150,75.49,0
700381,2,21/03/2025,24/03/2025,25/03/2025,CUST-115,SKU-1016,WH-04,50,50,19.18,0
700382,1,21/03/2025,26/03/2025,31/03/2025,CUST-158,SKU-1013,WH-03,75,75,75.26,0
700382,2,21/03/2025,26/03/2025,31/03/2025,CUST-158,SKU-1004,WH-03,20,20,44.52,0
700382,3,21/03/2025,26/03/2025,31/03/2025,CUST-158,SKU-1008,WH-03,50,50,12.26,0.05
700383,1,21/03/2025,23/03/2025,22/03/2025,CUST-125,SKU-1024,WH-02,10,10,68.06,0.125
700383,2,21/03/2025,23/03/2025,22/03/2025,CUST-125,SKU-1016,WH-02,75,75,19.18,0
700384,1,21/03/2025,26/03/2025,26/03/2025,CUST-158,SKU-1020,WH-04,10,10,72.1,0.05
700384,2,21/03/2025,26/03/2025,26/03/2025,CUST-158,SKU-1005,WH-04,200,200,77.98,0
700385,1,21/03/2025,24/03/2025,24/03/2025,CUST-122,SKU-1006,WH-03,150,150,54.97,0
700386,1,24/03/2025,27/03/2025,26/03/2025,CUST-120,SKU-1006,WH-01,50,50,54.97,0.1
700386,2,24/03/2025,27/03/2025,26/03/2025,CUST-120,SKU-1024,WH-01,150,150,68.06,0
700387,1,24/03/2025,28/03/2025,28/03/2025,CUST-123,SKU-1024,WH-02,150,150,68.06,0.05
700387,2,24/03/2025,28/03/2025,28/03/2025,CUST-123,SKU-1006,WH-02,150,150,54.97,0
700387,3,24/03/2025,28/03/2025,28/03/2025,CUST-123,SKU-1004,WH-02,100,40,44.52,0.1
700388,1,24/03/2025,28/03/2025,27/03/2025,CUST-116,SKU-1006,WH-04,10,10,54.97,0.1
700388,2,24/03/2025,28/03/2025,27/03/2025,CUST-116,SKU-1016,WH-04,200,200,19.18,0
700388,3,24/03/2025,28/03/2025,27/03/2025,CUST-116,SKU-1024,WH-04,150,150,68.06,0
700388,4,24/03/2025,28/03/2025,27/03/2025,CUST-116,SKU-1014,WH-04,25,25,100.88,0.05
700389,1,24/03/2025,26/03/2025,28/03/2025,CUST-142,SKU-1010,WH-03,10,10,75.49,0.1
700389,2,24/03/2025,26/03/2025,28/03/2025,CUST-142,SKU-1020,WH-03,20,20,72.1,0.1
700389,3,24/03/2025,26/03/2025,28/03/2025,CUST-142,SKU-1013,WH-03,50,50,75.26,0
700390,1,24/03/2025,28/03/2025,27/03/2025,CUST-158,SKU-1005,WH-01,50,50,77.98,0
700390,2,24/03/2025,28/03/2025,27/03/2025,CUST-158,SKU-1010,WH-01,75,75,75.49,0
700390,3,24/03/2025,28/03/2025,27/03/2025,CUST-158,SKU-1019,WH-01,20,20,68.25,0.05
700391,1,24/03/2025,28/03/2025,29/03/2025,CUST-110,SKU-1021,WH-03,25,25,50.68,0
700392,1,25/03/2025,27/03/2025,27/03/2025,CUST-149,SKU-1011,WH-02,75,75,39.0,0.05
700393,1,25/03/2025,27/03/2025,26/03/2025,CUST-119,SKU-1019,WH-04,25,25,68.25,0
700394,1,25/03/2025,30/03/2025,29/03/2025,CUST-141,SKU-1018,WH-01,20,20,66.93,0.1
700394,2,25/03/2025,30/03/2025,29/03/2025,CUST-141,SKU-1014,WH-01,75,75,100.88,0
700394,3,25/03/2025,30/03/2025,29/03/2025,CUST-141,SKU-1023,WH-01,75,75,19.51,0.1
700394,4,25/03/2025,30/03/2025,29/03/2025,CUST-141,SKU-1014,WH-01,25,25,100.88,0.125
700395,1,25/03/2025,29/03/2025,28/03/2025,CUST-159,SKU-1004,WH-01,10,10,44.52,0
700395,2,25/03/2025,29/03/2025,28/03/2025,CUST-159,SKU-1019,WH-01,150,150,68.25,0
700395,3,25/03/2025,29/03/2025,28/03/2025,CUST-159,SKU-1011,WH-01,10,10,39.0,0.05
700396,1,25/03/2025,29/03/2025,28/03/2025,CUST-125,SKU-1004,WH-04,20,20,44.52,0.1
700397,1,25/03/2025,01/04/2025,31/03/2025,CUST-139,SKU-1001,WH-04,50,50,59.63,0
700397,2,25/03/2025,01/04/2025,31/03/2025,CUST-139,SKU-1008,WH-04,100,100,12.26,0
700397,3,25/03/2025,01/04/2025,31/03/2025,CUST-139,SKU-1023,WH-04,20,20,19.51,0
700397,4,25/03/2025,01/04/2025,31/03/2025,CUST-139,SKU-1004,WH-04,20,20,44.52,0
700398,1,25/03/2025,01/04/2025,01/04/2025,CUST-135,SKU-1008,WH-04,150,150,12.26,0
700398,2,25/03/2025,01/04/2025,01/04/2025,CUST-135,SKU-1012,WH-04,75,60,54.11,0
700399,1,25/03/2025,28/03/2025,27/03/2025,CUST-130,SKU-1015,WH-03,100,100,27.45,0
700399,2,25/03/2025,28/03/2025,27/03/2025,CUST-130,SKU-1005,WH-03,75,75,77.98,0
700399,3,25/03/2025,28/03/2025,27/03/2025,CUST-130,SKU-1021,WH-03,150,150,50.68,0.05
700399,4,25/03/2025,28/03/2025,27/03/2025,CUST-130,SKU-1008,WH-03,75,75,12.26,0.125
700400,1,25/03/2025,28/03/2025,27/03/2025,CUST-130,SKU-1024,WH-01,10,10,68.06,0
700400,2,25/03/2025,28/03/2025,27/03/2025,CUST-130,SKU-1008,WH-01,150,60,12.26,0
700401,1,26/03/2025,31/03/2025,31/03/2025,CUST-128,SKU-1024,WH-01,10,10,68.06,0.1
700401,2,26/03/2025,31/03/2025,31/03/2025,CUST-128,SKU-1008,WH-01,200,200,12.26,0.125
700402,1,26/03/2025,31/03/2025,01/04/2025,CUST-131,SKU-1024,WH-01,50,50,68.06,0.05
700402,2,26/03/2025,31/03/2025,01/04/2025,CUST-131,SKU-1020,WH-01,20,20,72.1,0
700402,3,26/03/2025,31/03/2025,01/04/2025,CUST-131,SKU-1022,WH-01,25,25,11.23,0.05
700402,4,26/03/2025,31/03/2025,01/04/2025,CUST-131,SKU-1021,WH-01,10,10,50.68,0.1
700403,1,26/03/2025,29/03/2025,28/03/2025,CUST-118,SKU-1009,WH-01,50,50,32.15,0.05
700403,2,26/03/2025,29/03/2025,28/03/2025,CUST-118,SKU-1005,WH-01,20,20,77.98,0.125
700403,3,26/03/2025,29/03/2025,28/03/2025,CUST-118,SKU-1012,WH-01,150,150,54.11,0.05
700403,4,26/03/2025,29/03/2025,28/03/2025,CUST-118,SKU-1020,WH-01,50,50,72.1,0
700404,1,26/03/2025,29/03/2025,30/03/2025,CUST-127,SKU-1006,WH-04,100,100,54.97,0.1
700404,2,26/03/2025,29/03/2025,30/03/2025,CUST-127,SKU-1001,WH-04,25,25,59.63,0.125
700405,1,27/03/2025,30/03/2025,29/03/2025,CUST-156,SKU-1009,WH-04,25,25,32.15,0.1
700405,2,27/03/2025,30/03/2025,29/03/2025,CUST-156,SKU-1003,WH-04,200,200,52.5,0
700405,3,27/03/2025,30/03/2025,29/03/2025,CUST-156,SKU-1015,WH-04,150,150,27.45,0
700406,1,27/03/2025,29/03/2025,28/03/2025,CUST-145,SKU-1021,WH-02,50,50,50.68,0
700406,2,27/03/2025,29/03/2025,28/03/2025,CUST-145,SKU-1010,WH-02,200,200,75.49,0.1
700406,3,27/03/2025,29/03/2025,28/03/2025,CUST-145,SKU-1022,WH-02,50,50,11.23,0.125
700406,4,27/03/2025,29/03/2025,28/03/2025,CUST-145,SKU-1015,WH-02,200,200,27.45,0.125
700407,1,27/03/2025,01/04/2025,31/03/2025,CUST-129,SKU-1015,WH-03,10,10,27.45,0.05
700407,2,27/03/2025,01/04/2025,31/03/2025,CUST-129,SKU-1020,WH-03,75,75,72.1,0.05
700407,3,27/03/2025,01/04/2025,31/03/2025,CUST-129,SKU-1010,WH-03,200,200,75.49,0.125
700407,4,27/03/2025,01/04/2025,31/03/2025,CUST-129,SKU-1018,WH-03,20,20,66.93,0.05
700408,1,27/03/2025,01/04/2025,03/04/2025,CUST-116,SKU-1022,WH-01,200,200,11.23,0.05
700408,2,27/03/2025,01/04/2025,03/04/2025,CUST-116,SKU-1009,WH-01,50,50,32.15,0.125
700408,3,27/03/2025,01/04/2025,03/04/2025,CUST-116,SKU-1019,WH-01,75,75,68.25,0.1
700408,4,27/03/2025,01/04/2025,03/04/2025,CUST-116,SKU-1012,WH-01,50,30,54.11,0
700409,1,28/03/2025,31/03/2025,30/03/2025,CUST-141,SKU-1010,WH-04,20,20,75.49,0.05
700409,2,28/03/2025,31/03/2025,30/03/2025,CUST-141,SKU-1024,WH-04,200,200,68.06,0.1
700410,1,28/03/2025,31/03/2025,02/04/2025,CUST-118,SKU-1001,WH-02,50,30,59.63,0
700410,2,28/03/2025,31/03/2025,02/04/2025,CUST-118,SKU-1006,WH-02,10,10,54.97,0
700410,3,28/03/2025,31/03/2025,02/04/2025,CUST-118,SKU-1016,WH-02,25,25,19.18,0
700411,1,28/03/2025,30/03/2025,29/03/2025,CUST-110,SKU-1011,WH-01,20,20,39.0,0.1
700411,2,28/03/2025,30/03/2025,29/03/2025,CUST-110,SKU-1003,WH-01,25,25,52.5,0.1
700411,3,28/03/2025,30/03/2025,29/03/2025,CUST-110,SKU-1001,WH-01,200,200,59.63,0.125
700411,4,28/03/2025,30/03/2025,29/03/2025,CUST-110,SKU-1012,WH-01,10,10,54.11,0
700412,1,28/03/2025,31/03/2025,02/04/2025,CUST-107,SKU-1009,WH-01,25,25,32.15,0
700412,2,28/03/2025,31/03/2025,02/04/2025,CUST-107,SKU-1018,WH-01,75,75,66.93,0.05
700412,3,28/03/2025,31/03/2025,02/04/2025,CUST-107,SKU-1024,WH-01,20,20,68.06,0.1
700412,4,28/03/2025,31/03/2025,02/04/2025,CUST-107,SKU-1019,WH-01,100,100,68.25,0
700413,1,31/03/2025,04/04/2025,03/04/2025,CUST-149,SKU-1015,WH-04,75,75,27.45,0.1
700413,2,31/03/2025,04/04/2025,03/04/2025,CUST-149,SKU-1009,WH-04,200,200,32.15,0
700414,1,31/03/2025,03/04/2025,02/04/2025,CUST-141,SKU-1019,WH-03,150,150,68.25,0
700414,2,31/03/2025,03/04/2025,02/04/2025,CUST-141,SKU-1016,WH-03,50,50,19.18,0
700414,3,31/03/2025,03/04/2025,02/04/2025,CUST-141,SKU-1021,WH-03,50,50,50.68,0
700414,4,31/03/2025,03/04/2025,02/04/2025,CUST-141,SKU-1021,WH-03,10,10,50.68,0
700415,1,31/03/2025,03/04/2025,04/04/2025,CUST-126,SKU-1004,WH-02,20,20,44.52,0
700416,1,31/03/2025,05/04/2025,05/04/2025,CUST-154,SKU-1022,WH-03,50,50,11.23,0.125
700416,2,31/03/2025,05/04/2025,05/04/2025,CUST-154,SKU-1022,WH-03,100,100,11.23,0
700416,3,31/03/2025,05/04/2025,05/04/2025,CUST-154,SKU-1015,WH-03,20,20,27.45,0.125
700416,4,31/03/2025,05/04/2025,05/04/2025,CUST-154,SKU-1004,WH-03,25,25,44.52,0
700417,1,31/03/2025,02/04/2025,03/04/2025,CUST-134,SKU-1010,WH-02,50,50,75.49,0.125
700418,1,31/03/2025,02/04/2025,04/04/2025,CUST-148,SKU-1018,WH-03,20,20,66.93,0
700419,1,31/03/2025,02/04/2025,04/04/2025,CUST-104,SKU-1004,WH-04,200,200,44.52,0
700419,2,31/03/2025,02/04/2025,04/04/2025,CUST-104,SKU-1013,WH-04,75,75,75.26,0
700419,3,31/03/2025,02/04/2025,04/04/2025,CUST-104,SKU-1023,WH-04,100,100,19.51,0
700420,1,01/04/2025,05/04/2025,06/04/2025,CUST-112,SKU-1009,WH-01,100,100,32.15,0
700420,2,01/04/2025,05/04/2025,06/04/2025,CUST-112,SKU-1010,WH-01,25,25,75.49,0
700420,3,01/04/2025,05/04/2025,06/04/2025,CUST-112,SKU-1014,WH-01,100,100,100.88,0
700421,1,01/04/2025,08/04/2025,07/04/2025,CUST-157,SKU-1006,WH-04,20,20,54.97,0
700422,1,01/04/2025,04/04/2025,06/04/2025,CUST-129,SKU-1003,WH-04,75,75,52.5,0
700422,2,01/04/2025,04/04/2025,06/04/2025,CUST-129,SKU-1018,WH-04,50,50,66.93,0.125
700422,3,01/04/2025,04/04/2025,06/04/2025,CUST-129,SKU-1001,WH-04,25,22,59.63,0
700423,1,01/04/2025,06/04/2025,05/04/2025,CUST-140,SKU-1020,WH-03,200,200,72.1,0
700423,2,01/04/2025,06/04/2025,05/04/2025,CUST-140,SKU-1001,WH-03,100,100,59.63,0
700424,1,02/04/2025,05/04/2025,04/04/2025,CUST-118,SKU-1008,WH-01,50,30,12.26,0.125
700424,2,02/04/2025,05/04/2025,04/04/2025,CUST-118,SKU-1015,WH-01,10,10,27.45,0
700425,1,02/04/2025,05/04/2025,10/04/2025,CUST-131,SKU-1009,WH-04,200,200,32.15,0
700426,1,02/04/2025,06/04/2025,06/04/2025,CUST-150,SKU-1011,WH-03,10,10,39.0,0.1
700426,2,02/04/2025,06/04/2025,06/04/2025,CUST-150,SKU-1018,WH-03,10,10,66.93,0
700426,3,02/04/2025,06/04/2025,06/04/2025,CUST-150,SKU-1017,WH-03,20,20,44.62,0
700426,4,02/04/2025,06/04/2025,06/04/2025,CUST-150,SKU-1009,WH-03,25,25,32.15,0
700427,1,02/04/2025,06/04/2025,06/04/2025,CUST-119,SKU-1009,WH-02,20,20,32.15,0.05
700427,2,02/04/2025,06/04/2025,06/04/2025,CUST-119,SKU-1005,WH-02,150,150,77.98,0.05
700427,3,02/04/2025,06/04/2025,06/04/2025,CUST-119,SKU-1024,WH-02,200,200,68.06,0.05
700427,4,02/04/2025,06/04/2025,06/04/2025,CUST-119,SKU-1009,WH-02,20,20,32.15,0
700428,1,02/04/2025,07/04/2025,09/04/2025,CUST-140,SKU-1020,WH-04,200,200,72.1,0.05
700429,1,02/04/2025,09/04/2025,11/04/2025,CUST-107,SKU-1007,WH-04,200,200,66.6,0
700430,1,03/04/2025,08/04/2025,07/04/2025,CUST-104,SKU-1017,WH-04,75,75,44.62,0.125
700430,2,03/04/2025,08/04/2025,07/04/2025,CUST-104,SKU-1002,WH-04,50,50,54.08,0.1
700431,1,03/04/2025,10/04/2025,10/04/2025,CUST-131,SKU-1012,WH-04,25,25,54.11,0
700431,2,03/04/2025,10/04/2025,10/04/2025,CUST-131,SKU-1020,WH-04,100,100,72.1,0
700431,3,03/04/2025,10/04/2025,10/04/2025,CUST-131,SKU-1008,WH-04,25,25,12.26,0
700432,1,03/04/2025,06/04/2025,06/04/2025,CUST-108,SKU-1006,WH-01,150,150,54.97,0.125
700432,2,03/04/2025,06/04/2025,06/04/2025,CUST-108,SKU-1010,WH-01,25,25,75.49,0.1
700433,1,03/04/2025,08/04/2025,08/04/2025,CUST-151,SKU-1022,WH-01,75,75,11.23,0.05
700433,2,03/04/2025,08/04/2025,08/04/2025,CUST-151,SKU-1005,WH-01,200,160,77.98,0.125
700433,3,03/04/2025,08/04/2025,08/04/2025,CUST-151,SKU-1014,WH-01,100,100,100.88,0.125
700433,4,03/04/2025,08/04/2025,08/04/2025,CUST-151,SKU-1007,WH-01,75,75,66.6,0
700434,1,03/04/2025,07/04/2025,06/04/2025,CUST-148,SKU-1023,WH-03,25,25,19.51,0
700435,1,03/04/2025,10/04/2025,09/04/2025,CUST-149,SKU-1021,WH-04,20,20,50.68,0
700435,2,03/04/2025,10/04/2025,09/04/2025,CUST-149,SKU-1004,WH-04,25,25,44.52,0
700435,3,03/04/2025,10/04/2025,09/04/2025,CUST-149,SKU-1019,WH-04,150,150,68.25,0
700435,4,03/04/2025,10/04/2025,09/04/2025,CUST-149,SKU-1007,WH-04,10,4,66.6,0.1
700436,1,04/04/2025,08/04/2025,07/04/2025,CUST-154,SKU-1011,WH-01,100,100,39.0,0.125
700436,2,04/04/2025,08/04/2025,07/04/2025,CUST-154,SKU-1014,WH-01,200,200,100.88,0.125
700437,1,04/04/2025,11/04/2025,10/04/2025,CUST-153,SKU-1018,WH-02,150,150,66.93,0
700437,2,04/04/2025,11/04/2025,10/04/2025,CUST-153,SKU-1002,WH-02,200,200,54.08,0
700437,3,04/04/2025,11/04/2025,10/04/2025,CUST-153,SKU-1004,WH-02,10,10,44.52,0.125
700437,4,04/04/2025,11/04/2025,10/04/2025,CUST-153,SKU-1001,WH-02,75,75,59.63,0
700438,1,04/04/2025,11/04/2025,10/04/2025,CUST-107,SKU-1009,WH-03,20,20,32.15,0.125
700438,2,04/04/2025,11/04/2025,10/04/2025,CUST-107,SKU-1003,WH-03,150,135,52.5,0
700438,3,04/04/2025,11/04/2025,10/04/2025,CUST-107,SKU-1013,WH-03,50,50,75.26,0.05
700439,1,04/04/2025,08/04/2025,08/04/2025,CUST-150,SKU-1010,WH-04,75,75,75.49,0
700439,2,04/04/2025,08/04/2025,08/04/2025,CUST-150,SKU-1016,WH-04,50,50,19.18,0
700439,3,04/04/2025,08/04/2025,08/04/2025,CUST-150,SKU-1007,WH-04,200,200,66.6,0.05
700440,1,04/04/2025,07/04/2025,06/04/2025,CUST-146,SKU-1016,WH-04,25,25,19.18,0.05
700440,2,04/04/2025,07/04/2025,06/04/2025,CUST-146,SKU-1015,WH-04,150,150,27.45,0
700440,3,04/04/2025,07/04/2025,06/04/2025,CUST-146,SKU-1004,WH-04,150,150,44.52,0.1
700440,4,04/04/2025,07/04/2025,06/04/2025,CUST-146,SKU-1009,WH-04,75,75,32.15,0.05
700441,1,04/04/2025,07/04/2025,06/04/2025,CUST-130,SKU-1017,WH-01,50,50,44.62,0.1
700441,2,04/04/2025,07/04/2025,06/04/2025,CUST-130,SKU-1015,WH-01,75,60,27.45,0
700441,3,04/04/2025,07/04/2025,06/04/2025,CUST-130,SKU-1015,WH-01,150,150,27.45,0.125
700442,1,04/04/2025,06/04/2025,05/04/2025,CUST-128,SKU-1020,WH-03,100,100,72.1,0.05
700443,1,04/04/2025,06/04/2025,05/04/2025,CUST-122,SKU-1005,WH-01,50,50,77.98,0.05
700443,2,04/04/2025,06/04/2025,05/04/2025,CUST-122,SKU-1007,WH-01,10,10,66.6,0.05
700444,1,04/04/2025,06/04/2025,05/04/2025,CUST-133,SKU-1009,WH-03,200,180,32.15,0
700445,1,07/04/2025,09/04/2025,08/04/2025,CUST-137,SKU-1002,WH-04,20,20,54.08,0
700445,2,07/04/2025,09/04/2025,08/04/2025,CUST-137,SKU-1018,WH-04,10,10,66.93,0
700446,1,07/04/2025,11/04/2025,12/04/2025,CUST-124,SKU-1001,WH-03,75,75,59.63,0.1
700447,1,07/04/2025,10/04/2025,09/04/2025,CUST-143,SKU-1013,WH-03,150,150,75.26,0
700448,1,07/04/2025,10/04/2025,09/04/2025,CUST-126,SKU-1013,WH-04,20,20,75.26,0
700448,2,07/04/2025,10/04/2025,09/04/2025,CUST-126,SKU-1012,WH-04,50,50,54.11,0.125
700448,3,07/04/2025,10/04/2025,09/04/2025,CUST-126,SKU-1008,WH-04,150,60,12.26,0
700448,4,07/04/2025,10/04/2025,09/04/2025,CUST-126,SKU-1001,WH-04,200,200,59.63,0.1
700449,1,07/04/2025,14/04/2025,15/04/2025,CUST-132,SKU-1005,WH-01,50,50,77.98,0
700449,2,07/04/2025,14/04/2025,15/04/2025,CUST-132,SKU-1003,WH-01,50,50,52.5,0.125
700450,1,07/04/2025,10/04/2025,10/04/2025,CUST-146,SKU-1023,WH-03,200,200,19.51,0.05
700450,2,07/04/2025,10/04/2025,10/04/2025,CUST-146,SKU-1006,WH-03,200,200,54.97,0.05
700450,3,07/04/2025,10/04/2025,10/04/2025,CUST-146,SKU-1011,WH-03,150,135,39.0,0
700451,1,07/04/2025,14/04/2025,13/04/2025,CUST-145,SKU-1013,WH-01,75,75,75.26,0.05
700452,1,08/04/2025,10/04/2025,09/04/2025,CUST-147,SKU-1002,WH-02,20,20,54.08,0
700452,2,08/04/2025,10/04/2025,09/04/2025,CUST-147,SKU-1009,WH-02,25,25,32.15,0
700452,3,08/04/2025,10/04/2025,09/04/2025,CUST-147,SKU-1011,WH-02,100,100,39.0,0.125
700453,1,08/04/2025,13/04/2025,12/04/2025,CUST-118,SKU-1003,WH-02,50,50,52.5,0
700453,2,08/04/2025,13/04/2025,12/04/2025,CUST-118,SKU-1018,WH-02,20,20,66.93,0.1
700453,3,08/04/2025,13/04/2025,12/04/2025,CUST-118,SKU-1022,WH-02,200,200,11.23,0
700453,4,08/04/2025,13/04/2025,12/04/2025,CUST-118,SKU-1012,WH-02,100,40,54.11,0.1
700454,1,08/04/2025,12/04/2025,13/04/2025,CUST-154,SKU-1003,WH-03,75,75,52.5,0.1
700454,2,08/04/2025,12/04/2025,13/04/2025,CUST-154,SKU-1024,WH-03,25,25,68.06,0
700455,1,08/04/2025,11/04/2025,10/04/2025,CUST-139,SKU-1019,WH-04,20,16,68.25,0.125
700455,2,08/04/2025,11/04/2025,10/04/2025,CUST-139,SKU-1005,WH-04,10,10,77.98,0
700455,3,08/04/2025,11/04/2025,10/04/2025,CUST-139,SKU-1003,WH-04,20,20,52.5,0
700455,4,08/04/2025,11/04/2025,10/04/2025,CUST-139,SKU-1019,WH-04,50,50,68.25,0
700456,1,08/04/2025,10/04/2025,10/04/2025,CUST-106,SKU-1012,WH-03,150,150,54.11,0
700456,2,08/04/2025,10/04/2025,10/04/2025,CUST-106,SKU-1011,WH-03,75,75,39.0,0
700456,3,08/04/2025,10/04/2025,10/04/2025,CUST-106,SKU-1006,WH-03,200,200,54.97,0.125
700456,4,08/04/2025,10/04/2025,10/04/2025,CUST-106,SKU-1012,WH-03,75,75,54.11,0
700457,1,08/04/2025,10/04/2025,11/04/2025,CUST-112,SKU-1019,WH-03,50,50,68.25,0
700457,2,08/04/2025,10/04/2025,11/04/2025,CUST-112,SKU-1007,WH-03,75,30,66.6,0.1
700457,3,08/04/2025,10/04/2025,11/04/2025,CUST-112,SKU-1001,WH-03,150,150,59.63,0
700457,4,08/04/2025,10/04/2025,11/04/2025,CUST-112,SKU-1024,WH-03,20,20,68.06,0
700458,1,08/04/2025,11/04/2025,11/04/2025,CUST-105,SKU-1023,WH-02,10,10,19.51,0.1
700458,2,08/04/2025,11/04/2025,11/04/2025,CUST-105,SKU-1010,WH-02,100,100,75.49,0
700459,1,08/04/2025,13/04/2025,12/04/2025,CUST-153,SKU-1009,WH-04,25,25,32.15,0.125
700459,2,08/04/2025,13/04/2025,12/04/2025,CUST-153,SKU-1005,WH-04,150,60,77.98,0
700460,1,08/04/2025,12/04/2025,11/04/2025,CUST-141,SKU-1012,WH-01,200,200,54.11,0.05
700460,2,08/04/2025,12/04/2025,11/04/2025,CUST-141,SKU-1007,WH-01,150,120,66.6,0.1
700460,3,08/04/2025,12/04/2025,11/04/2025,CUST-141,SKU-1006,WH-01,25,25,54.97,0
700461,1,09/04/2025,12/04/2025,12/04/2025,CUST-109,SKU-1024,WH-02,10,10,68.06,0.125
700461,2,09/04/2025,12/04/2025,12/04/2025,CUST-109,SKU-1020,WH-02,25,25,72.1,0.125
700461,3,09/04/2025,12/04/2025,12/04/2025,CUST-109,SKU-1018,WH-02,25,25,66.93,0.05
700461,4,09/04/2025,12/04/2025,12/04/2025,CUST-109,SKU-1018,WH-02,75,75,66.93,0.125
700462,1,09/04/2025,14/04/2025,13/04/2025,CUST-133,SKU-1004,WH-01,25,25,44.52,0.125
700463,1,09/04/2025,12/04/2025,11/04/2025,CUST-127,SKU-1019,WH-04,150,60,68.25,0.125
700463,2,09/04/2025,12/04/2025,11/04/2025,CUST-127,SKU-1015,WH-04,75,75,27.45,0
700463,3,09/04/2025,12/04/2025,11/04/2025,CUST-127,SKU-1023,WH-04,50,50,19.51,0.1
700463,4,09/04/2025,12/04/2025,11/04/2025,CUST-127,SKU-1011,WH-04,75,75,39.0,0.125
700464,1,09/04/2025,13/04/2025,14/04/2025,CUST-101,SKU-1012,WH-03,150,150,54.11,0
700464,2,09/04/2025,13/04/2025,14/04/2025,CUST-101,SKU-1013,WH-03,100,80,75.26,0
700464,3,09/04/2025,13/04/2025,14/04/2025,CUST-101,SKU-1017,WH-03,50,20,44.62,0
700464,4,09/04/2025,13/04/2025,14/04/2025,CUST-101,SKU-1024,WH-03,150,150,68.06,0.1
700465,1,09/04/2025,16/04/2025,15/04/2025,CUST-121,SKU-1006,WH-02,75,75,54.97,0
700465,2,09/04/2025,16/04/2025,15/04/2025,CUST-121,SKU-1017,WH-02,75,75,44.62,0.1
700466,1,09/04/2025,11/04/2025,10/04/2025,CUST-121,SKU-1004,WH-04,50,50,44.52,0
700466,2,09/04/2025,11/04/2025,10/04/2025,CUST-121,SKU-1022,WH-04,75,75,11.23,0
700467,1,09/04/2025,13/04/2025,15/04/2025,CUST-138,SKU-1011,WH-01,200,120,39.0,0.125
700467,2,09/04/2025,13/04/2025,15/04/2025,CUST-138,SKU-1005,WH-01,75,75,77.98,0
700467,3,09/04/2025,13/04/2025,15/04/2025,CUST-138,SKU-1018,WH-01,150,150,66.93,0
700467,4,09/04/2025,13/04/2025,15/04/2025,CUST-138,SKU-1005,WH-01,10,10,77.98,0
700468,1,09/04/2025,16/04/2025,15/04/2025,CUST-119,SKU-1001,WH-04,150,150,59.63,0
700468,2,09/04/2025,16/04/2025,15/04/2025,CUST-119,SKU-1023,WH-04,50,50,19.51,0.05
700468,3,09/04/2025,16/04/2025,15/04/2025,CUST-119,SKU-1003,WH-04,25,25,52.5,0
700468,4,09/04/2025,16/04/2025,15/04/2025,CUST-119,SKU-1009,WH-04,200,200,32.15,0
700469,1,09/04/2025,14/04/2025,15/04/2025,CUST-146,SKU-1024,WH-03,50,45,68.06,0.05
700469,2,09/04/2025,14/04/2025,15/04/2025,CUST-146,SKU-1013,WH-03,150,150,75.26,0
700470,1,10/04/2025,14/04/2025,13/04/2025,CUST-101,SKU-1007,WH-04,20,20,66.6,0.125
700470,2,10/04/2025,14/04/2025,13/04/2025,CUST-101,SKU-1024,WH-04,75,75,68.06,0.125
700470,3,10/04/2025,14/04/2025,13/04/2025,CUST-101,SKU-1017,WH-04,10,8,44.62,0
700471,1,10/04/2025,13/04/2025,14/04/2025,CUST-141,SKU-1009,WH-04,25,10,32.15,0
700471,2,10/04/2025,13/04/2025,14/04/2025,CUST-141,SKU-1024,WH-04,200,200,68.06,0
700471,3,10/04/2025,13/04/2025,14/04/2025,CUST-141,SKU-1003,WH-04,75,75,52.5,0
700472,1,10/04/2025,12/04/2025,14/04/2025,CUST-110,SKU-1006,WH-04,25,25,54.97,0
700472,2,10/04/2025,12/04/2025,14/04/2025,CUST-110,SKU-1016,WH-04,200,200,19.18,0.125
700472,3,10/04/2025,12/04/2025,14/04/2025,CUST-110,SKU-1004,WH-04,25,25,44.52,0.05
700473,1,10/04/2025,15/04/2025,15/04/2025,CUST-125,SKU-1001,WH-04,50,50,59.63,0
700473,2,10/04/2025,15/04/2025,15/04/2025,CUST-125,SKU-1021,WH-04,150,150,50.68,0.1
700474,1,10/04/2025,15/04/2025,20/04/2025,CUST-133,SKU-1004,WH-03,20,20,44.52,0
700474,2,10/04/2025,15/04/2025,20/04/2025,CUST-133,SKU-1002,WH-03,25,25,54.08,0
700475,1,10/04/2025,13/04/2025,12/04/2025,CUST-151,SKU-1006,WH-04,200,120,54.97,0
700475,2,10/04/2025,13/04/2025,12/04/2025,CUST-151,SKU-1022,WH-04,25,25,11.23,0.05
700476,1,11/04/2025,13/04/2025,12/04/2025,CUST-146,SKU-1003,WH-03,150,150,52.5,0
700476,2,11/04/2025,13/04/2025,12/04/2025,CUST-146,SKU-1009,WH-03,200,200,32.15,0
700476,3,11/04/2025,13/04/2025,12/04/2025,CUST-146,SKU-1001,WH-03,50,50,59.63,0.125
700477,1,11/04/2025,15/04/2025,15/04/2025,CUST-146,SKU-1010,WH-01,20,20,75.49,0
700477,2,11/04/2025,15/04/2025,15/04/2025,CUST-146,SKU-1010,WH-01,100,100,75.49,0
700478,1,11/04/2025,16/04/2025,15/04/2025,CUST-118,SKU-1019,WH-02,150,150,68.25,0.05
700479,1,11/04/2025,18/04/2025,17/04/2025,CUST-102,SKU-1020,WH-03,75,75,72.1,0.125
700480,1,11/04/2025,15/04/2025,15/04/2025,CUST-114,SKU-1004,WH-01,75,75,44.52,0.05
700480,2,11/04/2025,15/04/2025,15/04/2025,CUST-114,SKU-1019,WH-01,10,10,68.25,0.125
700480,3,11/04/2025,15/04/2025,15/04/2025,CUST-114,SKU-1023,WH-01,50,20,19.51,0.125
700480,4,11/04/2025,15/04/2025,15/04/2025,CUST-114,SKU-1008,WH-01,100,100,12.26,0.125
700481,1,11/04/2025,18/04/2025,18/04/2025,CUST-139,SKU-1008,WH-04,25,25,12.26,0
700481,2,11/04/2025,18/04/2025,18/04/2025,CUST-139,SKU-1016,WH-04,50,50,19.18,0.1
700482,1,11/04/2025,13/04/2025,14/04/2025,CUST-121,SKU-1002,WH-02,50,50,54.08,0
700482,2,11/04/2025,13/04/2025,14/04/2025,CUST-121,SKU-1017,WH-02,10,10,44.62,0.125
700482,3,11/04/2025,13/04/2025,14/04/2025,CUST-121,SKU-1015,WH-02,50,50,27.45,0
700483,1,11/04/2025,14/04/2025,14/04/2025,CUST-152,SKU-1015,WH-02,75,75,27.45,0.05
700483,2,11/04/2025,14/04/2025,14/04/2025,CUST-152,SKU-1019,WH-02,10,10,68.25,0
700484,1,14/04/2025,18/04/2025,17/04/2025,CUST-159,SKU-1021,WH-04,75,75,50.68,0.1
700485,1,14/04/2025,19/04/2025,20/04/2025,CUST-123,SKU-1013,WH-03,150,150,75.26,0
700485,2,14/04/2025,19/04/2025,20/04/2025,CUST-123,SKU-1017,WH-03,20,20,44.62,0.125
700486,1,14/04/2025,17/04/2025,19/04/2025,CUST-153,SKU-1006,WH-01,150,150,54.97,0
700486,2,14/04/2025,17/04/2025,19/04/2025,CUST-153,SKU-1020,WH-01,150,150,72.1,0
700486,3,14/04/2025,17/04/2025,19/04/2025,CUST-153,SKU-1023,WH-01,200,200,19.51,0
700487,1,14/04/2025,18/04/2025,17/04/2025,CUST-104,SKU-1007,WH-01,150,150,66.6,0.1
700487,2,14/04/2025,18/04/2025,17/04/2025,CUST-104,SKU-1001,WH-01,150,150,59.63,0
700487,3,14/04/2025,18/04/2025,17/04/2025,CUST-104,SKU-1019,WH-01,10,4,68.25,0.1
700488,1,14/04/2025,18/04/2025,17/04/2025,CUST-111,SKU-1017,WH-03,150,150,44.62,0
700488,2,14/04/2025,18/04/2025,17/04/2025,CUST-111,SKU-1011,WH-03,200,200,39.0,0
700489,1,14/04/2025,17/04/2025,22/04/2025,CUST-110,SKU-1017,WH-04,200,180,44.62,0.1
700489,2,14/04/2025,17/04/2025,22/04/2025,CUST-110,SKU-1022,WH-04,200,200,11.23,0
700489,3,14/04/2025,17/04/2025,22/04/2025,CUST-110,SKU-1016,WH-04,100,100,19.18,0.125
700489,4,14/04/2025,17/04/2025,22/04/2025,CUST-110,SKU-1007,WH-04,10,10,66.6,0
700490,1,14/04/2025,16/04/2025,17/04/2025,CUST-126,SKU-1011,WH-03,150,150,39.0,0.05
700490,2,14/04/2025,16/04/2025,17/04/2025,CUST-126,SKU-1006,WH-03,25,25,54.97,0
700490,3,14/04/2025,16/04/2025,17/04/2025,CUST-126,SKU-1018,WH-03,200,80,66.93,0
700491,1,14/04/2025,17/04/2025,17/04/2025,CUST-142,SKU-1019,WH-02,10,10,68.25,0
700491,2,14/04/2025,17/04/2025,17/04/2025,CUST-142,SKU-1024,WH-02,10,10,68.06,0.05
700492,1,14/04/2025,16/04/2025,15/04/2025,CUST-152,SKU-1017,WH-04,75,75,44.62,0
700492,2,14/04/2025,16/04/2025,15/04/2025,CUST-152,SKU-1003,WH-04,100,100,52.5,0.1
700493,1,15/04/2025,20/04/2025,21/04/2025,CUST-114,SKU-1009,WH-04,150,150,32.15,0
700494,1,15/04/2025,19/04/2025,21/04/2025,CUST-151,SKU-1018,WH-03,200,200,66.93,0
700494,2,15/04/2025,19/04/2025,21/04/2025,CUST-151,SKU-1007,WH-03,100,100,66.6,0
700494,3,15/04/2025,19/04/2025,21/04/2025,CUST-151,SKU-1006,WH-03,150,150,54.97,0
700494,4,15/04/2025,19/04/2025,21/04/2025,CUST-151,SKU-1009,WH-03,150,150,32.15,0.1
700495,1,15/04/2025,18/04/2025,17/04/2025,CUST-119,SKU-1008,WH-01,75,67,12.26,0.05
700495,2,15/04/2025,18/04/2025,17/04/2025,CUST-119,SKU-1015,WH-01,100,100,27.45,0.05
700495,3,15/04/2025,18/04/2025,17/04/2025,CUST-119,SKU-1014,WH-01,25,20,100.88,0
700495,4,15/04/2025,18/04/2025,17/04/2025,CUST-119,SKU-1019,WH-01,100,80,68.25,0.125
700496,1,15/04/2025,20/04/2025,20/04/2025,CUST-103,SKU-1009,WH-01,25,25,32.15,0
700497,1,15/04/2025,19/04/2025,18/04/2025,CUST-151,SKU-1009,WH-01,10,10,32.15,0.125
700497,2,15/04/2025,19/04/2025,18/04/2025,CUST-151,SKU-1012,WH-01,25,10,54.11,0
700497,3,15/04/2025,19/04/2025,18/04/2025,CUST-151,SKU-1009,WH-01,25,25,32.15,0
700497,4,15/04/2025,19/04/2025,18/04/2025,CUST-151,SKU-1016,WH-01,50,50,19.18,0
700498,1,15/04/2025,22/04/2025,23/04/2025,CUST-142,SKU-1017,WH-01,150,150,44.62,0
700498,2,15/04/2025,22/04/2025,23/04/2025,CUST-142,SKU-1010,WH-01,10,8,75.49,0.05
700499,1,16/04/2025,23/04/2025,25/04/2025,CUST-103,SKU-1023,WH-02,100,100,19.51,0
700500,1,16/04/2025,19/04/2025,18/04/2025,CUST-116,SKU-1014,WH-01,100,80,100.88,0.125
700500,2,16/04/2025,19/04/2025,18/04/2025,CUST-116,SKU-1018,WH-01,75,67,66.93,0.125
700500,3,16/04/2025,19/04/2025,18/04/2025,CUST-116,SKU-1006,WH-01,75,75,54.97,0
700501,1,16/04/2025,19/04/2025,19/04/2025,CUST-138,SKU-1002,WH-04,50,50,54.08,0.125
700501,2,16/04/2025,19/04/2025,19/04/2025,CUST-138,SKU-1016,WH-04,150,150,19.18,0
700502,1,16/04/2025,20/04/2025,25/04/2025,CUST-132,SKU-1019,WH-01,50,50,68.25,0
700503,1,16/04/2025,19/04/2025,18/04/2025,CUST-129,SKU-1010,WH-04,75,75,75.49,0
700503,2,16/04/2025,19/04/2025,18/04/2025,CUST-129,SKU-1016,WH-04,100,100,19.18,0
700503,3,16/04/2025,19/04/2025,18/04/2025,CUST-129,SKU-1021,WH-04,50,50,50.68,0.1
700503,4,16/04/2025,19/04/2025,18/04/2025,CUST-129,SKU-1005,WH-04,75,75,77.98,0.05
700504,1,16/04/2025,19/04/2025,18/04/2025,CUST-106,SKU-1019,WH-04,150,90,68.25,0
700505,1,16/04/2025,21/04/2025,20/04/2025,CUST-142,SKU-1008,WH-02,150,150,12.26,0.05
700506,1,16/04/2025,19/04/2025,18/04/2025,CUST-112,SKU-1023,WH-04,50,50,19.51,0
700506,2,16/04/2025,19/04/2025,18/04/2025,CUST-112,SKU-1024,WH-04,100,100,68.06,0.125
700507,1,16/04/2025,19/04/2025,21/04/2025,CUST-147,SKU-1001,WH-01,10,10,59.63,0.1
700507,2,16/04/2025,19/04/2025,21/04/2025,CUST-147,SKU-1012,WH-01,200,120,54.11,0.1
700508,1,17/04/2025,20/04/2025,19/04/2025,CUST-125,SKU-1016,WH-02,75,75,19.18,0.1
700508,2,17/04/2025,20/04/2025,19/04/2025,CUST-125,SKU-1002,WH-02,75,30,54.08,0
700509,1,17/04/2025,24/04/2025,24/04/2025,CUST-159,SKU-1021,WH-03,25,25,50.68,0.125
700509,2,17/04/2025,24/04/2025,24/04/2025,CUST-159,SKU-1019,WH-03,150,150,68.25,0.05
700509,3,17/04/2025,24/04/2025,24/04/2025,CUST-159,SKU-1005,WH-03,25,20,77.98,0.05
700510,1,17/04/2025,24/04/2025,25/04/2025,CUST-133,SKU-1010,WH-04,150,150,75.49,0
700510,2,17/04/2025,24/04/2025,25/04/2025,CUST-133,SKU-1004,WH-04,100,100,44.52,0
700511,1,17/04/2025,24/04/2025,23/04/2025,CUST-123,SKU-1018,WH-02,50,50,66.93,0.1
700511,2,17/04/2025,24/04/2025,23/04/2025,CUST-123,SKU-1010,WH-02,100,100,75.49,0.05
700512,1,18/04/2025,20/04/2025,19/04/2025,CUST-143,SKU-1013,WH-01,10,10,75.26,0
700513,1,18/04/2025,20/04/2025,21/04/2025,CUST-125,SKU-1016,WH-04,10,10,19.18,0.05
700513,2,18/04/2025,20/04/2025,21/04/2025,CUST-125,SKU-1007,WH-04,50,50,66.6,0.05
700513,3,18/04/2025,20/04/2025,21/04/2025,CUST-125,SKU-1012,WH-04,20,20,54.11,0
700514,1,18/04/2025,25/04/2025,26/04/2025,CUST-112,SKU-1021,WH-01,75,75,50.68,0.125
700514,2,18/04/2025,25/04/2025,26/04/2025,CUST-112,SKU-1014,WH-01,20,20,100.88,0
700514,3,18/04/2025,25/04/2025,26/04/2025,CUST-112,SKU-1007,WH-01,100,100,66.6,0.125
700514,4,18/04/2025,25/04/2025,26/04/2025,CUST-112,SKU-1023,WH-01,150,150,19.51,0
700515,1,18/04/2025,21/04/2025,20/04/2025,CUST-152,SKU-1018,WH-03,200,200,66.93,0
700515,2,18/04/2025,21/04/2025,20/04/2025,CUST-152,SKU-1003,WH-03,25,25,52.5,0.125
700515,3,18/04/2025,21/04/2025,20/04/2025,CUST-152,SKU-1001,WH-03,20,20,59.63,0
700516,1,18/04/2025,21/04/2025,20/04/2025,CUST-117,SKU-1015,WH-03,150,150,27.45,0
700516,2,18/04/2025,21/04/2025,20/04/2025,CUST-117,SKU-1013,WH-03,25,25,75.26,0.125
700516,3,18/04/2025,21/04/2025,20/04/2025,CUST-117,SKU-1019,WH-03,75,60,68.25,0.1
700517,1,18/04/2025,23/04/2025,23/04/2025,CUST-103,SKU-1004,WH-04,25,15,44.52,0
700517,2,18/04/2025,23/04/2025,23/04/2025,CUST-103,SKU-1020,WH-04,200,200,72.1,0
700517,3,18/04/2025,23/04/2025,23/04/2025,CUST-103,SKU-1012,WH-04,200,120,54.11,0
700518,1,21/04/2025,24/04/2025,25/04/2025,CUST-106,SKU-1023,WH-02,20,20,19.51,0
700518,2,21/04/2025,24/04/2025,25/04/2025,CUST-106,SKU-1019,WH-02,25,25,68.25,0
700519,1,21/04/2025,28/04/2025,29/04/2025,CUST-106,SKU-1014,WH-04,150,150,100.88,0.125
700520,1,21/04/2025,25/04/2025,24/04/2025,CUST-142,SKU-1022,WH-01,20,20,11.23,0.1
700520,2,21/04/2025,25/04/2025,24/04/2025,CUST-142,SKU-1017,WH-01,25,25,44.62,0
700520,3,21/04/2025,25/04/2025,24/04/2025,CUST-142,SKU-1017,WH-01,100,80,44.62,0.125
700520,4,21/04/2025,25/04/2025,24/04/2025,CUST-142,SKU-1004,WH-01,200,200,44.52,0.05
700521,1,21/04/2025,26/04/2025,25/04/2025,CUST-140,SKU-1016,WH-04,10,10,19.18,0
700522,1,21/04/2025,25/04/2025,27/04/2025,CUST-141,SKU-1019,WH-02,150,150,68.25,0
700522,2,21/04/2025,25/04/2025,27/04/2025,CUST-141,SKU-1018,WH-02,75,75,66.93,0
700522,3,21/04/2025,25/04/2025,27/04/2025,CUST-141,SKU-1019,WH-02,150,150,68.25,0.05
700523,1,21/04/2025,25/04/2025,27/04/2025,CUST-125,SKU-1006,WH-03,20,16,54.97,0.125
700523,2,21/04/2025,25/04/2025,27/04/2025,CUST-125,SKU-1009,WH-03,100,100,32.15,0
700523,3,21/04/2025,25/04/2025,27/04/2025,CUST-125,SKU-1024,WH-03,150,150,68.06,0
700523,4,21/04/2025,25/04/2025,27/04/2025,CUST-125,SKU-1018,WH-03,150,150,66.93,0.05
700524,1,21/04/2025,23/04/2025,24/04/2025,CUST-133,SKU-1017,WH-02,10,10,44.62,0
700525,1,22/04/2025,24/04/2025,24/04/2025,CUST-134,SKU-1024,WH-01,25,25,68.06,0.125
700525,2,22/04/2025,24/04/2025,24/04/2025,CUST-134,SKU-1001,WH-01,50,50,59.63,0.1
700526,1,22/04/2025,25/04/2025,24/04/2025,CUST-116,SKU-1004,WH-01,25,20,44.52,0.125
700526,2,22/04/2025,25/04/2025,24/04/2025,CUST-116,SKU-1016,WH-01,100,100,19.18,0.125
700527,1,22/04/2025,27/04/2025,28/04/2025,CUST-147,SKU-1002,WH-01,50,50,54.08,0
700527,2,22/04/2025,27/04/2025,28/04/2025,CUST-147,SKU-1012,WH-01,25,25,54.11,0.05
700528,1,22/04/2025,25/04/2025,24/04/2025,CUST-145,SKU-1010,WH-03,200,200,75.49,0
700528,2,22/04/2025,25/04/2025,24/04/2025,CUST-145,SKU-1008,WH-03,50,50,12.26,0
700529,1,22/04/2025,29/04/2025,29/04/2025,CUST-120,SKU-1014,WH-04,150,150,100.88,0.05
700529,2,22/04/2025,29/04/2025,29/04/2025,CUST-120,SKU-1024,WH-04,75,75,68.06,0
700529,3,22/04/2025,29/04/2025,29/04/2025,CUST-120,SKU-1023,WH-04,150,150,19.51,0
700529,4,22/04/2025,29/04/2025,29/04/2025,CUST-120,SKU-1014,WH-04,75,75,100.88,0
700530,1,22/04/2025,25/04/2025,24/04/2025,CUST-122,SKU-1014,WH-01,200,200,100.88,0.1
700530,2,22/04/2025,25/04/2025,24/04/2025,CUST-122,SKU-1015,WH-01,50,50,27.45,0.05
700531,1,23/04/2025,26/04/2025,25/04/2025,CUST-135,SKU-1019,WH-02,75,75,68.25,0
700531,2,23/04/2025,26/04/2025,25/04/2025,CUST-135,SKU-1024,WH-02,100,40,68.06,0
700531,3,23/04/2025,26/04/2025,25/04/2025,CUST-135,SKU-1005,WH-02,25,20,77.98,0.1
700531,4,23/04/2025,26/04/2025,25/04/2025,CUST-135,SKU-1003,WH-02,75,75,52.5,0
700532,1,23/04/2025,28/04/2025,29/04/2025,CUST-143,SKU-1011,WH-03,75,75,39.0,0.125
700532,2,23/04/2025,28/04/2025,29/04/2025,CUST-143,SKU-1007,WH-03,50,50,66.6,0
700532,3,23/04/2025,28/04/2025,29/04/2025,CUST-143,SKU-1013,WH-03,20,20,75.26,0.1
700532,4,23/04/2025,28/04/2025,29/04/2025,CUST-143,SKU-1007,WH-03,100,100,66.6,0.125
700533,1,23/04/2025,27/04/2025,26/04/2025,CUST-127,SKU-1005,WH-02,25,25,77.98,0.1
700533,2,23/04/2025,27/04/2025,26/04/2025,CUST-127,SKU-1004,WH-02,100,100,44.52,0.1
700534,1,23/04/2025,30/04/2025,01/05/2025,CUST-109,SKU-1004,WH-03,150,150,44.52,0
700534,2,23/04/2025,30/04/2025,01/05/2025,CUST-109,SKU-1016,WH-03,25,25,19.18,0
700534,3,23/04/2025,30/04/2025,01/05/2025,CUST-109,SKU-1024,WH-03,10,6,68.06,0
700535,1,23/04/2025,26/04/2025,25/04/2025,CUST-127,SKU-1017,WH-01,10,10,44.62,0
700535,2,23/04/2025,26/04/2025,25/04/2025,CUST-127,SKU-1011,WH-01,10,10,39.0,0
700535,3,23/04/2025,26/04/2025,25/04/2025,CUST-127,SKU-1010,WH-01,25,25,75.49,0
700535,4,23/04/2025,26/04/2025,25/04/2025,CUST-127,SKU-1011,WH-01,20,20,39.0,0
700536,1,24/04/2025,29/04/2025,01/05/2025,CUST-107,SKU-1009,WH-04,50,50,32.15,0.1
700537,1,24/04/2025,27/04/2025,02/05/2025,CUST-157,SKU-1001,WH-04,20,20,59.63,0
700537,2,24/04/2025,27/04/2025,02/05/2025,CUST-157,SKU-1009,WH-04,10,10,32.15,0.1
700537,3,24/04/2025,27/04/2025,02/05/2025,CUST-157,SKU-1021,WH-04,20,20,50.68,0.125
700537,4,24/04/2025,27/04/2025,02/05/2025,CUST-157,SKU-1024,WH-04,20,18,68.06,0.1
700538,1,24/04/2025,28/04/2025,03/05/2025,CUST-129,SKU-1014,WH-04,150,150,100.88,0.125
700539,1,24/04/2025,27/04/2025,27/04/2025,CUST-159,SKU-1007,WH-03,200,120,66.6,0
700539,2,24/04/2025,27/04/2025,27/04/2025,CUST-159,SKU-1003,WH-03,150,150,52.5,0
700539,3,24/04/2025,27/04/2025,27/04/2025,CUST-159,SKU-1007,WH-03,75,75,66.6,0.1
700540,1,24/04/2025,27/04/2025,26/04/2025,CUST-127,SKU-1009,WH-04,200,200,32.15,0.125
700540,2,24/04/2025,27/04/2025,26/04/2025,CUST-127,SKU-1014,WH-04,75,75,100.88,0.05
700541,1,24/04/2025,28/04/2025,27/04/2025,CUST-152,SKU-1014,WH-02,20,20,100.88,0
700542,1,24/04/2025,27/04/2025,26/04/2025,CUST-140,SKU-1018,WH-02,10,10,66.93,0
700542,2,24/04/2025,27/04/2025,26/04/2025,CUST-140,SKU-1009,WH-02,25,25,32.15,0.125
700543,1,24/04/2025,27/04/2025,29/04/2025,CUST-115,SKU-1004,WH-02,50,40,44.52,0
700543,2,24/04/2025,27/04/2025,29/04/2025,CUST-115,SKU-1016,WH-02,100,100,19.18,0
700543,3,24/04/2025,27/04/2025,29/04/2025,CUST-115,SKU-1007,WH-02,10,10,66.6,0
700543,4,24/04/2025,27/04/2025,29/04/2025,CUST-115,SKU-1022,WH-02,50,50,11.23,0.1
700544,1,25/04/2025,28/04/2025,28/04/2025,CUST-142,SKU-1024,WH-02,50,50,68.06,0
700544,2,25/04/2025,28/04/2025,28/04/2025,CUST-142,SKU-1018,WH-02,10,10,66.93,0.1
700544,3,25/04/2025,28/04/2025,28/04/2025,CUST-142,SKU-1013,WH-02,200,200,75.26,0.05
700544,4,25/04/2025,28/04/2025,28/04/2025,CUST-142,SKU-1015,WH-02,100,100,27.45,0
700545,1,25/04/2025,28/04/2025,27/04/2025,CUST-106,SKU-1014,WH-01,100,100,100.88,0.05
700546,1,25/04/2025,27/04/2025,27/04/2025,CUST-137,SKU-1022,WH-01,10,10,11.23,0.1
700546,2,25/04/2025,27/04/2025,27/04/2025,CUST-137,SKU-1015,WH-01,75,75,27.45,0
700546,3,25/04/2025,27/04/2025,27/04/2025,CUST-137,SKU-1015,WH-01,10,9,27.45,0.05
700546,4,25/04/2025,27/04/2025,27/04/2025,CUST-137,SKU-1023,WH-01,75,75,19.51,0
700547,1,25/04/2025,28/04/2025,27/04/2025,CUST-154,SKU-1020,WH-01,200,200,72.1,0.1
700547,2,25/04/2025,28/04/2025,27/04/2025,CUST-154,SKU-1004,WH-01,20,20,44.52,0.125
700547,3,25/04/2025,28/04/2025,27/04/2025,CUST-154,SKU-1007,WH-01,20,20,66.6,0.1
700547,4,25/04/2025,28/04/2025,27/04/2025,CUST-154,SKU-1006,WH-01,75,75,54.97,0
700548,1,25/04/2025,28/04/2025,28/04/2025,CUST-133,SKU-1008,WH-02,75,75,12.26,0.1
700548,2,25/04/2025,28/04/2025,28/04/2025,CUST-133,SKU-1007,WH-02,75,75,66.6,0
700548,3,25/04/2025,28/04/2025,28/04/2025,CUST-133,SKU-1023,WH-02,10,10,19.51,0.125
700549,1,25/04/2025,29/04/2025,29/04/2025,CUST-139,SKU-1010,WH-04,50,50,75.49,0.125
700549,2,25/04/2025,29/04/2025,29/04/2025,CUST-139,SKU-1016,WH-04,10,10,19.18,0
700549,3,25/04/2025,29/04/2025,29/04/2025,CUST-139,SKU-1009,WH-04,75,75,32.15,0.125
700550,1,25/04/2025,02/05/2025,01/05/2025,CUST-157,SKU-1019,WH-02,100,100,68.25,0.125
700550,2,25/04/2025,02/05/2025,01/05/2025,CUST-157,SKU-1007,WH-02,150,150,66.6,0.125
700551,1,25/04/2025,29/04/2025,01/05/2025,CUST-130,SKU-1001,WH-03,150,150,59.63,0.05
700552,1,25/04/2025,29/04/2025,29/04/2025,CUST-148,SKU-1002,WH-02,50,50,54.08,0.125
700553,1,28/04/2025,30/04/2025,30/04/2025,CUST-101,SKU-1023,WH-01,100,100,19.51,0.1
700553,2,28/04/2025,30/04/2025,30/04/2025,CUST-101,SKU-1005,WH-01,10,10,77.98,0.1
700553,3,28/04/2025,30/04/2025,30/04/2025,CUST-101,SKU-1012,WH-01,10,10,54.11,0.05
700553,4,28/04/2025,30/04/2025,30/04/2025,CUST-101,SKU-1022,WH-01,50,50,11.23,0.125
700554,1,28/04/2025,01/05/2025,06/05/2025,CUST-126,SKU-1016,WH-02,100,60,19.18,0
700554,2,28/04/2025,01/05/2025,06/05/2025,CUST-126,SKU-1024,WH-02,20,20,68.06,0.125
700554,3,28/04/2025,01/05/2025,06/05/2025,CUST-126,SKU-1004,WH-02,20,20,44.52,0.125
700555,1,28/04/2025,03/05/2025,03/05/2025,CUST-114,SKU-1014,WH-03,20,8,100.88,0.1
700555,2,28/04/2025,03/05/2025,03/05/2025,CUST-114,SKU-1006,WH-03,50,50,54.97,0
700555,3,28/04/2025,03/05/2025,03/05/2025,CUST-114,SKU-1001,WH-03,25,25,59.63,0.1
700556,1,28/04/2025,03/05/2025,02/05/2025,CUST-101,SKU-1006,WH-01,150,150,54.97,0.05
700557,1,28/04/2025,01/05/2025,03/05/2025,CUST-106,SKU-1005,WH-02,150,120,77.98,0.05
700557,2,28/04/2025,01/05/2025,03/05/2025,CUST-106,SKU-1024,WH-02,100,100,68.06,0.05
700557,3,28/04/2025,01/05/2025,03/05/2025,CUST-106,SKU-1013,WH-02,20,8,75.26,0
700558,1,28/04/2025,30/04/2025,29/04/2025,CUST-108,SKU-1011,WH-04,75,75,39.0,0.125
700558,2,28/04/2025,30/04/2025,29/04/2025,CUST-108,SKU-1011,WH-04,200,200,39.0,0.05
700559,1,29/04/2025,03/05/2025,03/05/2025,CUST-137,SKU-1014,WH-04,10,10,100.88,0
700559,2,29/04/2025,03/05/2025,03/05/2025,CUST-137,SKU-1023,WH-04,50,50,19.51,0
700559,3,29/04/2025,03/05/2025,03/05/2025,CUST-137,SKU-1001,WH-04,20,20,59.63,0
700560,1,29/04/2025,02/05/2025,04/05/2025,CUST-134,SKU-1021,WH-04,50,50,50.68,0
700561,1,29/04/2025,06/05/2025,11/05/2025,CUST-134,SKU-1015,WH-02,75,75,27.45,0.1
700561,2,29/04/2025,06/05/2025,11/05/2025,CUST-134,SKU-1003,WH-02,75,75,52.5,0
700561,3,29/04/2025,06/05/2025,11/05/2025,CUST-134,SKU-1017,WH-02,100,100,44.62,0
700562,1,29/04/2025,02/05/2025,01/05/2025,CUST-104,SKU-1011,WH-03,200,200,39.0,0.1
700562,2,29/04/2025,02/05/2025,01/05/2025,CUST-104,SKU-1003,WH-03,50,50,52.5,0.05
700562,3,29/04/2025,02/05/2025,01/05/2025,CUST-104,SKU-1012,WH-03,25,25,54.11,0.125
700563,1,29/04/2025,02/05/2025,07/05/2025,CUST-131,SKU-1008,WH-02,50,50,12.26,0.125
700563,2,29/04/2025,02/05/2025,07/05/2025,CUST-131,SKU-1022,WH-02,150,150,11.23,0.1
700563,3,29/04/2025,02/05/2025,07/05/2025,CUST-131,SKU-1013,WH-02,25,25,75.26,0.1
700563,4,29/04/2025,02/05/2025,07/05/2025,CUST-131,SKU-1008,WH-02,150,150,12.26,0
700564,1,30/04/2025,04/05/2025,03/05/2025,CUST-134,SKU-1007,WH-01,10,10,66.6,0
700564,2,30/04/2025,04/05/2025,03/05/2025,CUST-134,SKU-1019,WH-01,200,120,68.25,0.05
700564,3,30/04/2025,04/05/2025,03/05/2025,CUST-134,SKU-1008,WH-01,75,75,12.26,0.125
700564,4,30/04/2025,04/05/2025,03/05/2025,CUST-134,SKU-1015,WH-01,75,75,27.45,0.125
700565,1,30/04/2025,02/05/2025,01/05/2025,CUST-117,SKU-1016,WH-01,100,100,19.18,0.125
700565,2,30/04/2025,02/05/2025,01/05/2025,CUST-117,SKU-1015,WH-01,200,200,27.45,0.125
700565,3,30/04/2025,02/05/2025,01/05/2025,CUST-117,SKU-1016,WH-01,100,100,19.18,0
700566,1,30/04/2025,02/05/2025,07/05/2025,CUST-127,SKU-1009,WH-04,100,100,32.15,0.05
700566,2,30/04/2025,02/05/2025,07/05/2025,CUST-127,SKU-1023,WH-04,150,90,19.51,0
700567,1,30/04/2025,07/05/2025,06/05/2025,CUST-127,SKU-1001,WH-01,200,200,59.63,0
700568,1,30/04/2025,05/05/2025,05/05/2025,CUST-112,SKU-1008,WH-04,50,50,12.26,0.125
700569,1,30/04/2025,05/05/2025,04/05/2025,CUST-104,SKU-1011,WH-02,150,150,39.0,0.125
700570,1,01/05/2025,04/05/2025,03/05/2025,CUST-140,SKU-1016,WH-01,25,25,19.18,0.125
700571,1,01/05/2025,04/05/2025,09/05/2025,CUST-111,SKU-1019,WH-03,150,150,68.25,0.125
700571,2,01/05/2025,04/05/2025,09/05/2025,CUST-111,SKU-1017,WH-03,25,25,44.62,0.05
700572,1,01/05/2025,06/05/2025,11/05/2025,CUST-147,SKU-1017,WH-04,50,50,44.62,0
700573,1,01/05/2025,08/05/2025,07/05/2025,CUST-146,SKU-1020,WH-01,100,60,72.1,0
700573,2,01/05/2025,08/05/2025,07/05/2025,CUST-146,SKU-1016,WH-01,25,10,19.18,0.05
700573,3,01/05/2025,08/05/2025,07/05/2025,CUST-146,SKU-1002,WH-01,20,20,54.08,0
700573,4,01/05/2025,08/05/2025,07/05/2025,CUST-146,SKU-1008,WH-01,100,100,12.26,0.05
700574,1,01/05/2025,03/05/2025,02/05/2025,CUST-137,SKU-1017,WH-02,100,100,44.62,0.1
700575,1,01/05/2025,04/05/2025,09/05/2025,CUST-160,SKU-1006,WH-03,200,200,54.97,0
700575,2,01/05/2025,04/05/2025,09/05/2025,CUST-160,SKU-1022,WH-03,150,150,11.23,0
700575,3,01/05/2025,04/05/2025,09/05/2025,CUST-160,SKU-1016,WH-03,100,100,19.18,0
700576,1,01/05/2025,03/05/2025,05/05/2025,CUST-116,SKU-1022,WH-03,100,40,11.23,0.1
700576,2,01/05/2025,03/05/2025,05/05/2025,CUST-116,SKU-1023,WH-03,100,100,19.51,0.125
700576,3,01/05/2025,03/05/2025,05/05/2025,CUST-116,SKU-1012,WH-03,25,25,54.11,0.125
700577,1,01/05/2025,03/05/2025,08/05/2025,CUST-151,SKU-1008,WH-04,50,50,12.26,0.125
700577,2,01/05/2025,03/05/2025,08/05/2025,CUST-151,SKU-1009,WH-04,150,150,32.15,0.125
700577,3,01/05/2025,03/05/2025,08/05/2025,CUST-151,SKU-1010,WH-04,25,25,75.49,0
700578,1,02/05/2025,05/05/2025,05/05/2025,CUST-124,SKU-1007,WH-02,50,50,66.6,0.1
700579,1,02/05/2025,07/05/2025,06/05/2025,CUST-115,SKU-1022,WH-03,25,25,11.23,0.05
700579,2,02/05/2025,07/05/2025,06/05/2025,CUST-115,SKU-1016,WH-03,50,50,19.18,0
700580,1,02/05/2025,04/05/2025,03/05/2025,CUST-160,SKU-1016,WH-02,20,20,19.18,0.05
700581,1,02/05/2025,06/05/2025,06/05/2025,CUST-138,SKU-1012,WH-04,50,50,54.11,0
700581,2,02/05/2025,06/05/2025,06/05/2025,CUST-138,SKU-1015,WH-04,25,25,27.45,0
700582,1,05/05/2025,09/05/2025,08/05/2025,CUST-139,SKU-1002,WH-01,25,25,54.08,0.125
700582,2,05/05/2025,09/05/2025,08/05/2025,CUST-139,SKU-1013,WH-01,50,50,75.26,0.1
700582,3,05/05/2025,09/05/2025,08/05/2025,CUST-139,SKU-1012,WH-01,75,75,54.11,0
700583,1,05/05/2025,12/05/2025,11/05/2025,CUST-101,SKU-1008,WH-01,75,75,12.26,0.05
700584,1,05/05/2025,12/05/2025,17/05/2025,CUST-101,SKU-1016,WH-02,50,50,19.18,0
700585,1,05/05/2025,08/05/2025,08/05/2025,CUST-114,SKU-1015,WH-03,150,150,27.45,0.05
700586,1,06/05/2025,13/05/2025,13/05/2025,CUST-115,SKU-1003,WH-01,20,20,52.5,0
700587,1,06/05/2025,08/05/2025,07/05/2025,CUST-101,SKU-1019,WH-02,75,75,68.25,0
700587,2,06/05/2025,08/05/2025,07/05/2025,CUST-101,SKU-1004,WH-02,150,150,44.52,0.05
700588,1,06/05/2025,09/05/2025,14/05/2025,CUST-144,SKU-1014,WH-01,25,22,100.88,0.1
700589,1,06/05/2025,11/05/2025,13/05/2025,CUST-101,SKU-1001,WH-01,150,150,59.63,0
700590,1,07/05/2025,10/05/2025,10/05/2025,CUST-122,SKU-1013,WH-04,100,100,75.26,0.05
700591,1,07/05/2025,14/05/2025,13/05/2025,CUST-149,SKU-1021,WH-02,200,200,50.68,0.1
700591,2,07/05/2025,14/05/2025,13/05/2025,CUST-149,SKU-1024,WH-02,50,50,68.06,0.05
700592,1,07/05/2025,10/05/2025,11/05/2025,CUST-133,SKU-1021,WH-04,25,25,50.68,0.125
700592,2,07/05/2025,10/05/2025,11/05/2025,CUST-133,SKU-1003,WH-04,10,10,52.5,0
700592,3,07/05/2025,10/05/2025,11/05/2025,CUST-133,SKU-1019,WH-04,10,10,68.25,0.05
700593,1,07/05/2025,10/05/2025,10/05/2025,CUST-127,SKU-1024,WH-02,100,100,68.06,0
700593,2,07/05/2025,10/05/2025,10/05/2025,CUST-127,SKU-1015,WH-02,10,10,27.45,0
700593,3,07/05/2025,10/05/2025,10/05/2025,CUST-127,SKU-1014,WH-02,10,8,100.88,0.05
700594,1,07/05/2025,10/05/2025,12/05/2025,CUST-149,SKU-1022,WH-04,10,10,11.23,0
700595,1,07/05/2025,12/05/2025,12/05/2025,CUST-158,SKU-1007,WH-01,10,10,66.6,0.125
700595,2,07/05/2025,12/05/2025,12/05/2025,CUST-158,SKU-1001,WH-01,50,50,59.63,0
700596,1,07/05/2025,10/05/2025,09/05/2025,CUST-101,SKU-1016,WH-04,200,200,19.18,0.125
700596,2,07/05/2025,10/05/2025,09/05/2025,CUST-101,SKU-1016,WH-04,75,75,19.18,0
700596,3,07/05/2025,10/05/2025,09/05/2025,CUST-101,SKU-1019,WH-04,75,75,68.25,0.1
700597,1,07/05/2025,14/05/2025,16/05/2025,CUST-151,SKU-1024,WH-02,150,150,68.06,0.05
700597,2,07/05/2025,14/05/2025,16/05/2025,CUST-151,SKU-1024,WH-02,20,20,68.06,0.05
700597,3,07/05/2025,14/05/2025,16/05/2025,CUST-151,SKU-1015,WH-02,20,20,27.45,0
700598,1,07/05/2025,12/05/2025,11/05/2025,CUST-136,SKU-1018,WH-03,25,10,66.93,0.05
700598,2,07/05/2025,12/05/2025,11/05/2025,CUST-136,SKU-1014,WH-03,75,75,100.88,0
700599,1,08/05/2025,11/05/2025,10/05/2025,CUST-107,SKU-1009,WH-04,100,100,32.15,0
700599,2,08/05/2025,11/05/2025,10/05/2025,CUST-107,SKU-1003,WH-04,100,100,52.5,0.05
700599,3,08/05/2025,11/05/2025,10/05/2025,CUST-107,SKU-1011,WH-04,50,50,39.0,0.125
700599,4,08/05/2025,11/05/2025,10/05/2025,CUST-107,SKU-1021,WH-04,200,120,50.68,0
700600,1,08/05/2025,11/05/2025,10/05/2025,CUST-103,SKU-1002,WH-04,75,75,54.08,0
700600,2,08/05/2025,11/05/2025,10/05/2025,CUST-103,SKU-1013,WH-04,25,25,75.26,0.1
700601,1,08/05/2025,13/05/2025,12/05/2025,CUST-121,SKU-1014,WH-04,20,20,100.88,0.05
700601,2,08/05/2025,13/05/2025,12/05/2025,CUST-121,SKU-1008,WH-04,200,200,12.26,0
700602,1,08/05/2025,11/05/2025,13/05/2025,CUST-109,SKU-1019,WH-04,75,75,68.25,0.05
700602,2,08/05/2025,11/05/2025,13/05/2025,CUST-109,SKU-1012,WH-04,20,20,54.11,0
700602,3,08/05/2025,11/05/2025,13/05/2025,CUST-109,SKU-1023,WH-04,20,20,19.51,0.1
700602,4,08/05/2025,11/05/2025,13/05/2025,CUST-109,SKU-1017,WH-04,10,10,44.62,0
700603,1,08/05/2025,13/05/2025,18/05/2025,CUST-101,SKU-1006,WH-02,10,10,54.97,0.05
700603,2,08/05/2025,13/05/2025,18/05/2025,CUST-101,SKU-1002,WH-02,75,75,54.08,0.05
700603,3,08/05/2025,13/05/2025,18/05/2025,CUST-101,SKU-1010,WH-02,20,20,75.49,0.1
700604,1,08/05/2025,13/05/2025,12/05/2025,CUST-123,SKU-1013,WH-03,150,150,75.26,0.05
700604,2,08/05/2025,13/05/2025,12/05/2025,CUST-123,SKU-1007,WH-03,75,67,66.6,0
700604,3,08/05/2025,13/05/2025,12/05/2025,CUST-123,SKU-1021,WH-03,20,20,50.68,0
700605,1,08/05/2025,15/05/2025,14/05/2025,CUST-106,SKU-1013,WH-04,150,150,75.26,0.05
700605,2,08/05/2025,15/05/2025,14/05/2025,CUST-106,SKU-1007,WH-04,25,10,66.6,0.1
700605,3,08/05/2025,15/05/2025,14/05/2025,CUST-106,SKU-1012,WH-04,10,10,54.11,0
700606,1,08/05/2025,11/05/2025,10/05/2025,CUST-138,SKU-1020,WH-02,150,150,72.1,0
700607,1,09/05/2025,14/05/2025,14/05/2025,CUST-153,SKU-1021,WH-02,100,100,50.68,0
700607,2,09/05/2025,14/05/2025,14/05/2025,CUST-153,SKU-1012,WH-02,150,150,54.11,0
700607,3,09/05/2025,14/05/2025,14/05/2025,CUST-153,SKU-1003,WH-02,50,50,52.5,0.1
700608,1,09/05/2025,12/05/2025,17/05/2025,CUST-145,SKU-1018,WH-04,50,50,66.93,0
700608,2,09/05/2025,12/05/2025,17/05/2025,CUST-145,SKU-1022,WH-04,150,150,11.23,0
700608,3,09/05/2025,12/05/2025,17/05/2025,CUST-145,SKU-1023,WH-04,200,200,19.51,0
700609,1,09/05/2025,14/05/2025,13/05/2025,CUST-160,SKU-1009,WH-03,200,200,32.15,0
700609,2,09/05/2025,14/05/2025,13/05/2025,CUST-160,SKU-1009,WH-03,20,20,32.15,0.1
700609,3,09/05/2025,14/05/2025,13/05/2025,CUST-160,SKU-1012,WH-03,25,25,54.11,0
700610,1,09/05/2025,13/05/2025,12/05/2025,CUST-124,SKU-1011,WH-04,25,25,39.0,0
700610,2,09/05/2025,13/05/2025,12/05/2025,CUST-124,SKU-1011,WH-04,200,200,39.0,0.05
700610,3,09/05/2025,13/05/2025,12/05/2025,CUST-124,SKU-1023,WH-04,75,75,19.51,0.1
700611,1,09/05/2025,16/05/2025,15/05/2025,CUST-128,SKU-1011,WH-03,100,100,39.0,0
700611,2,09/05/2025,16/05/2025,15/05/2025,CUST-128,SKU-1014,WH-03,75,75,100.88,0.125
700612,1,09/05/2025,12/05/2025,11/05/2025,CUST-107,SKU-1004,WH-01,200,200,44.52,0
700612,2,09/05/2025,12/05/2025,11/05/2025,CUST-107,SKU-1016,WH-01,200,200,19.18,0
700612,3,09/05/2025,12/05/2025,11/05/2025,CUST-107,SKU-1018,WH-01,10,10,66.93,0.05
700612,4,09/05/2025,12/05/2025,11/05/2025,CUST-107,SKU-1006,WH-01,50,50,54.97,0.05
700613,1,09/05/2025,12/05/2025,13/05/2025,CUST-107,SKU-1022,WH-04,100,100,11.23,0
700614,1,09/05/2025,13/05/2025,12/05/2025,CUST-155,SKU-1013,WH-01,10,10,75.26,0.125
700614,2,09/05/2025,13/05/2025,12/05/2025,CUST-155,SKU-1021,WH-01,200,200,50.68,0.125
700615,1,12/05/2025,19/05/2025,21/05/2025,CUST-155,SKU-1001,WH-01,75,75,59.63,0
700615,2,12/05/2025,19/05/2025,21/05/2025,CUST-155,SKU-1001,WH-01,10,10,59.63,0.125
700615,3,12/05/2025,19/05/2025,21/05/2025,CUST-155,SKU-1014,WH-01,150,150,100.88,0
700616,1,12/05/2025,15/05/2025,14/05/2025,CUST-102,SKU-1019,WH-02,75,75,68.25,0.05
700617,1,12/05/2025,17/05/2025,16/05/2025,CUST-126,SKU-1006,WH-02,20,20,54.97,0
700617,2,12/05/2025,17/05/2025,16/05/2025,CUST-126,SKU-1006,WH-02,25,20,54.97,0.125
700617,3,12/05/2025,17/05/2025,16/05/2025,CUST-126,SKU-1020,WH-02,50,30,72.1,0
700617,4,12/05/2025,17/05/2025,16/05/2025,CUST-126,SKU-1020,WH-02,20,20,72.1,0
700618,1,12/05/2025,19/05/2025,20/05/2025,CUST-152,SKU-1012,WH-04,150,150,54.11,0
700618,2,12/05/2025,19/05/2025,20/05/2025,CUST-152,SKU-1013,WH-04,50,50,75.26,0
700618,3,12/05/2025,19/05/2025,20/05/2025,CUST-152,SKU-1023,WH-04,50,50,19.51,0.1
700619,1,12/05/2025,17/05/2025,17/05/2025,CUST-124,SKU-1011,WH-02,200,200,39.0,0.1
700620,1,12/05/2025,15/05/2025,17/05/2025,CUST-140,SKU-1023,WH-01,100,100,19.51,0.05
700620,2,12/05/2025,15/05/2025,17/05/2025,CUST-140,SKU-1013,WH-01,50,50,75.26,0.1
700621,1,13/05/2025,17/05/2025,17/05/2025,CUST-102,SKU-1014,WH-04,75,75,100.88,0
700621,2,13/05/2025,17/05/2025,17/05/2025,CUST-102,SKU-1007,WH-04,200,200,66.6,0
700621,3,13/05/2025,17/05/2025,17/05/2025,CUST-102,SKU-1003,WH-04,25,25,52.5,0.05
700621,4,13/05/2025,17/05/2025,17/05/2025,CUST-102,SKU-1024,WH-04,20,20,68.06,0.1
700622,1,13/05/2025,17/05/2025,16/05/2025,CUST-110,SKU-1003,WH-01,150,150,52.5,0
700622,2,13/05/2025,17/05/2025,16/05/2025,CUST-110,SKU-1004,WH-01,50,50,44.52,0
700623,1,13/05/2025,16/05/2025,16/05/2025,CUST-136,SKU-1009,WH-01,150,135,32.15,0.1
700623,2,13/05/2025,16/05/2025,16/05/2025,CUST-136,SKU-1012,WH-01,100,100,54.11,0.125
700623,3,13/05/2025,16/05/2025,16/05/2025,CUST-136,SKU-1004,WH-01,100,100,44.52,0
700624,1,13/05/2025,16/05/2025,21/05/2025,CUST-104,SKU-1021,WH-03,50,50,50.68,0.1
700625,1,13/05/2025,16/05/2025,15/05/2025,CUST-106,SKU-1009,WH-03,10,10,32.15,0
700625,2,13/05/2025,16/05/2025,15/05/2025,CUST-106,SKU-1005,WH-03,20,20,77.98,0.125
700625,3,13/05/2025,16/05/2025,15/05/2025,CUST-106,SKU-1015,WH-03,100,100,27.45,0
700625,4,13/05/2025,16/05/2025,15/05/2025,CUST-106,SKU-1011,WH-03,10,10,39.0,0.125
700626,1,13/05/2025,20/05/2025,20/05/2025,CUST-129,SKU-1009,WH-03,20,20,32.15,0.1
700626,2,13/05/2025,20/05/2025,20/05/2025,CUST-129,SKU-1003,WH-03,10,10,52.5,0.125
700627,1,13/05/2025,20/05/2025,25/05/2025,CUST-140,SKU-1014,WH-02,25,25,100.88,0.125
700627,2,13/05/2025,20/05/2025,25/05/2025,CUST-140,SKU-1021,WH-02,25,25,50.68,0
700627,3,13/05/2025,20/05/2025,25/05/2025,CUST-140,SKU-1017,WH-02,20,20,44.62,0
700627,4,13/05/2025,20/05/2025,25/05/2025,CUST-140,SKU-1008,WH-02,150,150,12.26,0.05
700628,1,13/05/2025,20/05/2025,20/05/2025,CUST-138,SKU-1006,WH-01,50,50,54.97,0.05
700628,2,13/05/2025,20/05/2025,20/05/2025,CUST-138,SKU-1023,WH-01,20,20,19.51,0.1
700628,3,13/05/2025,20/05/2025,20/05/2025,CUST-138,SKU-1017,WH-01,100,100,44.62,0
700629,1,13/05/2025,16/05/2025,15/05/2025,CUST-148,SKU-1023,WH-01,75,75,19.51,0.125
700629,2,13/05/2025,16/05/2025,15/05/2025,CUST-148,SKU-1016,WH-01,10,10,19.18,0.1
700629,3,13/05/2025,16/05/2025,15/05/2025,CUST-148,SKU-1020,WH-01,200,200,72.1,0
700629,4,13/05/2025,16/05/2025,15/05/2025,CUST-148,SKU-1011,WH-01,200,200,39.0,0
700630,1,14/05/2025,16/05/2025,16/05/2025,CUST-125,SKU-1020,WH-01,20,8,72.1,0.05
700631,1,14/05/2025,16/05/2025,16/05/2025,CUST-157,SKU-1002,WH-03,25,25,54.08,0.1
700631,2,14/05/2025,16/05/2025,16/05/2025,CUST-157,SKU-1023,WH-03,100,100,19.51,0
700631,3,14/05/2025,16/05/2025,16/05/2025,CUST-157,SKU-1007,WH-03,20,20,66.6,0.05
700632,1,14/05/2025,19/05/2025,18/05/2025,CUST-141,SKU-1002,WH-01,20,20,54.08,0
700632,2,14/05/2025,19/05/2025,18/05/2025,CUST-141,SKU-1018,WH-01,25,25,66.93,0
700633,1,14/05/2025,17/05/2025,19/05/2025,CUST-119,SKU-1013,WH-01,25,25,75.26,0.125
700633,2,14/05/2025,17/05/2025,19/05/2025,CUST-119,SKU-1013,WH-01,50,50,75.26,0.125
700633,3,14/05/2025,17/05/2025,19/05/2025,CUST-119,SKU-1005,WH-01,100,100,77.98,0.1
700634,1,15/05/2025,19/05/2025,18/05/2025,CUST-113,SKU-1020,WH-02,50,50,72.1,0.1
700634,2,15/05/2025,19/05/2025,18/05/2025,CUST-113,SKU-1009,WH-02,200,200,32.15,0.1
700635,1,15/05/2025,17/05/2025,16/05/2025,CUST-130,SKU-1014,WH-03,50,50,100.88,0.125
700635,2,15/05/2025,17/05/2025,16/05/2025,CUST-130,SKU-1005,WH-03,50,50,77.98,0
700635,3,15/05/2025,17/05/2025,16/05/2025,CUST-130,SKU-1024,WH-03,25,25,68.06,0.05
700636,1,15/05/2025,19/05/2025,18/05/2025,CUST-159,SKU-1015,WH-03,10,10,27.45,0
700636,2,15/05/2025,19/05/2025,18/05/2025,CUST-159,SKU-1011,WH-03,100,100,39.0,0
700637,1,15/05/2025,22/05/2025,21/05/2025,CUST-151,SKU-1024,WH-01,75,75,68.06,0.05
700637,2,15/05/2025,22/05/2025,21/05/2025,CUST-151,SKU-1016,WH-01,25,25,19.18,0.125
700638,1,15/05/2025,18/05/2025,17/05/2025,CUST-156,SKU-1019,WH-02,75,75,68.25,0
700639,1,15/05/2025,17/05/2025,18/05/2025,CUST-152,SKU-1001,WH-03,75,67,59.63,0.125
700639,2,15/05/2025,17/05/2025,18/05/2025,CUST-152,SKU-1021,WH-03,75,75,50.68,0.1
700639,3,15/05/2025,17/05/2025,18/05/2025,CUST-152,SKU-1024,WH-03,75,75,68.06,0
700639,4,15/05/2025,17/05/2025,18/05/2025,CUST-152,SKU-1017,WH-03,150,150,44.62,0
700640,1,15/05/2025,20/05/2025,20/05/2025,CUST-151,SKU-1001,WH-04,75,60,59.63,0
700641,1,15/05/2025,18/05/2025,23/05/2025,CUST-121,SKU-1006,WH-01,150,150,54.97,0.1
700641,2,15/05/2025,18/05/2025,23/05/2025,CUST-121,SKU-1007,WH-01,10,10,66.6,0.05
700641,3,15/05/2025,18/05/2025,23/05/2025,CUST-121,SKU-1009,WH-01,150,150,32.15,0.1
700642,1,15/05/2025,20/05/2025,19/05/2025,CUST-137,SKU-1020,WH-01,50,50,72.1,0
700642,2,15/05/2025,20/05/2025,19/05/2025,CUST-137,SKU-1010,WH-01,75,75,75.49,0.05
700642,3,15/05/2025,20/05/2025,19/05/2025,CUST-137,SKU-1006,WH-01,75,75,54.97,0
700643,1,16/05/2025,23/05/2025,22/05/2025,CUST-136,SKU-1023,WH-03,10,10,19.51,0.125
700643,2,16/05/2025,23/05/2025,22/05/2025,CUST-136,SKU-1006,WH-03,75,75,54.97,0.05
700643,3,16/05/2025,23/05/2025,22/05/2025,CUST-136,SKU-1012,WH-03,20,20,54.11,0
700644,1,16/05/2025,21/05/2025,21/05/2025,CUST-123,SKU-1007,WH-03,100,100,66.6,0.125
700644,2,16/05/2025,21/05/2025,21/05/2025,CUST-123,SKU-1018,WH-03,50,50,66.93,0
700645,1,16/05/2025,21/05/2025,23/05/2025,CUST-152,SKU-1012,WH-03,100,100,54.11,0.1
700645,2,16/05/2025,21/05/2025,23/05/2025,CUST-152,SKU-1012,WH-03,200,200,54.11,0.1
700645,3,16/05/2025,21/05/2025,23/05/2025,CUST-152,SKU-1016,WH-03,25,25,19.18,0.05
700646,1,16/05/2025,19/05/2025,18/05/2025,CUST-112,SKU-1024,WH-03,25,25,68.06,0.1
700646,2,16/05/2025,19/05/2025,18/05/2025,CUST-112,SKU-1023,WH-03,20,20,19.51,0.125
700646,3,16/05/2025,19/05/2025,18/05/2025,CUST-112,SKU-1002,WH-03,75,30,54.08,0
700646,4,16/05/2025,19/05/2025,18/05/2025,CUST-112,SKU-1003,WH-03,200,200,52.5,0
700647,1,19/05/2025,22/05/2025,21/05/2025,CUST-138,SKU-1019,WH-02,25,25,68.25,0.1
700647,2,19/05/2025,22/05/2025,21/05/2025,CUST-138,SKU-1023,WH-02,100,100,19.51,0
700647,3,19/05/2025,22/05/2025,21/05/2025,CUST-138,SKU-1009,WH-02,75,75,32.15,0
700647,4,19/05/2025,22/05/2025,21/05/2025,CUST-138,SKU-1011,WH-02,25,25,39.0,0
700648,1,19/05/2025,21/05/2025,22/05/2025,CUST-123,SKU-1002,WH-04,100,90,54.08,0
700648,2,19/05/2025,21/05/2025,22/05/2025,CUST-123,SKU-1002,WH-04,100,60,54.08,0
700648,3,19/05/2025,21/05/2025,22/05/2025,CUST-123,SKU-1017,WH-04,75,75,44.62,0.05
700649,1,19/05/2025,22/05/2025,24/05/2025,CUST-158,SKU-1010,WH-01,100,100,75.49,0
700649,2,19/05/2025,22/05/2025,24/05/2025,CUST-158,SKU-1003,WH-01,150,150,52.5,0.05
700649,3,19/05/2025,22/05/2025,24/05/2025,CUST-158,SKU-1017,WH-01,100,100,44.62,0
700650,1,19/05/2025,23/05/2025,22/05/2025,CUST-155,SKU-1013,WH-02,25,25,75.26,0.1
700650,2,19/05/2025,23/05/2025,22/05/2025,CUST-155,SKU-1004,WH-02,50,45,44.52,0.1
700650,3,19/05/2025,23/05/2025,22/05/2025,CUST-155,SKU-1005,WH-02,150,60,77.98,0
700650,4,19/05/2025,23/05/2025,22/05/2025,CUST-155,SKU-1004,WH-02,10,10,44.52,0.125
700651,1,19/05/2025,21/05/2025,20/05/2025,CUST-130,SKU-1023,WH-02,50,50,19.51,0
700651,2,19/05/2025,21/05/2025,20/05/2025,CUST-130,SKU-1021,WH-02,50,50,50.68,0
700651,3,19/05/2025,21/05/2025,20/05/2025,CUST-130,SKU-1009,WH-02,100,100,32.15,0.1
700652,1,20/05/2025,22/05/2025,22/05/2025,CUST-149,SKU-1023,WH-04,20,20,19.51,0
700652,2,20/05/2025,22/05/2025,22/05/2025,CUST-149,SKU-1008,WH-04,75,75,12.26,0.05
700652,3,20/05/2025,22/05/2025,22/05/2025,CUST-149,SKU-1008,WH-04,50,50,12.26,0.125
700652,4,20/05/2025,22/05/2025,22/05/2025,CUST-149,SKU-1018,WH-04,100,100,66.93,0
700653,1,20/05/2025,23/05/2025,23/05/2025,CUST-131,SKU-1014,WH-03,150,150,100.88,0
700653,2,20/05/2025,23/05/2025,23/05/2025,CUST-131,SKU-1019,WH-03,10,10,68.25,0.05
700653,3,20/05/2025,23/05/2025,23/05/2025,CUST-131,SKU-1016,WH-03,200,200,19.18,0
700653,4,20/05/2025,23/05/2025,23/05/2025,CUST-131,SKU-1016,WH-03,75,75,19.18,0
700654,1,20/05/2025,22/05/2025,24/05/2025,CUST-116,SKU-1011,WH-04,150,150,39.0,0.125
700654,2,20/05/2025,22/05/2025,24/05/2025,CUST-116,SKU-1020,WH-04,150,135,72.1,0
700654,3,20/05/2025,22/05/2025,24/05/2025,CUST-116,SKU-1004,WH-04,10,10,44.52,0.125
700654,4,20/05/2025,22/05/2025,24/05/2025,CUST-116,SKU-1007,WH-04,10,10,66.6,0
700655,1,20/05/2025,25/05/2025,24/05/2025,CUST-143,SKU-1002,WH-02,75,67,54.08,0
700655,2,20/05/2025,25/05/2025,24/05/2025,CUST-143,SKU-1010,WH-02,10,10,75.49,0
700656,1,20/05/2025,23/05/2025,22/05/2025,CUST-137,SKU-1006,WH-04,200,200,54.97,0.05
700656,2,20/05/2025,23/05/2025,22/05/2025,CUST-137,SKU-1013,WH-04,20,20,75.26,0
700657,1,21/05/2025,26/05/2025,26/05/2025,CUST-124,SKU-1003,WH-03,150,150,52.5,0.05
700657,2,21/05/2025,26/05/2025,26/05/2025,CUST-124,SKU-1005,WH-03,20,20,77.98,0
700658,1,21/05/2025,24/05/2025,25/05/2025,CUST-121,SKU-1016,WH-03,20,20,19.18,0.1
700658,2,21/05/2025,24/05/2025,25/05/2025,CUST-121,SKU-1013,WH-03,50,50,75.26,0.1
700658,3,21/05/2025,24/05/2025,25/05/2025,CUST-121,SKU-1012,WH-03,10,10,54.11,0.05
700658,4,21/05/2025,24/05/2025,25/05/2025,CUST-121,SKU-1016,WH-03,50,30,19.18,0
700659,1,21/05/2025,23/05/2025,22/05/2025,CUST-108,SKU-1006,WH-02,20,20,54.97,0
700659,2,21/05/2025,23/05/2025,22/05/2025,CUST-108,SKU-1021,WH-02,75,75,50.68,0.05
700659,3,21/05/2025,23/05/2025,22/05/2025,CUST-108,SKU-1016,WH-02,200,200,19.18,0.125
700659,4,21/05/2025,23/05/2025,22/05/2025,CUST-108,SKU-1011,WH-02,200,200,39.0,0
700660,1,21/05/2025,25/05/2025,25/05/2025,CUST-149,SKU-1022,WH-03,25,25,11.23,0.1
700660,2,21/05/2025,25/05/2025,25/05/2025,CUST-149,SKU-1012,WH-03,200,200,54.11,0
700660,3,21/05/2025,25/05/2025,25/05/2025,CUST-149,SKU-1013,WH-03,100,100,75.26,0.1
700660,4,21/05/2025,25/05/2025,25/05/2025,CUST-149,SKU-1017,WH-03,10,10,44.62,0
700661,1,22/05/2025,29/05/2025,29/05/2025,CUST-116,SKU-1018,WH-01,25,25,66.93,0.125
700662,1,22/05/2025,25/05/2025,24/05/2025,CUST-156,SKU-1004,WH-04,75,75,44.52,0
700662,2,22/05/2025,25/05/2025,24/05/2025,CUST-156,SKU-1012,WH-04,10,4,54.11,0
700662,3,22/05/2025,25/05/2025,24/05/2025,CUST-156,SKU-1001,WH-04,20,20,59.63,0.1
700663,1,22/05/2025,25/05/2025,24/05/2025,CUST-105,SKU-1002,WH-04,75,75,54.08,0
700664,1,22/05/2025,25/05/2025,27/05/2025,CUST-124,SKU-1014,WH-02,75,75,100.88,0.1
700664,2,22/05/2025,25/05/2025,27/05/2025,CUST-124,SKU-1006,WH-02,75,75,54.97,0.125
700665,1,22/05/2025,24/05/2025,23/05/2025,CUST-147,SKU-1002,WH-03,100,100,54.08,0.05
700665,2,22/05/2025,24/05/2025,23/05/2025,CUST-147,SKU-1005,WH-03,200,200,77.98,0
700666,1,22/05/2025,25/05/2025,24/05/2025,CUST-108,SKU-1024,WH-03,20,20,68.06,0
700667,1,23/05/2025,26/05/2025,28/05/2025,CUST-144,SKU-1016,WH-03,25,25,19.18,0
700668,1,23/05/2025,28/05/2025,29/05/2025,CUST-101,SKU-1023,WH-04,100,100,19.51,0.1
700668,2,23/05/2025,28/05/2025,29/05/2025,CUST-101,SKU-1012,WH-04,150,150,54.11,0
700669,1,23/05/2025,27/05/2025,26/05/2025,CUST-110,SKU-1001,WH-01,50,50,59.63,0.1
700669,2,23/05/2025,27/05/2025,26/05/2025,CUST-110,SKU-1009,WH-01,10,10,32.15,0
700669,3,23/05/2025,27/05/2025,26/05/2025,CUST-110,SKU-1023,WH-01,150,150,19.51,0
700670,1,23/05/2025,26/05/2025,28/05/2025,CUST-153,SKU-1011,WH-03,50,50,39.0,0.05
700670,2,23/05/2025,26/05/2025,28/05/2025,CUST-153,SKU-1021,WH-03,10,10,50.68,0.125
700670,3,23/05/2025,26/05/2025,28/05/2025,CUST-153,SKU-1004,WH-03,75,75,44.52,0
700671,1,26/05/2025,29/05/2025,28/05/2025,CUST-150,SKU-1015,WH-02,50,50,27.45,0
700671,2,26/05/2025,29/05/2025,28/05/2025,CUST-150,SKU-1010,WH-02,200,200,75.49,0.1
700672,1,26/05/2025,28/05/2025,02/06/2025,CUST-159,SKU-1020,WH-03,200,200,72.1,0
700673,1,26/05/2025,29/05/2025,29/05/2025,CUST-133,SKU-1019,WH-03,75,75,68.25,0.1
700673,2,26/05/2025,29/05/2025,29/05/2025,CUST-133,SKU-1001,WH-03,25,25,59.63,0
700674,1,26/05/2025,29/05/2025,29/05/2025,CUST-102,SKU-1003,WH-02,20,20,52.5,0
700674,2,26/05/2025,29/05/2025,29/05/2025,CUST-102,SKU-1016,WH-02,10,10,19.18,0.125
700675,1,26/05/2025,29/05/2025,28/05/2025,CUST-114,SKU-1016,WH-02,100,100,19.18,0.05
700675,2,26/05/2025,29/05/2025,28/05/2025,CUST-114,SKU-1016,WH-02,50,50,19.18,0
700675,3,26/05/2025,29/05/2025,28/05/2025,CUST-114,SKU-1022,WH-02,150,150,11.23,0
700675,4,26/05/2025,29/05/2025,28/05/2025,CUST-114,SKU-1014,WH-02,200,200,100.88,0
700676,1,26/05/2025,29/05/2025,28/05/2025,CUST-129,SKU-1009,WH-03,75,75,32.15,0
700676,2,26/05/2025,29/05/2025,28/05/2025,CUST-129,SKU-1016,WH-03,75,75,19.18,0
700676,3,26/05/2025,29/05/2025,28/05/2025,CUST-129,SKU-1007,WH-03,25,22,66.6,0.05
700677,1,26/05/2025,29/05/2025,30/05/2025,CUST-136,SKU-1023,WH-01,25,25,19.51,0
700677,2,26/05/2025,29/05/2025,30/05/2025,CUST-136,SKU-1021,WH-01,75,75,50.68,0
700677,3,26/05/2025,29/05/2025,30/05/2025,CUST-136,SKU-1020,WH-01,25,25,72.1,0
700677,4,26/05/2025,29/05/2025,30/05/2025,CUST-136,SKU-1004,WH-01,150,150,44.52,0.125
700678,1,26/05/2025,02/06/2025,01/06/2025,CUST-134,SKU-1022,WH-03,20,20,11.23,0.1
700679,1,27/05/2025,30/05/2025,29/05/2025,CUST-120,SKU-1022,WH-01,50,30,11.23,0
700680,1,27/05/2025,30/05/2025,31/05/2025,CUST-113,SKU-1019,WH-03,75,75,68.25,0
700680,2,27/05/2025,30/05/2025,31/05/2025,CUST-113,SKU-1016,WH-03,75,75,19.18,0
700680,3,27/05/2025,30/05/2025,31/05/2025,CUST-113,SKU-1009,WH-03,50,50,32.15,0.125
700680,4,27/05/2025,30/05/2025,31/05/2025,CUST-113,SKU-1019,WH-03,100,100,68.25,0.1
700681,1,27/05/2025,30/05/2025,30/05/2025,CUST-130,SKU-1022,WH-01,20,20,11.23,0.1
700681,2,27/05/2025,30/05/2025,30/05/2025,CUST-130,SKU-1012,WH-01,25,25,54.11,0.1
700682,1,27/05/2025,03/06/2025,04/06/2025,CUST-139,SKU-1015,WH-02,25,25,27.45,0.125
700683,1,27/05/2025,31/05/2025,30/05/2025,CUST-158,SKU-1008,WH-03,150,150,12.26,0.1
700683,2,27/05/2025,31/05/2025,30/05/2025,CUST-158,SKU-1017,WH-03,75,75,44.62,0
700683,3,27/05/2025,31/05/2025,30/05/2025,CUST-158,SKU-1007,WH-03,10,10,66.6,0
700684,1,27/05/2025,30/05/2025,29/05/2025,CUST-135,SKU-1014,WH-04,200,160,100.88,0
700684,2,27/05/2025,30/05/2025,29/05/2025,CUST-135,SKU-1005,WH-04,25,25,77.98,0
700684,3,27/05/2025,30/05/2025,29/05/2025,CUST-135,SKU-1013,WH-04,75,75,75.26,0
700685,1,27/05/2025,03/06/2025,04/06/2025,CUST-117,SKU-1008,WH-01,150,150,12.26,0
700686,1,28/05/2025,31/05/2025,30/05/2025,CUST-101,SKU-1021,WH-04,10,10,50.68,0.05
700687,1,28/05/2025,31/05/2025,30/05/2025,CUST-158,SKU-1019,WH-03,10,10,68.25,0
700687,2,28/05/2025,31/05/2025,30/05/2025,CUST-158,SKU-1005,WH-03,20,20,77.98,0.05
700688,1,28/05/2025,31/05/2025,01/06/2025,CUST-150,SKU-1002,WH-02,25,25,54.08,0
700688,2,28/05/2025,31/05/2025,01/06/2025,CUST-150,SKU-1003,WH-02,75,75,52.5,0
700688,3,28/05/2025,31/05/2025,01/06/2025,CUST-150,SKU-1014,WH-02,150,150,100.88,0.1
700688,4,28/05/2025,31/05/2025,01/06/2025,CUST-150,SKU-1014,WH-02,20,20,100.88,0.1
700689,1,28/05/2025,02/06/2025,07/06/2025,CUST-107,SKU-1011,WH-02,10,10,39.0,0.1
700689,2,28/05/2025,02/06/2025,07/06/2025,CUST-107,SKU-1002,WH-02,200,180,54.08,0.1
700690,1,28/05/2025,04/06/2025,03/06/2025,CUST-118,SKU-1002,WH-03,200,200,54.08,0
700691,1,28/05/2025,04/06/2025,06/06/2025,CUST-154,SKU-1006,WH-04,10,10,54.97,0.05
700691,2,28/05/2025,04/06/2025,06/06/2025,CUST-154,SKU-1022,WH-04,75,75,11.23,0.05
700692,1,29/05/2025,03/06/2025,02/06/2025,CUST-143,SKU-1003,WH-03,150,150,52.5,0
700692,2,29/05/2025,03/06/2025,02/06/2025,CUST-143,SKU-1004,WH-03,25,25,44.52,0.05
700693,1,29/05/2025,05/06/2025,04/06/2025,CUST-102,SKU-1009,WH-01,75,75,32.15,0
700693,2,29/05/2025,05/06/2025,04/06/2025,CUST-102,SKU-1009,WH-01,200,200,32.15,0
700693,3,29/05/2025,05/06/2025,04/06/2025,CUST-102,SKU-1014,WH-01,10,4,100.88,0.125
700693,4,29/05/2025,05/06/2025,04/06/2025,CUST-102,SKU-1010,WH-01,50,50,75.49,0
700694,1,29/05/2025,05/06/2025,04/06/2025,CUST-145,SKU-1009,WH-03,25,25,32.15,0
700695,1,29/05/2025,03/06/2025,02/06/2025,CUST-134,SKU-1007,WH-03,100,100,66.6,0
700695,2,29/05/2025,03/06/2025,02/06/2025,CUST-134,SKU-1012,WH-03,20,20,54.11,0.125
700695,3,29/05/2025,03/06/2025,02/06/2025,CUST-134,SKU-1012,WH-03,75,75,54.11,0
700696,1,29/05/2025,03/06/2025,04/06/2025,CUST-133,SKU-1011,WH-04,20,20,39.0,0.1
700696,2,29/05/2025,03/06/2025,04/06/2025,CUST-133,SKU-1019,WH-04,100,60,68.25,0
700696,3,29/05/2025,03/06/2025,04/06/2025,CUST-133,SKU-1018,WH-04,10,10,66.93,0.1
700696,4,29/05/2025,03/06/2025,04/06/2025,CUST-133,SKU-1022,WH-04,20,16,11.23,0.125
700697,1,30/05/2025,02/06/2025,04/06/2025,CUST-145,SKU-1014,WH-04,150,135,100.88,0.125
700698,1,30/05/2025,01/06/2025,31/05/2025,CUST-142,SKU-1012,WH-03,150,150,54.11,0.05
700699,1,30/05/2025,01/06/2025,31/05/2025,CUST-125,SKU-1024,WH-01,100,100,68.06,0
700699,2,30/05/2025,01/06/2025,31/05/2025,CUST-125,SKU-1004,WH-01,25,25,44.52,0.125
700700,1,30/05/2025,04/06/2025,06/06/2025,CUST-144,SKU-1016,WH-04,100,100,19.18,0
700700,2,30/05/2025,04/06/2025,06/06/2025,CUST-144,SKU-1016,WH-04,25,25,19.18,0
700700,3,30/05/2025,04/06/2025,06/06/2025,CUST-144,SKU-1008,WH-04,100,100,12.26,0.05
700701,1,30/05/2025,03/06/2025,03/06/2025,CUST-110,SKU-1005,WH-02,150,150,77.98,0
700701,2,30/05/2025,03/06/2025,03/06/2025,CUST-110,SKU-1018,WH-02,75,30,66.93,0
700701,3,30/05/2025,03/06/2025,03/06/2025,CUST-110,SKU-1024,WH-02,50,50,68.06,0.05
700702,1,30/05/2025,02/06/2025,04/06/2025,CUST-106,SKU-1021,WH-03,50,40,50.68,0.05
700702,2,30/05/2025,02/06/2025,04/06/2025,CUST-106,SKU-1020,WH-03,50,30,72.1,0
700702,3,30/05/2025,02/06/2025,04/06/2025,CUST-106,SKU-1020,WH-03,200,200,72.1,0
700703,1,30/05/2025,03/06/2025,03/06/2025,CUST-104,SKU-1003,WH-03,20,20,52.5,0.1
700703,2,30/05/2025,03/06/2025,03/06/2025,CUST-104,SKU-1004,WH-03,50,30,44.52,0
700704,1,02/06/2025,06/06/2025,11/06/2025,CUST-138,SKU-1016,WH-02,200,200,19.18,0
700704,2,02/06/2025,06/06/2025,11/06/2025,CUST-138,SKU-1006,WH-02,200,200,54.97,0.1
700704,3,02/06/2025,06/06/2025,11/06/2025,CUST-138,SKU-1022,WH-02,25,25,11.23,0
700704,4,02/06/2025,06/06/2025,11/06/2025,CUST-138,SKU-1002,WH-02,25,25,54.08,0.1
700705,1,02/06/2025,09/06/2025,10/06/2025,CUST-125,SKU-1002,WH-04,100,100,54.08,0.1
700705,2,02/06/2025,09/06/2025,10/06/2025,CUST-125,SKU-1018,WH-04,75,75,66.93,0.125
700705,3,02/06/2025,09/06/2025,10/06/2025,CUST-125,SKU-1001,WH-04,50,50,59.63,0.125
700705,4,02/06/2025,09/06/2025,10/06/2025,CUST-125,SKU-1022,WH-04,10,10,11.23,0.05
700706,1,02/06/2025,04/06/2025,03/06/2025,CUST-128,SKU-1009,WH-02,50,50,32.15,0.125
700707,1,02/06/2025,06/06/2025,05/06/2025,CUST-111,SKU-1008,WH-02,200,200,12.26,0.125
700707,2,02/06/2025,06/06/2025,05/06/2025,CUST-111,SKU-1002,WH-02,25,22,54.08,0.05
700707,3,02/06/2025,06/06/2025,05/06/2025,CUST-111,SKU-1022,WH-02,10,6,11.23,0
700707,4,02/06/2025,06/06/2025,05/06/2025,CUST-111,SKU-1018,WH-02,100,100,66.93,0
700708,1,02/06/2025,05/06/2025,06/06/2025,CUST-108,SKU-1024,WH-01,10,8,68.06,0.1
700708,2,02/06/2025,05/06/2025,06/06/2025,CUST-108,SKU-1011,WH-01,10,10,39.0,0
700708,3,02/06/2025,05/06/2025,06/06/2025,CUST-108,SKU-1024,WH-01,150,150,68.06,0.1
700708,4,02/06/2025,05/06/2025,06/06/2025,CUST-108,SKU-1017,WH-01,150,150,44.62,0
700709,1,02/06/2025,07/06/2025,06/06/2025,CUST-160,SKU-1024,WH-02,100,100,68.06,0.05
700709,2,02/06/2025,07/06/2025,06/06/2025,CUST-160,SKU-1014,WH-02,25,25,100.88,0.1
700709,3,02/06/2025,07/06/2025,06/06/2025,CUST-160,SKU-1022,WH-02,50,50,11.23,0.05
700709,4,02/06/2025,07/06/2025,06/06/2025,CUST-160,SKU-1018,WH-02,150,150,66.93,0
700710,1,03/06/2025,06/06/2025,05/06/2025,CUST-130,SKU-1018,WH-03,20,12,66.93,0
700710,2,03/06/2025,06/06/2025,05/06/2025,CUST-130,SKU-1005,WH-03,25,25,77.98,0
700711,1,03/06/2025,06/06/2025,07/06/2025,CUST-106,SKU-1001,WH-02,50,50,59.63,0
700711,2,03/06/2025,06/06/2025,07/06/2025,CUST-106,SKU-1002,WH-02,50,50,54.08,0
700712,1,03/06/2025,10/06/2025,12/06/2025,CUST-110,SKU-1015,WH-01,10,10,27.45,0.05
700713,1,03/06/2025,10/06/2025,09/06/2025,CUST-130,SKU-1020,WH-01,200,200,72.1,0.05
700714,1,03/06/2025,08/06/2025,07/06/2025,CUST-145,SKU-1020,WH-04,25,25,72.1,0.05
700715,1,03/06/2025,06/06/2025,05/06/2025,CUST-154,SKU-1017,WH-04,150,150,44.62,0.125
700715,2,03/06/2025,06/06/2025,05/06/2025,CUST-154,SKU-1006,WH-04,20,20,54.97,0.1
700715,3,03/06/2025,06/06/2025,05/06/2025,CUST-154,SKU-1005,WH-04,20,20,77.98,0
700716,1,03/06/2025,06/06/2025,08/06/2025,CUST-112,SKU-1009,WH-02,10,10,32.15,0
700716,2,03/06/2025,06/06/2025,08/06/2025,CUST-112,SKU-1007,WH-02,150,150,66.6,0.125
700717,1,03/06/2025,08/06/2025,07/06/2025,CUST-134,SKU-1012,WH-02,25,25,54.11,0.05
700717,2,03/06/2025,08/06/2025,07/06/2025,CUST-134,SKU-1001,WH-02,25,25,59.63,0
700717,3,03/06/2025,08/06/2025,07/06/2025,CUST-134,SKU-1024,WH-02,50,45,68.06,0.05
700717,4,03/06/2025,08/06/2025,07/06/2025,CUST-134,SKU-1007,WH-02,100,100,66.6,0.05
700718,1,03/06/2025,07/06/2025,08/06/2025,CUST-144,SKU-1023,WH-02,50,40,19.51,0
700718,2,03/06/2025,07/06/2025,08/06/2025,CUST-144,SKU-1013,WH-02,200,200,75.26,0.05
700719,1,04/06/2025,09/06/2025,08/06/2025,CUST-138,SKU-1016,WH-03,200,200,19.18,0
700719,2,04/06/2025,09/06/2025,08/06/2025,CUST-138,SKU-1011,WH-03,25,25,39.0,0
700720,1,04/06/2025,07/06/2025,06/06/2025,CUST-128,SKU-1009,WH-04,25,25,32.15,0
700720,2,04/06/2025,07/06/2025,06/06/2025,CUST-128,SKU-1004,WH-04,10,10,44.52,0.125
700720,3,04/06/2025,07/06/2025,06/06/2025,CUST-128,SKU-1001,WH-04,10,6,59.63,0
700720,4,04/06/2025,07/06/2025,06/06/2025,CUST-128,SKU-1021,WH-04,10,10,50.68,0.1
700721,1,04/06/2025,09/06/2025,08/06/2025,CUST-116,SKU-1022,WH-03,50,45,11.23,0.1
700721,2,04/06/2025,09/06/2025,08/06/2025,CUST-116,SKU-1019,WH-03,100,100,68.25,0
700721,3,04/06/2025,09/06/2025,08/06/2025,CUST-116,SKU-1017,WH-03,150,150,44.62,0.1
700721,4,04/06/2025,09/06/2025,08/06/2025,CUST-116,SKU-1004,WH-03,10,10,44.52,0
700722,1,04/06/2025,06/06/2025,06/06/2025,CUST-151,SKU-1008,WH-02,50,50,12.26,0
700722,2,04/06/2025,06/06/2025,06/06/2025,CUST-151,SKU-1005,WH-02,50,50,77.98,0
700722,3,04/06/2025,06/06/2025,06/06/2025,CUST-151,SKU-1020,WH-02,10,10,72.1,0
700722,4,04/06/2025,06/06/2025,06/06/2025,CUST-151,SKU-1022,WH-02,50,45,11.23,0.125
700723,1,04/06/2025,06/06/2025,05/06/2025,CUST-144,SKU-1005,WH-03,200,200,77.98,0
700723,2,04/06/2025,06/06/2025,05/06/2025,CUST-144,SKU-1019,WH-03,200,120,68.25,0.125
700724,1,04/06/2025,08/06/2025,13/06/2025,CUST-119,SKU-1022,WH-04,200,200,11.23,0.05
700724,2,04/06/2025,08/06/2025,13/06/2025,CUST-119,SKU-1019,WH-04,75,45,68.25,0
700725,1,04/06/2025,07/06/2025,07/06/2025,CUST-137,SKU-1022,WH-04,100,100,11.23,0
700725,2,04/06/2025,07/06/2025,07/06/2025,CUST-137,SKU-1008,WH-04,75,45,12.26,0.125
700725,3,04/06/2025,07/06/2025,07/06/2025,CUST-137,SKU-1001,WH-04,200,200,59.63,0
700725,4,04/06/2025,07/06/2025,07/06/2025,CUST-137,SKU-1003,WH-04,200,200,52.5,0
700726,1,05/06/2025,08/06/2025,09/06/2025,CUST-111,SKU-1019,WH-03,25,15,68.25,0
700726,2,05/06/2025,08/06/2025,09/06/2025,CUST-111,SKU-1009,WH-03,20,20,32.15,0.05
700727,1,05/06/2025,07/06/2025,09/06/2025,CUST-160,SKU-1019,WH-02,25,25,68.25,0.125
700727,2,05/06/2025,07/06/2025,09/06/2025,CUST-160,SKU-1020,WH-02,50,50,72.1,0.125
700728,1,05/06/2025,12/06/2025,13/06/2025,CUST-108,SKU-1014,WH-04,100,100,100.88,0
700728,2,05/06/2025,12/06/2025,13/06/2025,CUST-108,SKU-1017,WH-04,75,75,44.62,0
700729,1,05/06/2025,08/06/2025,13/06/2025,CUST-152,SKU-1019,WH-01,200,200,68.25,0
700730,1,05/06/2025,12/06/2025,12/06/2025,CUST-151,SKU-1017,WH-02,150,150,44.62,0
700730,2,05/06/2025,12/06/2025,12/06/2025,CUST-151,SKU-1015,WH-02,200,200,27.45,0.1
700730,3,05/06/2025,12/06/2025,12/06/2025,CUST-151,SKU-1017,WH-02,150,150,44.62,0
700730,4,05/06/2025,12/06/2025,12/06/2025,CUST-151,SKU-1006,WH-02,25,25,54.97,0
700731,1,05/06/2025,12/06/2025,12/06/2025,CUST-153,SKU-1004,WH-03,20,20,44.52,0
700731,2,05/06/2025,12/06/2025,12/06/2025,CUST-153,SKU-1023,WH-03,25,25,19.51,0
700731,3,05/06/2025,12/06/2025,12/06/2025,CUST-153,SKU-1006,WH-03,150,150,54.97,0
700732,1,06/06/2025,09/06/2025,14/06/2025,CUST-129,SKU-1021,WH-03,25,10,50.68,0.1
700732,2,06/06/2025,09/06/2025,14/06/2025,CUST-129,SKU-1015,WH-03,200,200,27.45,0.1
700732,3,06/06/2025,09/06/2025,14/06/2025,CUST-129,SKU-1009,WH-03,100,100,32.15,0
700733,1,06/06/2025,10/06/2025,10/06/2025,CUST-134,SKU-1023,WH-04,25,25,19.51,0
700733,2,06/06/2025,10/06/2025,10/06/2025,CUST-134,SKU-1018,WH-04,75,75,66.93,0.1
700733,3,06/06/2025,10/06/2025,10/06/2025,CUST-134,SKU-1009,WH-04,200,200,32.15,0
700734,1,06/06/2025,11/06/2025,11/06/2025,CUST-116,SKU-1011,WH-04,150,150,39.0,0
700735,1,06/06/2025,09/06/2025,10/06/2025,CUST-148,SKU-1004,WH-02,150,150,44.52,0
700735,2,06/06/2025,09/06/2025,10/06/2025,CUST-148,SKU-1020,WH-02,150,150,72.1,0
700735,3,06/06/2025,09/06/2025,10/06/2025,CUST-148,SKU-1022,WH-02,100,100,11.23,0.1
700736,1,06/06/2025,10/06/2025,09/06/2025,CUST-153,SKU-1012,WH-01,25,25,54.11,0
700737,1,06/06/2025,13/06/2025,12/06/2025,CUST-145,SKU-1022,WH-03,20,16,11.23,0
700737,2,06/06/2025,13/06/2025,12/06/2025,CUST-145,SKU-1024,WH-03,75,30,68.06,0.125
700738,1,06/06/2025,09/06/2025,10/06/2025,CUST-106,SKU-1018,WH-01,150,60,66.93,0.05
700738,2,06/06/2025,09/06/2025,10/06/2025,CUST-106,SKU-1003,WH-01,200,200,52.5,0.125
700739,1,06/06/2025,10/06/2025,09/06/2025,CUST-102,SKU-1008,WH-01,100,100,12.26,0
700739,2,06/06/2025,10/06/2025,09/06/2025,CUST-102,SKU-1006,WH-01,75,75,54.97,0
700739,3,06/06/2025,10/06/2025,09/06/2025,CUST-102,SKU-1012,WH-01,50,30,54.11,0
700740,1,09/06/2025,14/06/2025,15/06/2025,CUST-131,SKU-1024,WH-02,200,200,68.06,0
700740,2,09/06/2025,14/06/2025,15/06/2025,CUST-131,SKU-1020,WH-02,100,100,72.1,0.1
700741,1,09/06/2025,16/06/2025,15/06/2025,CUST-124,SKU-1021,WH-01,10,10,50.68,0.1
700742,1,09/06/2025,16/06/2025,15/06/2025,CUST-111,SKU-1014,WH-01,150,120,100.88,0.05
700743,1,09/06/2025,11/06/2025,11/06/2025,CUST-137,SKU-1009,WH-01,100,100,32.15,0.125
700743,2,09/06/2025,11/06/2025,11/06/2025,CUST-137,SKU-1016,WH-01,25,15,19.18,0.05
700744,1,09/06/2025,16/06/2025,21/06/2025,CUST-155,SKU-1019,WH-01,150,60,68.25,0.125
700745,1,09/06/2025,13/06/2025,13/06/2025,CUST-134,SKU-1013,WH-03,200,200,75.26,0
700745,2,09/06/2025,13/06/2025,13/06/2025,CUST-134,SKU-1015,WH-03,75,75,27.45,0.05
700746,1,09/06/2025,11/06/2025,10/06/2025,CUST-130,SKU-1023,WH-02,200,200,19.51,0.1
700746,2,09/06/2025,11/06/2025,10/06/2025,CUST-130,SKU-1006,WH-02,50,50,54.97,0.05
700746,3,09/06/2025,11/06/2025,10/06/2025,CUST-130,SKU-1013,WH-02,25,25,75.26,0.1
700747,1,10/06/2025,13/06/2025,12/06/2025,CUST-135,SKU-1013,WH-01,25,25,75.26,0.1
700747,2,10/06/2025,13/06/2025,12/06/2025,CUST-135,SKU-1002,WH-01,150,60,54.08,0
700747,3,10/06/2025,13/06/2025,12/06/2025,CUST-135,SKU-1006,WH-01,25,25,54.97,0
700748,1,10/06/2025,13/06/2025,15/06/2025,CUST-122,SKU-1024,WH-04,200,200,68.06,0.05
700748,2,10/06/2025,13/06/2025,15/06/2025,CUST-122,SKU-1013,WH-04,75,75,75.26,0.125
700749,1,10/06/2025,12/06/2025,12/06/2025,CUST-122,SKU-1014,WH-02,75,75,100.88,0.05
700749,2,10/06/2025,12/06/2025,12/06/2025,CUST-122,SKU-1023,WH-02,10,10,19.51,0.125
700749,3,10/06/2025,12/06/2025,12/06/2025,CUST-122,SKU-1012,WH-02,200,200,54.11,0
700749,4,10/06/2025,12/06/2025,12/06/2025,CUST-122,SKU-1021,WH-02,150,150,50.68,0
700750,1,10/06/2025,14/06/2025,13/06/2025,CUST-128,SKU-1020,WH-04,10,10,72.1,0.05
700750,2,10/06/2025,14/06/2025,13/06/2025,CUST-128,SKU-1012,WH-04,10,10,54.11,0.1
700751,1,10/06/2025,13/06/2025,18/06/2025,CUST-111,SKU-1017,WH-02,75,75,44.62,0.125
700751,2,10/06/2025,13/06/2025,18/06/2025,CUST-111,SKU-1009,WH-02,150,150,32.15,0
700751,3,10/06/2025,13/06/2025,18/06/2025,CUST-111,SKU-1013,WH-02,150,90,75.26,0.05
700751,4,10/06/2025,13/06/2025,18/06/2025,CUST-111,SKU-1008,WH-02,200,200,12.26,0.05
700752,1,10/06/2025,12/06/2025,11/06/2025,CUST-109,SKU-1013,WH-01,25,25,75.26,0
700752,2,10/06/2025,12/06/2025,11/06/2025,CUST-109,SKU-1020,WH-01,150,150,72.1,0.1
700752,3,10/06/2025,12/06/2025,11/06/2025,CUST-109,SKU-1003,WH-01,150,150,52.5,0.125
700752,4,10/06/2025,12/06/2025,11/06/2025,CUST-109,SKU-1011,WH-01,10,10,39.0,0
700753,1,10/06/2025,12/06/2025,11/06/2025,CUST-130,SKU-1005,WH-02,75,75,77.98,0.05
700753,2,10/06/2025,12/06/2025,11/06/2025,CUST-130,SKU-1003,WH-02,10,10,52.5,0
700754,1,10/06/2025,17/06/2025,16/06/2025,CUST-102,SKU-1014,WH-03,25,25,100.88,0
700754,2,10/06/2025,17/06/2025,16/06/2025,CUST-102,SKU-1015,WH-03,10,10,27.45,0.1
700754,3,10/06/2025,17/06/2025,16/06/2025,CUST-102,SKU-1019,WH-03,75,75,68.25,0
700754,4,10/06/2025,17/06/2025,16/06/2025,CUST-102,SKU-1023,WH-03,20,20,19.51,0
700755,1,11/06/2025,15/06/2025,14/06/2025,CUST-125,SKU-1007,WH-03,20,20,66.6,0
700756,1,11/06/2025,18/06/2025,17/06/2025,CUST-104,SKU-1024,WH-02,150,150,68.06,0
700756,2,11/06/2025,18/06/2025,17/06/2025,CUST-104,SKU-1003,WH-02,20,20,52.5,0
700757,1,11/06/2025,14/06/2025,13/06/2025,CUST-152,SKU-1019,WH-01,20,20,68.25,0.05
700757,2,11/06/2025,14/06/2025,13/06/2025,CUST-152,SKU-1007,WH-01,25,25,66.6,0.1
700758,1,11/06/2025,15/06/2025,14/06/2025,CUST-141,SKU-1001,WH-01,20,20,59.63,0.1
700758,2,11/06/2025,15/06/2025,14/06/2025,CUST-141,SKU-1015,WH-01,10,10,27.45,0.05
700758,3,11/06/2025,15/06/2025,14/06/2025,CUST-141,SKU-1011,WH-01,20,20,39.0,0
700758,4,11/06/2025,15/06/2025,14/06/2025,CUST-141,SKU-1008,WH-01,150,60,12.26,0
700759,1,11/06/2025,14/06/2025,14/06/2025,CUST-150,SKU-1009,WH-04,150,150,32.15,0.05
700759,2,11/06/2025,14/06/2025,14/06/2025,CUST-150,SKU-1019,WH-04,20,20,68.25,0
700759,3,11/06/2025,14/06/2025,14/06/2025,CUST-150,SKU-1020,WH-04,10,10,72.1,0
700759,4,11/06/2025,14/06/2025,14/06/2025,CUST-150,SKU-1003,WH-04,25,25,52.5,0.125
700760,1,12/06/2025,15/06/2025,15/06/2025,CUST-128,SKU-1016,WH-03,150,150,19.18,0
700760,2,12/06/2025,15/06/2025,15/06/2025,CUST-128,SKU-1009,WH-03,100,100,32.15,0
700760,3,12/06/2025,15/06/2025,15/06/2025,CUST-128,SKU-1020,WH-03,25,25,72.1,0.1
700760,4,12/06/2025,15/06/2025,15/06/2025,CUST-128,SKU-1024,WH-03,10,10,68.06,0
700761,1,12/06/2025,19/06/2025,18/06/2025,CUST-139,SKU-1007,WH-02,150,150,66.6,0
700761,2,12/06/2025,19/06/2025,18/06/2025,CUST-139,SKU-1004,WH-02,200,200,44.52,0
700762,1,12/06/2025,15/06/2025,14/06/2025,CUST-156,SKU-1001,WH-04,200,200,59.63,0.1
700762,2,12/06/2025,15/06/2025,14/06/2025,CUST-156,SKU-1014,WH-04,20,20,100.88,0.05
700763,1,12/06/2025,16/06/2025,18/06/2025,CUST-143,SKU-1013,WH-02,75,75,75.26,0
700763,2,12/06/2025,16/06/2025,18/06/2025,CUST-143,SKU-1023,WH-02,150,150,19.51,0.1
700764,1,12/06/2025,15/06/2025,14/06/2025,CUST-159,SKU-1013,WH-02,100,100,75.26,0
700764,2,12/06/2025,15/06/2025,14/06/2025,CUST-159,SKU-1005,WH-02,25,25,77.98,0
700764,3,12/06/2025,15/06/2025,14/06/2025,CUST-159,SKU-1019,WH-02,150,150,68.25,0.1
700765,1,12/06/2025,19/06/2025,20/06/2025,CUST-159,SKU-1021,WH-03,100,100,50.68,0
700766,1,12/06/2025,17/06/2025,22/06/2025,CUST-148,SKU-1022,WH-02,100,100,11.23,0
700766,2,12/06/2025,17/06/2025,22/06/2025,CUST-148,SKU-1010,WH-02,100,100,75.49,0.05
700766,3,12/06/2025,17/06/2025,22/06/2025,CUST-148,SKU-1004,WH-02,100,100,44.52,0.05
700767,1,12/06/2025,17/06/2025,16/06/2025,CUST-135,SKU-1017,WH-04,25,25,44.62,0.1
700767,2,12/06/2025,17/06/2025,16/06/2025,CUST-135,SKU-1015,WH-04,50,50,27.45,0.1
700767,3,12/06/2025,17/06/2025,16/06/2025,CUST-135,SKU-1010,WH-04,200,200,75.49,0.125
700767,4,12/06/2025,17/06/2025,16/06/2025,CUST-135,SKU-1008,WH-04,200,200,12.26,0.125
700768,1,13/06/2025,20/06/2025,20/06/2025,CUST-154,SKU-1013,WH-02,200,200,75.26,0.05
700768,2,13/06/2025,20/06/2025,20/06/2025,CUST-154,SKU-1017,WH-02,10,10,44.62,0
700768,3,13/06/2025,20/06/2025,20/06/2025,CUST-154,SKU-1021,WH-02,75,45,50.68,0
700769,1,13/06/2025,16/06/2025,16/06/2025,CUST-115,SKU-1021,WH-04,25,25,50.68,0
700769,2,13/06/2025,16/06/2025,16/06/2025,CUST-115,SKU-1021,WH-04,100,40,50.68,0.125
700770,1,13/06/2025,16/06/2025,18/06/2025,CUST-133,SKU-1014,WH-04,20,20,100.88,0
700771,1,13/06/2025,18/06/2025,17/06/2025,CUST-149,SKU-1001,WH-03,25,25,59.63,0
700771,2,13/06/2025,18/06/2025,17/06/2025,CUST-149,SKU-1011,WH-03,20,20,39.0,0
700772,1,13/06/2025,16/06/2025,15/06/2025,CUST-120,SKU-1023,WH-02,50,50,19.51,0
700773,1,13/06/2025,16/06/2025,21/06/2025,CUST-118,SKU-1017,WH-01,25,25,44.62,0.125
700773,2,13/06/2025,16/06/2025,21/06/2025,CUST-118,SKU-1021,WH-01,75,75,50.68,0
700773,3,13/06/2025,16/06/2025,21/06/2025,CUST-118,SKU-1004,WH-01,150,150,44.52,0.1
700774,1,13/06/2025,17/06/2025,17/06/2025,CUST-125,SKU-1010,WH-02,75,75,75.49,0
700775,1,13/06/2025,15/06/2025,14/06/2025,CUST-142,SKU-1017,WH-02,100,100,44.62,0.1
700776,1,16/06/2025,19/06/2025,24/06/2025,CUST-112,SKU-1022,WH-01,20,20,11.23,0.05
700776,2,16/06/2025,19/06/2025,24/06/2025,CUST-112,SKU-1016,WH-01,50,50,19.18,0
700776,3,16/06/2025,19/06/2025,24/06/2025,CUST-112,SKU-1016,WH-01,20,20,19.18,0
700777,1,16/06/2025,18/06/2025,17/06/2025,CUST-141,SKU-1011,WH-02,10,10,39.0,0
700777,2,16/06/2025,18/06/2025,17/06/2025,CUST-141,SKU-1012,WH-02,10,10,54.11,0
700778,1,16/06/2025,18/06/2025,23/06/2025,CUST-105,SKU-1020,WH-01,20,20,72.1,0
700778,2,16/06/2025,18/06/2025,23/06/2025,CUST-105,SKU-1020,WH-01,20,8,72.1,0
700778,3,16/06/2025,18/06/2025,23/06/2025,CUST-105,SKU-1008,WH-01,200,200,12.26,0.1
700779,1,16/06/2025,23/06/2025,22/06/2025,CUST-102,SKU-1023,WH-04,20,20,19.51,0.1
700779,2,16/06/2025,23/06/2025,22/06/2025,CUST-102,SKU-1005,WH-04,20,20,77.98,0.1
700780,1,17/06/2025,20/06/2025,20/06/2025,CUST-145,SKU-1020,WH-02,10,10,72.1,0
700780,2,17/06/2025,20/06/2025,20/06/2025,CUST-145,SKU-1007,WH-02,20,20,66.6,0.125
700780,3,17/06/2025,20/06/2025,20/06/2025,CUST-145,SKU-1015,WH-02,20,20,27.45,0.1
700780,4,17/06/2025,20/06/2025,20/06/2025,CUST-145,SKU-1014,WH-02,10,10,100.88,0.05
700781,1,17/06/2025,21/06/2025,20/06/2025,CUST-102,SKU-1016,WH-02,150,150,19.18,0.1
700781,2,17/06/2025,21/06/2025,20/06/2025,CUST-102,SKU-1011,WH-02,25,25,39.0,0
700781,3,17/06/2025,21/06/2025,20/06/2025,CUST-102,SKU-1024,WH-02,75,75,68.06,0
700781,4,17/06/2025,21/06/2025,20/06/2025,CUST-102,SKU-1019,WH-02,100,100,68.25,0
700782,1,17/06/2025,20/06/2025,19/06/2025,CUST-146,SKU-1004,WH-04,10,10,44.52,0.1
700782,2,17/06/2025,20/06/2025,19/06/2025,CUST-146,SKU-1008,WH-04,20,20,12.26,0
700782,3,17/06/2025,20/06/2025,19/06/2025,CUST-146,SKU-1001,WH-04,20,20,59.63,0.1
700783,1,17/06/2025,24/06/2025,23/06/2025,CUST-151,SKU-1008,WH-03,10,10,12.26,0.125
700783,2,17/06/2025,24/06/2025,23/06/2025,CUST-151,SKU-1009,WH-03,25,25,32.15,0.1
700783,3,17/06/2025,24/06/2025,23/06/2025,CUST-151,SKU-1020,WH-03,100,40,72.1,0
700783,4,17/06/2025,24/06/2025,23/06/2025,CUST-151,SKU-1023,WH-03,150,150,19.51,0
700784,1,18/06/2025,22/06/2025,22/06/2025,CUST-121,SKU-1011,WH-04,75,75,39.0,0
700784,2,18/06/2025,22/06/2025,22/06/2025,CUST-121,SKU-1017,WH-04,20,18,44.62,0.05
700784,3,18/06/2025,22/06/2025,22/06/2025,CUST-121,SKU-1022,WH-04,100,100,11.23,0
700785,1,18/06/2025,22/06/2025,22/06/2025,CUST-118,SKU-1017,WH-01,75,30,44.62,0.05
700785,2,18/06/2025,22/06/2025,22/06/2025,CUST-118,SKU-1013,WH-01,75,75,75.26,0.125
700785,3,18/06/2025,22/06/2025,22/06/2025,CUST-118,SKU-1014,WH-01,20,8,100.88,0.05
700786,1,18/06/2025,25/06/2025,24/06/2025,CUST-158,SKU-1013,WH-02,25,25,75.26,0
700786,2,18/06/2025,25/06/2025,24/06/2025,CUST-158,SKU-1015,WH-02,150,150,27.45,0
700786,3,18/06/2025,25/06/2025,24/06/2025,CUST-158,SKU-1015,WH-02,20,20,27.45,0.1
700786,4,18/06/2025,25/06/2025,24/06/2025,CUST-158,SKU-1010,WH-02,150,150,75.49,0
700787,1,18/06/2025,20/06/2025,19/06/2025,CUST-112,SKU-1020,WH-03,75,75,72.1,0
700787,2,18/06/2025,20/06/2025,19/06/2025,CUST-112,SKU-1001,WH-03,10,10,59.63,0
700787,3,18/06/2025,20/06/2025,19/06/2025,CUST-112,SKU-1020,WH-03,10,10,72.1,0.125
700787,4,18/06/2025,20/06/2025,19/06/2025,CUST-112,SKU-1017,WH-03,25,25,44.62,0.125
700788,1,18/06/2025,23/06/2025,23/06/2025,CUST-111,SKU-1023,WH-03,10,4,19.51,0.1
700788,2,18/06/2025,23/06/2025,23/06/2025,CUST-111,SKU-1006,WH-03,100,100,54.97,0
700789,1,18/06/2025,23/06/2025,28/06/2025,CUST-140,SKU-1003,WH-01,200,200,52.5,0
700790,1,18/06/2025,22/06/2025,23/06/2025,CUST-157,SKU-1003,WH-03,25,25,52.5,0
700790,2,18/06/2025,22/06/2025,23/06/2025,CUST-157,SKU-1012,WH-03,150,150,54.11,0.125
700791,1,18/06/2025,25/06/2025,24/06/2025,CUST-125,SKU-1024,WH-02,100,100,68.06,0.125
700791,2,18/06/2025,25/06/2025,24/06/2025,CUST-125,SKU-1021,WH-02,75,75,50.68,0.1
700791,3,18/06/2025,25/06/2025,24/06/2025,CUST-125,SKU-1005,WH-02,25,22,77.98,0.05
700791,4,18/06/2025,25/06/2025,24/06/2025,CUST-125,SKU-1017,WH-02,100,100,44.62,0
700792,1,18/06/2025,21/06/2025,22/06/2025,CUST-103,SKU-1014,WH-04,20,20,100.88,0
700792,2,18/06/2025,21/06/2025,22/06/2025,CUST-103,SKU-1024,WH-04,75,75,68.06,0.05
700793,1,19/06/2025,26/06/2025,25/06/2025,CUST-118,SKU-1022,WH-01,200,200,11.23,0
700793,2,19/06/2025,26/06/2025,25/06/2025,CUST-118,SKU-1023,WH-01,150,150,19.51,0.125
700794,1,19/06/2025,22/06/2025,21/06/2025,CUST-114,SKU-1020,WH-02,200,200,72.1,0
700794,2,19/06/2025,22/06/2025,21/06/2025,CUST-114,SKU-1008,WH-02,50,50,12.26,0
700794,3,19/06/2025,22/06/2025,21/06/2025,CUST-114,SKU-1011,WH-02,200,200,39.0,0.05
700794,4,19/06/2025,22/06/2025,21/06/2025,CUST-114,SKU-1003,WH-02,10,10,52.5,0
700795,1,19/06/2025,22/06/2025,21/06/2025,CUST-133,SKU-1013,WH-02,100,100,75.26,0.125
700795,2,19/06/2025,22/06/2025,21/06/2025,CUST-133,SKU-1001,WH-02,150,150,59.63,0.05
700795,3,19/06/2025,22/06/2025,21/06/2025,CUST-133,SKU-1001,WH-02,150,150,59.63,0
700796,1,19/06/2025,21/06/2025,21/06/2025,CUST-102,SKU-1018,WH-03,20,20,66.93,0.1
700796,2,19/06/2025,21/06/2025,21/06/2025,CUST-102,SKU-1020,WH-03,150,150,72.1,0
700796,3,19/06/2025,21/06/2025,21/06/2025,CUST-102,SKU-1010,WH-03,75,75,75.49,0
700797,1,19/06/2025,24/06/2025,29/06/2025,CUST-136,SKU-1004,WH-02,200,200,44.52,0.1
700797,2,19/06/2025,24/06/2025,29/06/2025,CUST-136,SKU-1014,WH-02,200,200,100.88,0.1
700798,1,19/06/2025,22/06/2025,21/06/2025,CUST-103,SKU-1012,WH-01,100,100,54.11,0
700798,2,19/06/2025,22/06/2025,21/06/2025,CUST-103,SKU-1017,WH-01,50,50,44.62,0.1
700798,3,19/06/2025,22/06/2025,21/06/2025,CUST-103,SKU-1006,WH-01,50,50,54.97,0
700799,1,19/06/2025,22/06/2025,21/06/2025,CUST-112,SKU-1013,WH-01,25,25,75.26,0.125
700799,2,19/06/2025,22/06/2025,21/06/2025,CUST-112,SKU-1015,WH-01,10,10,27.45,0.1
700799,3,19/06/2025,22/06/2025,21/06/2025,CUST-112,SKU-1015,WH-01,150,150,27.45,0
700800,1,19/06/2025,21/06/2025,26/06/2025,CUST-123,SKU-1014,WH-03,10,10,100.88,0
700800,2,19/06/2025,21/06/2025,26/06/2025,CUST-123,SKU-1003,WH-03,50,50,52.5,0
700800,3,19/06/2025,21/06/2025,26/06/2025,CUST-123,SKU-1016,WH-03,50,50,19.18,0.125
700800,4,19/06/2025,21/06/2025,26/06/2025,CUST-123,SKU-1008,WH-03,50,20,12.26,0.125
700801,1,19/06/2025,22/06/2025,27/06/2025,CUST-142,SKU-1017,WH-01,200,200,44.62,0.05
700801,2,19/06/2025,22/06/2025,27/06/2025,CUST-142,SKU-1013,WH-01,10,10,75.26,0.05
700801,3,19/06/2025,22/06/2025,27/06/2025,CUST-142,SKU-1010,WH-01,100,100,75.49,0
700802,1,20/06/2025,23/06/2025,22/06/2025,CUST-134,SKU-1001,WH-04,25,25,59.63,0
700802,2,20/06/2025,23/06/2025,22/06/2025,CUST-134,SKU-1016,WH-04,10,4,19.18,0
700802,3,20/06/2025,23/06/2025,22/06/2025,CUST-134,SKU-1022,WH-04,150,150,11.23,0
700803,1,20/06/2025,22/06/2025,24/06/2025,CUST-138,SKU-1018,WH-02,75,75,66.93,0
700803,2,20/06/2025,22/06/2025,24/06/2025,CUST-138,SKU-1013,WH-02,150,150,75.26,0.1
700804,1,20/06/2025,23/06/2025,22/06/2025,CUST-135,SKU-1017,WH-04,100,100,44.62,0.1
700804,2,20/06/2025,23/06/2025,22/06/2025,CUST-135,SKU-1013,WH-04,50,50,75.26,0
700804,3,20/06/2025,23/06/2025,22/06/2025,CUST-135,SKU-1023,WH-04,100,100,19.51,0
700804,4,20/06/2025,23/06/2025,22/06/2025,CUST-135,SKU-1005,WH-04,75,67,77.98,0
700805,1,20/06/2025,27/06/2025,27/06/2025,CUST-145,SKU-1011,WH-03,150,150,39.0,0
700806,1,20/06/2025,23/06/2025,22/06/2025,CUST-144,SKU-1020,WH-04,10,10,72.1,0.05
700806,2,20/06/2025,23/06/2025,22/06/2025,CUST-144,SKU-1006,WH-04,25,25,54.97,0
700806,3,20/06/2025,23/06/2025,22/06/2025,CUST-144,SKU-1024,WH-04,100,100,68.06,0
700807,1,23/06/2025,30/06/2025,29/06/2025,CUST-113,SKU-1018,WH-04,200,200,66.93,0.1
700807,2,23/06/2025,30/06/2025,29/06/2025,CUST-113,SKU-1017,WH-04,20,20,44.62,0.125
700807,3,23/06/2025,30/06/2025,29/06/2025,CUST-113,SKU-1018,WH-04,150,150,66.93,0
700807,4,23/06/2025,30/06/2025,29/06/2025,CUST-113,SKU-1004,WH-04,50,50,44.52,0.1
700808,1,23/06/2025,26/06/2025,25/06/2025,CUST-111,SKU-1018,WH-02,75,30,66.93,0.125
700808,2,23/06/2025,26/06/2025,25/06/2025,CUST-111,SKU-1021,WH-02,25,20,50.68,0
700809,1,23/06/2025,30/06/2025,29/06/2025,CUST-153,SKU-1009,WH-04,100,100,32.15,0.125
700809,2,23/06/2025,30/06/2025,29/06/2025,CUST-153,SKU-1016,WH-04,50,50,19.18,0
700810,1,23/06/2025,30/06/2025,29/06/2025,CUST-144,SKU-1008,WH-01,10,10,12.26,0.1
700810,2,23/06/2025,30/06/2025,29/06/2025,CUST-144,SKU-1019,WH-01,100,100,68.25,0
700810,3,23/06/2025,30/06/2025,29/06/2025,CUST-144,SKU-1008,WH-01,20,18,12.26,0.1
700810,4,23/06/2025,30/06/2025,29/06/2025,CUST-144,SKU-1009,WH-01,100,100,32.15,0.05
700811,1,23/06/2025,27/06/2025,26/06/2025,CUST-138,SKU-1002,WH-04,10,10,54.08,0.1
700811,2,23/06/2025,27/06/2025,26/06/2025,CUST-138,SKU-1016,WH-04,50,50,19.18,0
700812,1,24/06/2025,27/06/2025,26/06/2025,CUST-126,SKU-1021,WH-03,150,60,50.68,0
700812,2,24/06/2025,27/06/2025,26/06/2025,CUST-126,SKU-1001,WH-03,10,10,59.63,0.125
700812,3,24/06/2025,27/06/2025,26/06/2025,CUST-126,SKU-1012,WH-03,100,80,54.11,0
700813,1,24/06/2025,29/06/2025,28/06/2025,CUST-144,SKU-1007,WH-02,20,20,66.6,0.125
700813,2,24/06/2025,29/06/2025,28/06/2025,CUST-144,SKU-1006,WH-02,75,75,54.97,0
700814,1,24/06/2025,28/06/2025,29/06/2025,CUST-104,SKU-1019,WH-03,200,200,68.25,0.1
700814,2,24/06/2025,28/06/2025,29/06/2025,CUST-104,SKU-1013,WH-03,200,200,75.26,0.05
700814,3,24/06/2025,28/06/2025,29/06/2025,CUST-104,SKU-1016,WH-03,50,30,19.18,0.05
700815,1,24/06/2025,28/06/2025,29/06/2025,CUST-104,SKU-1020,WH-03,50,50,72.1,0.125
700815,2,24/06/2025,28/06/2025,29/06/2025,CUST-104,SKU-1001,WH-03,100,100,59.63,0.05
700815,3,24/06/2025,28/06/2025,29/06/2025,CUST-104,SKU-1022,WH-03,200,200,11.23,0.125
700816,1,24/06/2025,01/07/2025,01/07/2025,CUST-155,SKU-1004,WH-01,75,75,44.52,0
700816,2,24/06/2025,01/07/2025,01/07/2025,CUST-155,SKU-1008,WH-01,10,10,12.26,0.125
700816,3,24/06/2025,01/07/2025,01/07/2025,CUST-155,SKU-1020,WH-01,200,200,72.1,0
700816,4,24/06/2025,01/07/2025,01/07/2025,CUST-155,SKU-1008,WH-01,150,150,12.26,0.1
700817,1,24/06/2025,29/06/2025,28/06/2025,CUST-131,SKU-1018,WH-03,100,100,66.93,0.125
700817,2,24/06/2025,29/06/2025,28/06/2025,CUST-131,SKU-1014,WH-03,200,200,100.88,0.125
700817,3,24/06/2025,29/06/2025,28/06/2025,CUST-131,SKU-1003,WH-03,10,4,52.5,0.125
700818,1,24/06/2025,26/06/2025,28/06/2025,CUST-112,SKU-1019,WH-01,150,150,68.25,0.125
700818,2,24/06/2025,26/06/2025,28/06/2025,CUST-112,SKU-1016,WH-01,200,200,19.18,0
700818,3,24/06/2025,26/06/2025,28/06/2025,CUST-112,SKU-1019,WH-01,200,200,68.25,0.05
700818,4,24/06/2025,26/06/2025,28/06/2025,CUST-112,SKU-1012,WH-01,50,50,54.11,0
700819,1,25/06/2025,29/06/2025,28/06/2025,CUST-149,SKU-1002,WH-01,200,200,54.08,0.05
700820,1,25/06/2025,28/06/2025,30/06/2025,CUST-146,SKU-1010,WH-04,150,150,75.49,0
700820,2,25/06/2025,28/06/2025,30/06/2025,CUST-146,SKU-1023,WH-04,100,100,19.51,0.1
700821,1,25/06/2025,28/06/2025,28/06/2025,CUST-150,SKU-1012,WH-01,75,75,54.11,0.05
700821,2,25/06/2025,28/06/2025,28/06/2025,CUST-150,SKU-1009,WH-01,10,10,32.15,0.05
700821,3,25/06/2025,28/06/2025,28/06/2025,CUST-150,SKU-1008,WH-01,10,10,12.26,0
700822,1,25/06/2025,30/06/2025,02/07/2025,CUST-158,SKU-1011,WH-04,200,200,39.0,0
700822,2,25/06/2025,30/06/2025,02/07/2025,CUST-158,SKU-1016,WH-04,50,50,19.18,0
700822,3,25/06/2025,30/06/2025,02/07/2025,CUST-158,SKU-1020,WH-04,25,25,72.1,0.125
700822,4,25/06/2025,30/06/2025,02/07/2025,CUST-158,SKU-1002,WH-04,10,9,54.08,0.1
700823,1,25/06/2025,30/06/2025,30/06/2025,CUST-106,SKU-1014,WH-02,10,10,100.88,0.05
700823,2,25/06/2025,30/06/2025,30/06/2025,CUST-106,SKU-1014,WH-02,200,200,100.88,0
700823,3,25/06/2025,30/06/2025,30/06/2025,CUST-106,SKU-1011,WH-02,25,10,39.0,0.125
700823,4,25/06/2025,30/06/2025,30/06/2025,CUST-106,SKU-1005,WH-02,200,200,77.98,0.1
700824,1,25/06/2025,30/06/2025,02/07/2025,CUST-110,SKU-1008,WH-02,50,50,12.26,0
700825,1,25/06/2025,02/07/2025,01/07/2025,CUST-143,SKU-1017,WH-03,200,180,44.62,0.1
700825,2,25/06/2025,02/07/2025,01/07/2025,CUST-143,SKU-1013,WH-03,200,200,75.26,0
700825,3,25/06/2025,02/07/2025,01/07/2025,CUST-143,SKU-1012,WH-03,10,10,54.11,0.125
700825,4,25/06/2025,02/07/2025,01/07/2025,CUST-143,SKU-1001,WH-03,100,100,59.63,0
700826,1,26/06/2025,29/06/2025,04/07/2025,CUST-153,SKU-1013,WH-01,200,200,75.26,0.125
700826,2,26/06/2025,29/06/2025,04/07/2025,CUST-153,SKU-1008,WH-01,50,50,12.26,0
700826,3,26/06/2025,29/06/2025,04/07/2025,CUST-153,SKU-1014,WH-01,200,200,100.88,0.1
700827,1,26/06/2025,29/06/2025,28/06/2025,CUST-147,SKU-1022,WH-04,75,67,11.23,0
700827,2,26/06/2025,29/06/2025,28/06/2025,CUST-147,SKU-1010,WH-04,150,150,75.49,0.125
700827,3,26/06/2025,29/06/2025,28/06/2025,CUST-147,SKU-1009,WH-04,50,50,32.15,0
700828,1,26/06/2025,30/06/2025,30/06/2025,CUST-160,SKU-1016,WH-01,150,150,19.18,0
700828,2,26/06/2025,30/06/2025,30/06/2025,CUST-160,SKU-1006,WH-01,75,75,54.97,0.125
700828,3,26/06/2025,30/06/2025,30/06/2025,CUST-160,SKU-1002,WH-01,20,20,54.08,0
700829,1,26/06/2025,28/06/2025,28/06/2025,CUST-146,SKU-1015,WH-02,75,75,27.45,0
700829,2,26/06/2025,28/06/2025,28/06/2025,CUST-146,SKU-1008,WH-02,100,100,12.26,0
700829,3,26/06/2025,28/06/2025,28/06/2025,CUST-146,SKU-1002,WH-02,200,200,54.08,0.125
700830,1,26/06/2025,29/06/2025,29/06/2025,CUST-133,SKU-1006,WH-04,20,20,54.97,0
700830,2,26/06/2025,29/06/2025,29/06/2025,CUST-133,SKU-1005,WH-04,10,10,77.98,0
700831,1,26/06/2025,29/06/2025,01/07/2025,CUST-143,SKU-1012,WH-03,75,75,54.11,0.05
700832,1,26/06/2025,30/06/2025,05/07/2025,CUST-101,SKU-1022,WH-04,150,150,11.23,0
700832,2,26/06/2025,30/06/2025,05/07/2025,CUST-101,SKU-1004,WH-04,150,150,44.52,0.1
700832,3,26/06/2025,30/06/2025,05/07/2025,CUST-101,SKU-1014,WH-04,150,60,100.88,0.125
700832,4,26/06/2025,30/06/2025,05/07/2025,CUST-101,SKU-1009,WH-04,20,20,32.15,0.05
700833,1,26/06/2025,30/06/2025,29/06/2025,CUST-114,SKU-1020,WH-04,20,20,72.1,0
700833,2,26/06/2025,30/06/2025,29/06/2025,CUST-114,SKU-1011,WH-04,50,50,39.0,0.1
700833,3,26/06/2025,30/06/2025,29/06/2025,CUST-114,SKU-1015,WH-04,20,20,27.45,0
700834,1,26/06/2025,30/06/2025,29/06/2025,CUST-150,SKU-1024,WH-04,50,50,68.06,0.125
700835,1,27/06/2025,29/06/2025,28/06/2025,CUST-102,SKU-1015,WH-04,75,75,27.45,0.1
700835,2,27/06/2025,29/06/2025,28/06/2025,CUST-102,SKU-1009,WH-04,75,75,32.15,0
700835,3,27/06/2025,29/06/2025,28/06/2025,CUST-102,SKU-1022,WH-04,75,45,11.23,0
700836,1,27/06/2025,30/06/2025,29/06/2025,CUST-150,SKU-1015,WH-03,75,75,27.45,0
700837,1,27/06/2025,02/07/2025,04/07/2025,CUST-151,SKU-1008,WH-04,20,8,12.26,0.125
700838,1,27/06/2025,01/07/2025,02/07/2025,CUST-156,SKU-1006,WH-03,50,50,54.97,0
700839,1,27/06/2025,01/07/2025,03/07/2025,CUST-159,SKU-1016,WH-02,75,75,19.18,0
700840,1,27/06/2025,29/06/2025,28/06/2025,CUST-130,SKU-1018,WH-03,150,150,66.93,0.1
700840,2,27/06/2025,29/06/2025,28/06/2025,CUST-130,SKU-1010,WH-03,150,150,75.49,0.1
700841,1,27/06/2025,04/07/2025,04/07/2025,CUST-117,SKU-1004,WH-02,50,50,44.52,0.125
700841,2,27/06/2025,04/07/2025,04/07/2025,CUST-117,SKU-1019,WH-02,10,10,68.25,0.05
700841,3,27/06/2025,04/07/2025,04/07/2025,CUST-117,SKU-1005,WH-02,100,100,77.98,0.05
700842,1,30/06/2025,04/07/2025,04/07/2025,CUST-140,SKU-1023,WH-01,200,200,19.51,0
700842,2,30/06/2025,04/07/2025,04/07/2025,CUST-140,SKU-1022,WH-01,50,50,11.23,0.125
700843,1,30/06/2025,03/07/2025,03/07/2025,CUST-119,SKU-1011,WH-02,10,10,39.0,0
700843,2,30/06/2025,03/07/2025,03/07/2025,CUST-119,SKU-1004,WH-02,200,200,44.52,0
700843,3,30/06/2025,03/07/2025,03/07/2025,CUST-119,SKU-1011,WH-02,25,25,39.0,0.1
700843,4,30/06/2025,03/07/2025,03/07/2025,CUST-119,SKU-1003,WH-02,10,10,52.5,0.05
700844,1,30/06/2025,03/07/2025,03/07/2025,CUST-137,SKU-1007,WH-01,200,200,66.6,0
700844,2,30/06/2025,03/07/2025,03/07/2025,CUST-137,SKU-1002,WH-01,150,150,54.08,0.05
700845,1,30/06/2025,03/07/2025,02/07/2025,CUST-111,SKU-1020,WH-02,10,4,72.1,0.05
700845,2,30/06/2025,03/07/2025,02/07/2025,CUST-111,SKU-1016,WH-02,25,22,19.18,0
700845,3,30/06/2025,03/07/2025,02/07/2025,CUST-111,SKU-1005,WH-02,150,150,77.98,0.1
700845,4,30/06/2025,03/07/2025,02/07/2025,CUST-111,SKU-1021,WH-02,200,120,50.68,0
700846,1,30/06/2025,07/07/2025,09/07/2025,CUST-148,SKU-1012,WH-04,150,60,54.11,0.1
700846,2,30/06/2025,07/07/2025,09/07/2025,CUST-148,SKU-1024,WH-04,200,200,68.06,0.05
700846,3,30/06/2025,07/07/2025,09/07/2025,CUST-148,SKU-1023,WH-04,20,20,19.51,0.1
700847,1,01/07/2025,04/07/2025,03/07/2025,CUST-129,SKU-1001,WH-02,100,60,59.63,0.1
700848,1,01/07/2025,03/07/2025,05/07/2025,CUST-148,SKU-1018,WH-04,150,150,66.93,0.125
700848,2,01/07/2025,03/07/2025,05/07/2025,CUST-148,SKU-1005,WH-04,100,100,77.98,0.125
700848,3,01/07/2025,03/07/2025,05/07/2025,CUST-148,SKU-1002,WH-04,50,50,54.08,0.05
700848,4,01/07/2025,03/07/2025,05/07/2025,CUST-148,SKU-1007,WH-04,20,20,66.6,0.1
700849,1,01/07/2025,06/07/2025,05/07/2025,CUST-153,SKU-1014,WH-04,100,100,100.88,0.05
700849,2,01/07/2025,06/07/2025,05/07/2025,CUST-153,SKU-1004,WH-04,75,75,44.52,0
700850,1,01/07/2025,06/07/2025,05/07/2025,CUST-144,SKU-1021,WH-03,25,25,50.68,0.125
700851,1,02/07/2025,06/07/2025,11/07/2025,CUST-149,SKU-1020,WH-02,50,50,72.1,0
700851,2,02/07/2025,06/07/2025,11/07/2025,CUST-149,SKU-1003,WH-02,75,75,52.5,0
700852,1,02/07/2025,06/07/2025,06/07/2025,CUST-139,SKU-1014,WH-04,100,100,100.88,0.125
700852,2,02/07/2025,06/07/2025,06/07/2025,CUST-139,SKU-1020,WH-04,200,200,72.1,0
700852,3,02/07/2025,06/07/2025,06/07/2025,CUST-139,SKU-1015,WH-04,10,10,27.45,0.05
700852,4,02/07/2025,06/07/2025,06/07/2025,CUST-139,SKU-1017,WH-04,25,25,44.62,0
700853,1,02/07/2025,06/07/2025,06/07/2025,CUST-110,SKU-1021,WH-01,75,75,50.68,0
700853,2,02/07/2025,06/07/2025,06/07/2025,CUST-110,SKU-1010,WH-01,10,10,75.49,0
700854,1,02/07/2025,07/07/2025,09/07/2025,CUST-124,SKU-1023,WH-02,150,150,19.51,0
700854,2,02/07/2025,07/07/2025,09/07/2025,CUST-124,SKU-1023,WH-02,20,20,19.51,0
700854,3,02/07/2025,07/07/2025,09/07/2025,CUST-124,SKU-1024,WH-02,150,150,68.06,0
700855,1,02/07/2025,09/07/2025,08/07/2025,CUST-121,SKU-1007,WH-04,200,200,66.6,0
700855,2,02/07/2025,09/07/2025,08/07/2025,CUST-121,SKU-1018,WH-04,20,20,66.93,0.05
700855,3,02/07/2025,09/07/2025,08/07/2025,CUST-121,SKU-1011,WH-04,150,150,39.0,0.1
700856,1,02/07/2025,05/07/2025,07/07/2025,CUST-119,SKU-1023,WH-01,25,22,19.51,0.05
700857,1,02/07/2025,05/07/2025,04/07/2025,CUST-117,SKU-1005,WH-01,20,20,77.98,0
700857,2,02/07/2025,05/07/2025,04/07/2025,CUST-117,SKU-1019,WH-01,150,150,68.25,0.05
700857,3,02/07/2025,05/07/2025,04/07/2025,CUST-117,SKU-1011,WH-01,150,150,39.0,0.1
700857,4,02/07/2025,05/07/2025,04/07/2025,CUST-117,SKU-1011,WH-01,50,50,39.0,0
700858,1,02/07/2025,06/07/2025,05/07/2025,CUST-145,SKU-1002,WH-02,20,20,54.08,0
700859,1,03/07/2025,07/07/2025,06/07/2025,CUST-131,SKU-1006,WH-04,20,20,54.97,0
700859,2,03/07/2025,07/07/2025,06/07/2025,CUST-131,SKU-1020,WH-04,75,75,72.1,0
700859,3,03/07/2025,07/07/2025,06/07/2025,CUST-131,SKU-1017,WH-04,200,200,44.62,0.1
700859,4,03/07/2025,07/07/2025,06/07/2025,CUST-131,SKU-1020,WH-04,50,50,72.1,0
700860,1,03/07/2025,06/07/2025,05/07/2025,CUST-155,SKU-1013,WH-03,50,50,75.26,0
700860,2,03/07/2025,06/07/2025,05/07/2025,CUST-155,SKU-1004,WH-03,50,50,44.52,0
700861,1,03/07/2025,06/07/2025,08/07/2025,CUST-159,SKU-1002,WH-02,20,20,54.08,0.1
700861,2,03/07/2025,06/07/2025,08/07/2025,CUST-159,SKU-1002,WH-02,10,9,54.08,0
700861,3,03/07/2025,06/07/2025,08/07/2025,CUST-159,SKU-1005,WH-02,50,50,77.98,0
700862,1,03/07/2025,10/07/2025,12/07/2025,CUST-158,SKU-1008,WH-03,75,75,12.26,0.05
700862,2,03/07/2025,10/07/2025,12/07/2025,CUST-158,SKU-1008,WH-03,25,25,12.26,0
700863,1,03/07/2025,07/07/2025,06/07/2025,CUST-150,SKU-1007,WH-02,10,10,66.6,0
700863,2,03/07/2025,07/07/2025,06/07/2025,CUST-150,SKU-1012,WH-02,100,100,54.11,0.125
700863,3,03/07/2025,07/07/2025,06/07/2025,CUST-150,SKU-1022,WH-02,50,50,11.23,0.05
700863,4,03/07/2025,07/07/2025,06/07/2025,CUST-150,SKU-1015,WH-02,100,100,27.45,0
700864,1,04/07/2025,09/07/2025,08/07/2025,CUST-159,SKU-1022,WH-03,150,150,11.23,0
700865,1,04/07/2025,11/07/2025,10/07/2025,CUST-107,SKU-1024,WH-01,100,100,68.06,0.05
700866,1,04/07/2025,07/07/2025,06/07/2025,CUST-153,SKU-1008,WH-02,150,150,12.26,0
700866,2,04/07/2025,07/07/2025,06/07/2025,CUST-153,SKU-1017,WH-02,10,10,44.62,0.1
700867,1,04/07/2025,06/07/2025,07/07/2025,CUST-157,SKU-1013,WH-02,50,50,75.26,0.125
700867,2,04/07/2025,06/07/2025,07/07/2025,CUST-157,SKU-1011,WH-02,10,10,39.0,0.1
700868,1,04/07/2025,07/07/2025,06/07/2025,CUST-101,SKU-1018,WH-04,20,20,66.93,0
700868,2,04/07/2025,07/07/2025,06/07/2025,CUST-101,SKU-1009,WH-04,75,75,32.15,0
700869,1,07/07/2025,12/07/2025,17/07/2025,CUST-127,SKU-1018,WH-01,25,25,66.93,0
700870,1,07/07/2025,10/07/2025,09/07/2025,CUST-141,SKU-1017,WH-01,10,10,44.62,0
700870,2,07/07/2025,10/07/2025,09/07/2025,CUST-141,SKU-1004,WH-01,200,180,44.52,0
700871,1,07/07/2025,12/07/2025,11/07/2025,CUST-139,SKU-1003,WH-03,150,150,52.5,0
700871,2,07/07/2025,12/07/2025,11/07/2025,CUST-139,SKU-1007,WH-03,25,25,66.6,0
700871,3,07/07/2025,12/07/2025,11/07/2025,CUST-139,SKU-1007,WH-03,100,100,66.6,0.125
700871,4,07/07/2025,12/07/2025,11/07/2025,CUST-139,SKU-1008,WH-03,10,10,12.26,0
700872,1,07/07/2025,14/07/2025,13/07/2025,CUST-140,SKU-1008,WH-04,75,75,12.26,0.125
700872,2,07/07/2025,14/07/2025,13/07/2025,CUST-140,SKU-1005,WH-04,25,25,77.98,0.05
700872,3,07/07/2025,14/07/2025,13/07/2025,CUST-140,SKU-1010,WH-04,75,75,75.49,0
700873,1,07/07/2025,10/07/2025,09/07/2025,CUST-125,SKU-1010,WH-01,20,20,75.49,0
700873,2,07/07/2025,10/07/2025,09/07/2025,CUST-125,SKU-1018,WH-01,75,75,66.93,0
700873,3,07/07/2025,10/07/2025,09/07/2025,CUST-125,SKU-1019,WH-01,200,80,68.25,0
700873,4,07/07/2025,10/07/2025,09/07/2025,CUST-125,SKU-1003,WH-01,20,20,52.5,0.05
700874,1,07/07/2025,10/07/2025,09/07/2025,CUST-154,SKU-1020,WH-02,25,25,72.1,0.05
700874,2,07/07/2025,10/07/2025,09/07/2025,CUST-154,SKU-1003,WH-02,20,20,52.5,0
700874,3,07/07/2025,10/07/2025,09/07/2025,CUST-154,SKU-1018,WH-02,150,150,66.93,0
700874,4,07/07/2025,10/07/2025,09/07/2025,CUST-154,SKU-1004,WH-02,100,100,44.52,0.05
700875,1,08/07/2025,13/07/2025,12/07/2025,CUST-142,SKU-1015,WH-02,20,20,27.45,0
700875,2,08/07/2025,13/07/2025,12/07/2025,CUST-142,SKU-1002,WH-02,10,10,54.08,0
700875,3,08/07/2025,13/07/2025,12/07/2025,CUST-142,SKU-1009,WH-02,10,10,32.15,0
700876,1,08/07/2025,15/07/2025,20/07/2025,CUST-142,SKU-1023,WH-03,25,25,19.51,0.05
700876,2,08/07/2025,15/07/2025,20/07/2025,CUST-142,SKU-1010,WH-03,75,75,75.49,0
700876,3,08/07/2025,15/07/2025,20/07/2025,CUST-142,SKU-1009,WH-03,75,75,32.15,0.05
700877,1,08/07/2025,10/07/2025,09/07/2025,CUST-130,SKU-1008,WH-03,100,100,12.26,0
700878,1,08/07/2025,15/07/2025,14/07/2025,CUST-118,SKU-1005,WH-04,150,150,77.98,0.125
700878,2,08/07/2025,15/07/2025,14/07/2025,CUST-118,SKU-1022,WH-04,100,100,11.23,0
700878,3,08/07/2025,15/07/2025,14/07/2025,CUST-118,SKU-1002,WH-04,100,100,54.08,0
700879,1,08/07/2025,11/07/2025,11/07/2025,CUST-147,SKU-1021,WH-02,10,10,50.68,0
700880,1,08/07/2025,13/07/2025,12/07/2025,CUST-105,SKU-1015,WH-04,50,50,27.45,0.05
700881,1,08/07/2025,15/07/2025,15/07/2025,CUST-122,SKU-1020,WH-04,20,20,72.1,0.05
700881,2,08/07/2025,15/07/2025,15/07/2025,CUST-122,SKU-1012,WH-04,100,100,54.11,0.1
700882,1,08/07/2025,11/07/2025,10/07/2025,CUST-158,SKU-1003,WH-03,25,25,52.5,0
700883,1,09/07/2025,13/07/2025,12/07/2025,CUST-149,SKU-1011,WH-04,50,50,39.0,0.05
700883,2,09/07/2025,13/07/2025,12/07/2025,CUST-149,SKU-1010,WH-04,10,10,75.49,0.1
700884,1,09/07/2025,16/07/2025,16/07/2025,CUST-127,SKU-1023,WH-02,200,200,19.51,0.05
700885,1,09/07/2025,12/07/2025,11/07/2025,CUST-113,SKU-1006,WH-03,50,50,54.97,0
700885,2,09/07/2025,12/07/2025,11/07/2025,CUST-113,SKU-1001,WH-03,20,20,59.63,0.125
700885,3,09/07/2025,12/07/2025,11/07/2025,CUST-113,SKU-1011,WH-03,10,10,39.0,0.1
700886,1,09/07/2025,12/07/2025,11/07/2025,CUST-118,SKU-1018,WH-04,25,25,66.93,0.1
700886,2,09/07/2025,12/07/2025,11/07/2025,CUST-118,SKU-1010,WH-04,200,200,75.49,0.125
700886,3,09/07/2025,12/07/2025,11/07/2025,CUST-118,SKU-1014,WH-04,25,25,100.88,0.1
700887,1,09/07/2025,12/07/2025,11/07/2025,CUST-122,SKU-1002,WH-04,50,50,54.08,0.1
700887,2,09/07/2025,12/07/2025,11/07/2025,CUST-122,SKU-1022,WH-04,10,10,11.23,0
700887,3,09/07/2025,12/07/2025,11/07/2025,CUST-122,SKU-1003,WH-04,25,25,52.5,0
700888,1,10/07/2025,12/07/2025,12/07/2025,CUST-143,SKU-1005,WH-04,50,50,77.98,0.125
700888,2,10/07/2025,12/07/2025,12/07/2025,CUST-143,SKU-1008,WH-04,100,40,12.26,0
700888,3,10/07/2025,12/07/2025,12/07/2025,CUST-143,SKU-1017,WH-04,25,25,44.62,0.05
700888,4,10/07/2025,12/07/2025,12/07/2025,CUST-143,SKU-1005,WH-04,150,150,77.98,0
700889,1,10/07/2025,15/07/2025,16/07/2025,CUST-127,SKU-1008,WH-04,200,200,12.26,0.05
700889,2,10/07/2025,15/07/2025,16/07/2025,CUST-127,SKU-1012,WH-04,200,160,54.11,0
700889,3,10/07/2025,15/07/2025,16/07/2025,CUST-127,SKU-1002,WH-04,25,15,54.08,0
700889,4,10/07/2025,15/07/2025,16/07/2025,CUST-127,SKU-1011,WH-04,20,20,39.0,0.1
700890,1,10/07/2025,13/07/2025,14/07/2025,CUST-105,SKU-1020,WH-04,100,80,72.1,0.05
700891,1,10/07/2025,14/07/2025,13/07/2025,CUST-118,SKU-1011,WH-03,20,20,39.0,0
700892,1,10/07/2025,13/07/2025,13/07/2025,CUST-104,SKU-1008,WH-04,100,60,12.26,0.125
700892,2,10/07/2025,13/07/2025,13/07/2025,CUST-104,SKU-1020,WH-04,25,25,72.1,0.1
700893,1,11/07/2025,16/07/2025,15/07/2025,CUST-151,SKU-1009,WH-04,10,10,32.15,0
700893,2,11/07/2025,16/07/2025,15/07/2025,CUST-151,SKU-1023,WH-04,50,50,19.51,0
700894,1,11/07/2025,16/07/2025,15/07/2025,CUST-148,SKU-1016,WH-04,10,10,19.18,0.05
700894,2,11/07/2025,16/07/2025,15/07/2025,CUST-148,SKU-1012,WH-04,150,150,54.11,0.1
700894,3,11/07/2025,16/07/2025,15/07/2025,CUST-148,SKU-1021,WH-04,75,75,50.68,0
700895,1,11/07/2025,13/07/2025,12/07/2025,CUST-138,SKU-1022,WH-02,25,25,11.23,0.1
700895,2,11/07/2025,13/07/2025,12/07/2025,CUST-138,SKU-1003,WH-02,100,100,52.5,0.1
700896,1,11/07/2025,18/07/2025,23/07/2025,CUST-147,SKU-1016,WH-02,25,25,19.18,0
700897,1,11/07/2025,13/07/2025,13/07/2025,CUST-155,SKU-1023,WH-03,50,50,19.51,0
700897,2,11/07/2025,13/07/2025,13/07/2025,CUST-155,SKU-1021,WH-03,200,200,50.68,0.1
700897,3,11/07/2025,13/07/2025,13/07/2025,CUST-155,SKU-1002,WH-03,75,75,54.08,0.1
700897,4,11/07/2025,13/07/2025,13/07/2025,CUST-155,SKU-1005,WH-03,75,45,77.98,0
700898,1,14/07/2025,18/07/2025,17/07/2025,CUST-123,SKU-1016,WH-03,200,200,19.18,0
700898,2,14/07/2025,18/07/2025,17/07/2025,CUST-123,SKU-1015,WH-03,200,200,27.45,0
700898,3,14/07/2025,18/07/2025,17/07/2025,CUST-123,SKU-1005,WH-03,200,200,77.98,0.1
700898,4,14/07/2025,18/07/2025,17/07/2025,CUST-123,SKU-1020,WH-03,50,50,72.1,0.1
700899,1,14/07/2025,16/07/2025,16/07/2025,CUST-114,SKU-1022,WH-02,20,20,11.23,0
700899,2,14/07/2025,16/07/2025,16/07/2025,CUST-114,SKU-1022,WH-02,50,50,11.23,0
700899,3,14/07/2025,16/07/2025,16/07/2025,CUST-114,SKU-1013,WH-02,100,100,75.26,0.05
700900,1,14/07/2025,21/07/2025,21/07/2025,CUST-147,SKU-1016,WH-02,100,100,19.18,0
700900,2,14/07/2025,21/07/2025,21/07/2025,CUST-147,SKU-1001,WH-02,20,16,59.63,0.125
700900,3,14/07/2025,21/07/2025,21/07/2025,CUST-147,SKU-1014,WH-02,150,150,100.88,0.1
700900,4,14/07/2025,21/07/2025,21/07/2025,CUST-147,SKU-1024,WH-02,75,75,68.06,0
700901,1,14/07/2025,17/07/2025,16/07/2025,CUST-118,SKU-1012,WH-02,75,75,54.11,0
700901,2,14/07/2025,17/07/2025,16/07/2025,CUST-118,SKU-1012,WH-02,75,75,54.11,0
700901,3,14/07/2025,17/07/2025,16/07/2025,CUST-118,SKU-1014,WH-02,25,25,100.88,0.05
700901,4,14/07/2025,17/07/2025,16/07/2025,CUST-118,SKU-1012,WH-02,200,200,54.11,0
700902,1,14/07/2025,19/07/2025,18/07/2025,CUST-107,SKU-1023,WH-04,25,25,19.51,0
700903,1,14/07/2025,18/07/2025,17/07/2025,CUST-156,SKU-1013,WH-01,25,25,75.26,0
700903,2,14/07/2025,18/07/2025,17/07/2025,CUST-156,SKU-1010,WH-01,10,10,75.49,0.1
700903,3,14/07/2025,18/07/2025,17/07/2025,CUST-156,SKU-1021,WH-01,25,25,50.68,0
700903,4,14/07/2025,18/07/2025,17/07/2025,CUST-156,SKU-1018,WH-01,150,150,66.93,0.125
700904,1,14/07/2025,21/07/2025,21/07/2025,CUST-110,SKU-1005,WH-04,150,150,77.98,0
700905,1,14/07/2025,17/07/2025,22/07/2025,CUST-148,SKU-1002,WH-03,50,50,54.08,0
700906,1,15/07/2025,17/07/2025,16/07/2025,CUST-113,SKU-1011,WH-02,100,100,39.0,0.05
700906,2,15/07/2025,17/07/2025,16/07/2025,CUST-113,SKU-1019,WH-02,150,150,68.25,0
700907,1,15/07/2025,17/07/2025,18/07/2025,CUST-125,SKU-1003,WH-03,25,25,52.5,0.05
700907,2,15/07/2025,17/07/2025,18/07/2025,CUST-125,SKU-1015,WH-03,200,200,27.45,0
700908,1,15/07/2025,17/07/2025,17/07/2025,CUST-108,SKU-1009,WH-02,100,100,32.15,0.1
700909,1,15/07/2025,17/07/2025,19/07/2025,CUST-102,SKU-1008,WH-03,20,20,12.26,0.1
700909,2,15/07/2025,17/07/2025,19/07/2025,CUST-102,SKU-1022,WH-03,25,25,11.23,0.05
700909,3,15/07/2025,17/07/2025,19/07/2025,CUST-102,SKU-1017,WH-03,25,20,44.62,0.125
700910,1,15/07/2025,18/07/2025,17/07/2025,CUST-147,SKU-1021,WH-04,10,10,50.68,0
700910,2,15/07/2025,18/07/2025,17/07/2025,CUST-147,SKU-1019,WH-04,100,100,68.25,0.125
700911,1,15/07/2025,17/07/2025,16/07/2025,CUST-109,SKU-1003,WH-02,100,100,52.5,0
700912,1,15/07/2025,17/07/2025,16/07/2025,CUST-116,SKU-1006,WH-02,75,75,54.97,0.1
700912,2,15/07/2025,17/07/2025,16/07/2025,CUST-116,SKU-1023,WH-02,20,20,19.51,0
700912,3,15/07/2025,17/07/2025,16/07/2025,CUST-116,SKU-1018,WH-02,10,10,66.93,0.05
700913,1,16/07/2025,21/07/2025,26/07/2025,CUST-107,SKU-1011,WH-02,50,20,39.0,0
700913,2,16/07/2025,21/07/2025,26/07/2025,CUST-107,SKU-1021,WH-02,100,100,50.68,0
700913,3,16/07/2025,21/07/2025,26/07/2025,CUST-107,SKU-1018,WH-02,100,90,66.93,0
700913,4,16/07/2025,21/07/2025,26/07/2025,CUST-107,SKU-1013,WH-02,150,150,75.26,0
700914,1,16/07/2025,20/07/2025,20/07/2025,CUST-124,SKU-1002,WH-04,20,20,54.08,0.05
700914,2,16/07/2025,20/07/2025,20/07/2025,CUST-124,SKU-1010,WH-04,25,25,75.49,0.1
700914,3,16/07/2025,20/07/2025,20/07/2025,CUST-124,SKU-1008,WH-04,200,200,12.26,0
700914,4,16/07/2025,20/07/2025,20/07/2025,CUST-124,SKU-1020,WH-04,50,50,72.1,0.1
700915,1,16/07/2025,19/07/2025,18/07/2025,CUST-158,SKU-1004,WH-01,150,120,44.52,0
700915,2,16/07/2025,19/07/2025,18/07/2025,CUST-158,SKU-1006,WH-01,50,50,54.97,0
700915,3,16/07/2025,19/07/2025,18/07/2025,CUST-158,SKU-1022,WH-01,10,10,11.23,0.1
700916,1,16/07/2025,21/07/2025,23/07/2025,CUST-124,SKU-1019,WH-03,150,150,68.25,0.1
700917,1,16/07/2025,23/07/2025,24/07/2025,CUST-133,SKU-1021,WH-04,75,75,50.68,0
700917,2,16/07/2025,23/07/2025,24/07/2025,CUST-133,SKU-1006,WH-04,200,200,54.97,0
700917,3,16/07/2025,23/07/2025,24/07/2025,CUST-133,SKU-1014,WH-04,200,200,100.88,0.125
700917,4,16/07/2025,23/07/2025,24/07/2025,CUST-133,SKU-1001,WH-04,200,200,59.63,0
700918,1,16/07/2025,19/07/2025,18/07/2025,CUST-159,SKU-1009,WH-03,10,10,32.15,0.05
700918,2,16/07/2025,19/07/2025,18/07/2025,CUST-159,SKU-1016,WH-03,25,25,19.18,0.1
700918,3,16/07/2025,19/07/2025,18/07/2025,CUST-159,SKU-1013,WH-03,200,200,75.26,0
700919,1,16/07/2025,18/07/2025,23/07/2025,CUST-120,SKU-1003,WH-01,20,18,52.5,0
700920,1,17/07/2025,20/07/2025,19/07/2025,CUST-104,SKU-1016,WH-03,75,75,19.18,0.1
700920,2,17/07/2025,20/07/2025,19/07/2025,CUST-104,SKU-1023,WH-03,200,200,19.51,0
700920,3,17/07/2025,20/07/2025,19/07/2025,CUST-104,SKU-1015,WH-03,100,100,27.45,0
700921,1,17/07/2025,20/07/2025,20/07/2025,CUST-129,SKU-1008,WH-01,10,10,12.26,0.125
700921,2,17/07/2025,20/07/2025,20/07/2025,CUST-129,SKU-1009,WH-01,50,50,32.15,0
700922,1,17/07/2025,24/07/2025,25/07/2025,CUST-134,SKU-1021,WH-04,200,200,50.68,0.125
700923,1,17/07/2025,24/07/2025,24/07/2025,CUST-130,SKU-1012,WH-01,150,150,54.11,0.05
700924,1,17/07/2025,24/07/2025,23/07/2025,CUST-121,SKU-1023,WH-04,50,30,19.51,0.1
700924,2,17/07/2025,24/07/2025,23/07/2025,CUST-121,SKU-1008,WH-04,200,200,12.26,0.1
700924,3,17/07/2025,24/07/2025,23/07/2025,CUST-121,SKU-1017,WH-04,100,100,44.62,0
700924,4,17/07/2025,24/07/2025,23/07/2025,CUST-121,SKU-1014,WH-04,100,100,100.88,0
700925,1,18/07/2025,22/07/2025,27/07/2025,CUST-159,SKU-1004,WH-04,25,25,44.52,0.1
700925,2,18/07/2025,22/07/2025,27/07/2025,CUST-159,SKU-1014,WH-04,100,100,100.88,0.125
700925,3,18/07/2025,22/07/2025,27/07/2025,CUST-159,SKU-1018,WH-04,50,50,66.93,0.05
700925,4,18/07/2025,22/07/2025,27/07/2025,CUST-159,SKU-1019,WH-04,20,20,68.25,0
700926,1,18/07/2025,21/07/2025,21/07/2025,CUST-104,SKU-1002,WH-04,20,20,54.08,0
700926,2,18/07/2025,21/07/2025,21/07/2025,CUST-104,SKU-1016,WH-04,75,75,19.18,0.1
700926,3,18/07/2025,21/07/2025,21/07/2025,CUST-104,SKU-1003,WH-04,10,10,52.5,0.05
700927,1,18/07/2025,22/07/2025,27/07/2025,CUST-141,SKU-1024,WH-03,10,10,68.06,0
700927,2,18/07/2025,22/07/2025,27/07/2025,CUST-141,SKU-1002,WH-03,20,20,54.08,0.125
700927,3,18/07/2025,22/07/2025,27/07/2025,CUST-141,SKU-1023,WH-03,20,20,19.51,0.05
700927,4,18/07/2025,22/07/2025,27/07/2025,CUST-141,SKU-1005,WH-03,200,160,77.98,0.1
700928,1,18/07/2025,20/07/2025,19/07/2025,CUST-149,SKU-1020,WH-02,75,75,72.1,0
700928,2,18/07/2025,20/07/2025,19/07/2025,CUST-149,SKU-1008,WH-02,25,25,12.26,0
700928,3,18/07/2025,20/07/2025,19/07/2025,CUST-149,SKU-1018,WH-02,50,50,66.93,0.05
700929,1,18/07/2025,21/07/2025,26/07/2025,CUST-132,SKU-1021,WH-01,50,50,50.68,0.05
700930,1,18/07/2025,21/07/2025,20/07/2025,CUST-103,SKU-1018,WH-03,100,100,66.93,0
700931,1,21/07/2025,24/07/2025,23/07/2025,CUST-107,SKU-1002,WH-01,75,75,54.08,0.125
700932,1,21/07/2025,28/07/2025,27/07/2025,CUST-146,SKU-1016,WH-01,200,200,19.18,0.05
700932,2,21/07/2025,28/07/2025,27/07/2025,CUST-146,SKU-1013,WH-01,150,150,75.26,0.1
700932,3,21/07/2025,28/07/2025,27/07/2025,CUST-146,SKU-1019,WH-01,20,20,68.25,0.125
700932,4,21/07/2025,28/07/2025,27/07/2025,CUST-146,SKU-1004,WH-01,20,20,44.52,0.125
700933,1,21/07/2025,24/07/2025,23/07/2025,CUST-112,SKU-1013,WH-02,50,50,75.26,0
700933,2,21/07/2025,24/07/2025,23/07/2025,CUST-112,SKU-1018,WH-02,150,150,66.93,0.05
700933,3,21/07/2025,24/07/2025,23/07/2025,CUST-112,SKU-1008,WH-02,100,100,12.26,0.125
700933,4,21/07/2025,24/07/2025,23/07/2025,CUST-112,SKU-1019,WH-02,75,75,68.25,0
700934,1,21/07/2025,24/07/2025,24/07/2025,CUST-126,SKU-1007,WH-02,10,10,66.6,0
700934,2,21/07/2025,24/07/2025,24/07/2025,CUST-126,SKU-1021,WH-02,75,30,50.68,0
700935,1,21/07/2025,24/07/2025,26/07/2025,CUST-121,SKU-1009,WH-02,200,200,32.15,0.125
700935,2,21/07/2025,24/07/2025,26/07/2025,CUST-121,SKU-1008,WH-02,10,10,12.26,0.125
700936,1,22/07/2025,26/07/2025,27/07/2025,CUST-137,SKU-1002,WH-04,75,75,54.08,0
700937,1,22/07/2025,27/07/2025,28/07/2025,CUST-143,SKU-1024,WH-02,10,10,68.06,0
700937,2,22/07/2025,27/07/2025,28/07/2025,CUST-143,SKU-1003,WH-02,100,100,52.5,0
700937,3,22/07/2025,27/07/2025,28/07/2025,CUST-143,SKU-1015,WH-02,10,6,27.45,0.125
700938,1,22/07/2025,25/07/2025,27/07/2025,CUST-123,SKU-1008,WH-03,75,75,12.26,0.05
700938,2,22/07/2025,25/07/2025,27/07/2025,CUST-123,SKU-1007,WH-03,50,50,66.6,0.125
700939,1,22/07/2025,24/07/2025,24/07/2025,CUST-133,SKU-1011,WH-04,150,150,39.0,0
700939,2,22/07/2025,24/07/2025,24/07/2025,CUST-133,SKU-1011,WH-04,150,135,39.0,0.125
700940,1,22/07/2025,26/07/2025,31/07/2025,CUST-121,SKU-1022,WH-02,75,75,11.23,0.05
700940,2,22/07/2025,26/07/2025,31/07/2025,CUST-121,SKU-1006,WH-02,200,200,54.97,0.05
700940,3,22/07/2025,26/07/2025,31/07/2025,CUST-121,SKU-1001,WH-02,50,50,59.63,0
700941,1,22/07/2025,24/07/2025,23/07/2025,CUST-157,SKU-1014,WH-03,10,10,100.88,0
700941,2,22/07/2025,24/07/2025,23/07/2025,CUST-157,SKU-1024,WH-03,200,200,68.06,0
700942,1,23/07/2025,30/07/2025,29/07/2025,CUST-129,SKU-1015,WH-01,20,20,27.45,0
700942,2,23/07/2025,30/07/2025,29/07/2025,CUST-129,SKU-1017,WH-01,150,150,44.62,0.125
700942,3,23/07/2025,30/07/2025,29/07/2025,CUST-129,SKU-1006,WH-01,50,50,54.97,0
700942,4,23/07/2025,30/07/2025,29/07/2025,CUST-129,SKU-1016,WH-01,150,150,19.18,0
700943,1,23/07/2025,26/07/2025,28/07/2025,CUST-124,SKU-1002,WH-02,150,150,54.08,0
700943,2,23/07/2025,26/07/2025,28/07/2025,CUST-124,SKU-1013,WH-02,25,25,75.26,0
700943,3,23/07/2025,26/07/2025,28/07/2025,CUST-124,SKU-1004,WH-02,50,50,44.52,0.1
700944,1,23/07/2025,25/07/2025,24/07/2025,CUST-128,SKU-1012,WH-04,200,120,54.11,0.125
700945,1,23/07/2025,26/07/2025,26/07/2025,CUST-133,SKU-1018,WH-04,150,150,66.93,0
700945,2,23/07/2025,26/07/2025,26/07/2025,CUST-133,SKU-1016,WH-04,25,25,19.18,0
700945,3,23/07/2025,26/07/2025,26/07/2025,CUST-133,SKU-1005,WH-04,75,67,77.98,0
700945,4,23/07/2025,26/07/2025,26/07/2025,CUST-133,SKU-1018,WH-04,25,25,66.93,0
700946,1,23/07/2025,25/07/2025,27/07/2025,CUST-123,SKU-1021,WH-01,10,10,50.68,0
700947,1,23/07/2025,25/07/2025,24/07/2025,CUST-115,SKU-1007,WH-01,100,40,66.6,0.05
700947,2,23/07/2025,25/07/2025,24/07/2025,CUST-115,SKU-1020,WH-01,50,50,72.1,0
700947,3,23/07/2025,25/07/2025,24/07/2025,CUST-115,SKU-1022,WH-01,50,50,11.23,0
700947,4,23/07/2025,25/07/2025,24/07/2025,CUST-115,SKU-1009,WH-01,20,8,32.15,0
700948,1,23/07/2025,25/07/2025,24/07/2025,CUST-144,SKU-1018,WH-01,75,75,66.93,0
700948,2,23/07/2025,25/07/2025,24/07/2025,CUST-144,SKU-1004,WH-01,200,200,44.52,0.05
700948,3,23/07/2025,25/07/2025,24/07/2025,CUST-144,SKU-1009,WH-01,150,150,32.15,0
700948,4,23/07/2025,25/07/2025,24/07/2025,CUST-144,SKU-1016,WH-01,100,100,19.18,0.05
700949,1,23/07/2025,30/07/2025,30/07/2025,CUST-130,SKU-1001,WH-03,75,45,59.63,0
700949,2,23/07/2025,30/07/2025,30/07/2025,CUST-130,SKU-1008,WH-03,75,75,12.26,0.125
700950,1,23/07/2025,28/07/2025,27/07/2025,CUST-144,SKU-1006,WH-03,75,75,54.97,0.125
700951,1,24/07/2025,27/07/2025,26/07/2025,CUST-130,SKU-1020,WH-03,75,75,72.1,0
700951,2,24/07/2025,27/07/2025,26/07/2025,CUST-130,SKU-1008,WH-03,150,150,12.26,0
700951,3,24/07/2025,27/07/2025,26/07/2025,CUST-130,SKU-1024,WH-03,20,20,68.06,0.1
700951,4,24/07/2025,27/07/2025,26/07/2025,CUST-130,SKU-1015,WH-03,20,20,27.45,0
700952,1,24/07/2025,28/07/2025,27/07/2025,CUST-143,SKU-1002,WH-02,50,50,54.08,0.05
700952,2,24/07/2025,28/07/2025,27/07/2025,CUST-143,SKU-1020,WH-02,75,75,72.1,0.1
700952,3,24/07/2025,28/07/2025,27/07/2025,CUST-143,SKU-1014,WH-02,100,100,100.88,0
700953,1,24/07/2025,28/07/2025,27/07/2025,CUST-156,SKU-1011,WH-02,50,30,39.0,0
700953,2,24/07/2025,28/07/2025,27/07/2025,CUST-156,SKU-1001,WH-02,75,67,59.63,0
700953,3,24/07/2025,28/07/2025,27/07/2025,CUST-156,SKU-1005,WH-02,100,100,77.98,0.125
700953,4,24/07/2025,28/07/2025,27/07/2025,CUST-156,SKU-1013,WH-02,25,15,75.26,0
700954,1,24/07/2025,26/07/2025,25/07/2025,CUST-110,SKU-1006,WH-02,75,75,54.97,0.125
700954,2,24/07/2025,26/07/2025,25/07/2025,CUST-110,SKU-1015,WH-02,50,50,27.45,0
700954,3,24/07/2025,26/07/2025,25/07/2025,CUST-110,SKU-1012,WH-02,10,10,54.11,0
700954,4,24/07/2025,26/07/2025,25/07/2025,CUST-110,SKU-1005,WH-02,150,150,77.98,0.1
700955,1,24/07/2025,28/07/2025,29/07/2025,CUST-153,SKU-1011,WH-04,20,20,39.0,0.05
700955,2,24/07/2025,28/07/2025,29/07/2025,CUST-153,SKU-1017,WH-04,20,8,44.62,0.125
700956,1,25/07/2025,29/07/2025,30/07/2025,CUST-114,SKU-1005,WH-02,100,100,77.98,0.125
700956,2,25/07/2025,29/07/2025,30/07/2025,CUST-114,SKU-1021,WH-02,75,75,50.68,0
700956,3,25/07/2025,29/07/2025,30/07/2025,CUST-114,SKU-1011,WH-02,25,25,39.0,0.125
700956,4,25/07/2025,29/07/2025,30/07/2025,CUST-114,SKU-1004,WH-02,150,150,44.52,0.125
700957,1,25/07/2025,28/07/2025,27/07/2025,CUST-140,SKU-1009,WH-01,50,50,32.15,0
700958,1,25/07/2025,28/07/2025,28/07/2025,CUST-146,SKU-1003,WH-03,200,200,52.5,0
700958,2,25/07/2025,28/07/2025,28/07/2025,CUST-146,SKU-1010,WH-03,200,200,75.49,0
700958,3,25/07/2025,28/07/2025,28/07/2025,CUST-146,SKU-1022,WH-03,10,10,11.23,0.125
700958,4,25/07/2025,28/07/2025,28/07/2025,CUST-146,SKU-1020,WH-03,20,20,72.1,0.05
700959,1,25/07/2025,01/08/2025,01/08/2025,CUST-104,SKU-1006,WH-04,75,30,54.97,0
700959,2,25/07/2025,01/08/2025,01/08/2025,CUST-104,SKU-1004,WH-04,200,200,44.52,0
700959,3,25/07/2025,01/08/2025,01/08/2025,CUST-104,SKU-1010,WH-04,10,10,75.49,0.05
700960,1,25/07/2025,28/07/2025,27/07/2025,CUST-145,SKU-1011,WH-01,25,25,39.0,0.125
700961,1,28/07/2025,04/08/2025,03/08/2025,CUST-143,SKU-1003,WH-03,20,20,52.5,0
700961,2,28/07/2025,04/08/2025,03/08/2025,CUST-143,SKU-1019,WH-03,10,10,68.25,0
700962,1,28/07/2025,04/08/2025,03/08/2025,CUST-156,SKU-1012,WH-04,10,10,54.11,0.05
700962,2,28/07/2025,04/08/2025,03/08/2025,CUST-156,SKU-1009,WH-04,200,200,32.15,0
700963,1,28/07/2025,01/08/2025,03/08/2025,CUST-125,SKU-1004,WH-03,75,75,44.52,0
700963,2,28/07/2025,01/08/2025,03/08/2025,CUST-125,SKU-1019,WH-03,50,50,68.25,0
700964,1,28/07/2025,04/08/2025,04/08/2025,CUST-144,SKU-1004,WH-01,10,10,44.52,0
700964,2,28/07/2025,04/08/2025,04/08/2025,CUST-144,SKU-1008,WH-01,50,30,12.26,0.125
700964,3,28/07/2025,04/08/2025,04/08/2025,CUST-144,SKU-1015,WH-01,20,20,27.45,0
700965,1,28/07/2025,30/07/2025,29/07/2025,CUST-151,SKU-1002,WH-03,100,100,54.08,0.1
700965,2,28/07/2025,30/07/2025,29/07/2025,CUST-151,SKU-1023,WH-03,20,20,19.51,0
700965,3,28/07/2025,30/07/2025,29/07/2025,CUST-151,SKU-1010,WH-03,20,20,75.49,0
700965,4,28/07/2025,30/07/2025,29/07/2025,CUST-151,SKU-1009,WH-03,200,200,32.15,0.1
700966,1,28/07/2025,30/07/2025,29/07/2025,CUST-150,SKU-1024,WH-01,100,100,68.06,0.125
700967,1,29/07/2025,05/08/2025,05/08/2025,CUST-104,SKU-1003,WH-01,200,160,52.5,0
700967,2,29/07/2025,05/08/2025,05/08/2025,CUST-104,SKU-1021,WH-01,100,100,50.68,0.1
700968,1,29/07/2025,05/08/2025,04/08/2025,CUST-128,SKU-1003,WH-01,50,50,52.5,0.125
700969,1,29/07/2025,05/08/2025,04/08/2025,CUST-115,SKU-1001,WH-04,75,75,59.63,0
700969,2,29/07/2025,05/08/2025,04/08/2025,CUST-115,SKU-1016,WH-04,200,200,19.18,0
700969,3,29/07/2025,05/08/2025,04/08/2025,CUST-115,SKU-1012,WH-04,75,67,54.11,0
700969,4,29/07/2025,05/08/2025,04/08/2025,CUST-115,SKU-1005,WH-04,10,10,77.98,0
700970,1,29/07/2025,03/08/2025,02/08/2025,CUST-122,SKU-1022,WH-03,150,150,11.23,0
700971,1,29/07/2025,01/08/2025,01/08/2025,CUST-101,SKU-1024,WH-01,100,100,68.06,0
700971,2,29/07/2025,01/08/2025,01/08/2025,CUST-101,SKU-1009,WH-01,10,4,32.15,0
700971,3,29/07/2025,01/08/2025,01/08/2025,CUST-101,SKU-1009,WH-01,75,67,32.15,0.125
700972,1,30/07/2025,02/08/2025,04/08/2025,CUST-137,SKU-1021,WH-02,150,150,50.68,0
700972,2,30/07/2025,02/08/2025,04/08/2025,CUST-137,SKU-1020,WH-02,150,150,72.1,0.05
700972,3,30/07/2025,02/08/2025,04/08/2025,CUST-137,SKU-1006,WH-02,10,10,54.97,0
700973,1,30/07/2025,06/08/2025,05/08/2025,CUST-144,SKU-1023,WH-01,25,25,19.51,0
700973,2,30/07/2025,06/08/2025,05/08/2025,CUST-144,SKU-1001,WH-01,150,150,59.63,0
700973,3,30/07/2025,06/08/2025,05/08/2025,CUST-144,SKU-1011,WH-01,20,20,39.0,0.125
700973,4,30/07/2025,06/08/2025,05/08/2025,CUST-144,SKU-1013,WH-01,150,150,75.26,0.125
700974,1,30/07/2025,01/08/2025,31/07/2025,CUST-117,SKU-1020,WH-01,50,50,72.1,0
700974,2,30/07/2025,01/08/2025,31/07/2025,CUST-117,SKU-1010,WH-01,150,150,75.49,0
700974,3,30/07/2025,01/08/2025,31/07/2025,CUST-117,SKU-1020,WH-01,75,75,72.1,0.125
700975,1,30/07/2025,04/08/2025,04/08/2025,CUST-159,SKU-1021,WH-01,200,80,50.68,0
700975,2,30/07/2025,04/08/2025,04/08/2025,CUST-159,SKU-1015,WH-01,150,150,27.45,0
700975,3,30/07/2025,04/08/2025,04/08/2025,CUST-159,SKU-1013,WH-01,75,75,75.26,0.125
700975,4,30/07/2025,04/08/2025,04/08/2025,CUST-159,SKU-1013,WH-01,50,50,75.26,0
700976,1,31/07/2025,04/08/2025,09/08/2025,CUST-123,SKU-1021,WH-02,25,25,50.68,0.125
700976,2,31/07/2025,04/08/2025,09/08/2025,CUST-123,SKU-1016,WH-02,75,75,19.18,0
700976,3,31/07/2025,04/08/2025,09/08/2025,CUST-123,SKU-1013,WH-02,150,150,75.26,0
700976,4,31/07/2025,04/08/2025,09/08/2025,CUST-123,SKU-1014,WH-02,50,50,100.88,0.1
700977,1,31/07/2025,04/08/2025,03/08/2025,CUST-120,SKU-1019,WH-03,150,150,68.25,0.05
700978,1,31/07/2025,04/08/2025,03/08/2025,CUST-124,SKU-1015,WH-03,25,25,27.45,0.125
700978,2,31/07/2025,04/08/2025,03/08/2025,CUST-124,SKU-1001,WH-03,10,10,59.63,0.1
700979,1,31/07/2025,03/08/2025,02/08/2025,CUST-152,SKU-1018,WH-02,150,120,66.93,0
700979,2,31/07/2025,03/08/2025,02/08/2025,CUST-152,SKU-1007,WH-02,10,10,66.6,0
700980,1,31/07/2025,03/08/2025,02/08/2025,CUST-137,SKU-1017,WH-04,20,20,44.62,0
700980,2,31/07/2025,03/08/2025,02/08/2025,CUST-137,SKU-1004,WH-04,75,60,44.52,0.05
700980,3,31/07/2025,03/08/2025,02/08/2025,CUST-137,SKU-1012,WH-04,50,50,54.11,0
700981,1,31/07/2025,03/08/2025,08/08/2025,CUST-101,SKU-1024,WH-02,10,10,68.06,0.125
700981,2,31/07/2025,03/08/2025,08/08/2025,CUST-101,SKU-1014,WH-02,100,100,100.88,0.125
700981,3,31/07/2025,03/08/2025,08/08/2025,CUST-101,SKU-1018,WH-02,25,25,66.93,0
700981,4,31/07/2025,03/08/2025,08/08/2025,CUST-101,SKU-1024,WH-02,150,150,68.06,0
700982,1,01/08/2025,03/08/2025,04/08/2025,CUST-160,SKU-1007,WH-02,10,10,66.6,0
700983,1,01/08/2025,08/08/2025,07/08/2025,CUST-138,SKU-1015,WH-02,20,20,27.45,0
700984,1,01/08/2025,03/08/2025,03/08/2025,CUST-126,SKU-1022,WH-01,50,50,11.23,0
700984,2,01/08/2025,03/08/2025,03/08/2025,CUST-126,SKU-1018,WH-01,200,200,66.93,0
700984,3,01/08/2025,03/08/2025,03/08/2025,CUST-126,SKU-1024,WH-01,75,75,68.06,0
700985,1,01/08/2025,08/08/2025,13/08/2025,CUST-152,SKU-1010,WH-03,200,200,75.49,0.125
700985,2,01/08/2025,08/08/2025,13/08/2025,CUST-152,SKU-1015,WH-03,20,20,27.45,0
700985,3,01/08/2025,08/08/2025,13/08/2025,CUST-152,SKU-1008,WH-03,200,200,12.26,0
700986,1,01/08/2025,05/08/2025,05/08/2025,CUST-142,SKU-1004,WH-03,20,12,44.52,0.1
700987,1,04/08/2025,11/08/2025,10/08/2025,CUST-158,SKU-1004,WH-02,10,10,44.52,0.125
700987,2,04/08/2025,11/08/2025,10/08/2025,CUST-158,SKU-1008,WH-02,75,75,12.26,0.1
700988,1,04/08/2025,11/08/2025,11/08/2025,CUST-114,SKU-1015,WH-02,20,20,27.45,0.1
700988,2,04/08/2025,11/08/2025,11/08/2025,CUST-114,SKU-1002,WH-02,150,150,54.08,0.05
700989,1,04/08/2025,08/08/2025,13/08/2025,CUST-102,SKU-1020,WH-03,150,150,72.1,0
700989,2,04/08/2025,08/08/2025,13/08/2025,CUST-102,SKU-1007,WH-03,10,10,66.6,0
700989,3,04/08/2025,08/08/2025,13/08/2025,CUST-102,SKU-1012,WH-03,150,150,54.11,0.1
700989,4,04/08/2025,08/08/2025,13/08/2025,CUST-102,SKU-1011,WH-03,75,75,39.0,0.1
700990,1,04/08/2025,07/08/2025,07/08/2025,CUST-148,SKU-1004,WH-03,25,25,44.52,0
700990,2,04/08/2025,07/08/2025,07/08/2025,CUST-148,SKU-1017,WH-03,10,10,44.62,0
700991,1,04/08/2025,07/08/2025,09/08/2025,CUST-124,SKU-1010,WH-03,150,150,75.49,0.05
700992,1,04/08/2025,08/08/2025,08/08/2025,CUST-126,SKU-1010,WH-04,75,75,75.49,0
700993,1,05/08/2025,07/08/2025,06/08/2025,CUST-125,SKU-1020,WH-03,25,25,72.1,0
700994,1,05/08/2025,08/08/2025,07/08/2025,CUST-131,SKU-1021,WH-02,20,20,50.68,0
700994,2,05/08/2025,08/08/2025,07/08/2025,CUST-131,SKU-1020,WH-02,20,18,72.1,0
700994,3,05/08/2025,08/08/2025,07/08/2025,CUST-131,SKU-1007,WH-02,200,200,66.6,0.05
700994,4,05/08/2025,08/08/2025,07/08/2025,CUST-131,SKU-1001,WH-02,20,20,59.63,0
700995,1,05/08/2025,12/08/2025,12/08/2025,CUST-126,SKU-1006,WH-02,20,20,54.97,0
700995,2,05/08/2025,12/08/2025,12/08/2025,CUST-126,SKU-1013,WH-02,20,20,75.26,0
700995,3,05/08/2025,12/08/2025,12/08/2025,CUST-126,SKU-1004,WH-02,100,100,44.52,0
700995,4,05/08/2025,12/08/2025,12/08/2025,CUST-126,SKU-1003,WH-02,75,75,52.5,0.125
700996,1,05/08/2025,10/08/2025,09/08/2025,CUST-143,SKU-1023,WH-04,25,10,19.51,0
700996,2,05/08/2025,10/08/2025,09/08/2025,CUST-143,SKU-1001,WH-04,25,25,59.63,0
700996,3,05/08/2025,10/08/2025,09/08/2025,CUST-143,SKU-1001,WH-04,100,100,59.63,0
700997,1,05/08/2025,08/08/2025,07/08/2025,CUST-155,SKU-1015,WH-01,20,20,27.45,0.05
700997,2,05/08/2025,08/08/2025,07/08/2025,CUST-155,SKU-1022,WH-01,10,10,11.23,0.1
700997,3,05/08/2025,08/08/2025,07/08/2025,CUST-155,SKU-1003,WH-01,100,100,52.5,0
700998,1,05/08/2025,07/08/2025,06/08/2025,CUST-105,SKU-1020,WH-02,25,25,72.1,0
700998,2,05/08/2025,07/08/2025,06/08/2025,CUST-105,SKU-1004,WH-02,50,50,44.52,0.05
700998,3,05/08/2025,07/08/2025,06/08/2025,CUST-105,SKU-1004,WH-02,10,10,44.52,0
700998,4,05/08/2025,07/08/2025,06/08/2025,CUST-105,SKU-1003,WH-02,25,25,52.5,0.125
700999,1,05/08/2025,09/08/2025,09/08/2025,CUST-107,SKU-1020,WH-03,75,75,72.1,0
701000,1,05/08/2025,07/08/2025,07/08/2025,CUST-117,SKU-1022,WH-02,50,50,11.23,0
701000,2,05/08/2025,07/08/2025,07/08/2025,CUST-117,SKU-1022,WH-02,25,25,11.23,0
701000,3,05/08/2025,07/08/2025,07/08/2025,CUST-117,SKU-1016,WH-02,10,10,19.18,0
701000,4,05/08/2025,07/08/2025,07/08/2025,CUST-117,SKU-1015,WH-02,20,20,27.45,0
701001,1,05/08/2025,10/08/2025,09/08/2025,CUST-135,SKU-1019,WH-03,200,200,68.25,0.05
701001,2,05/08/2025,10/08/2025,09/08/2025,CUST-135,SKU-1001,WH-03,20,16,59.63,0
701002,1,06/08/2025,09/08/2025,11/08/2025,CUST-102,SKU-1023,WH-03,150,150,19.51,0
701002,2,06/08/2025,09/08/2025,11/08/2025,CUST-102,SKU-1007,WH-03,100,100,66.6,0.05
701002,3,06/08/2025,09/08/2025,11/08/2025,CUST-102,SKU-1006,WH-03,25,10,54.97,0.05
701002,4,06/08/2025,09/08/2025,11/08/2025,CUST-102,SKU-1022,WH-03,75,75,11.23,0
701003,1,06/08/2025,09/08/2025,09/08/2025,CUST-156,SKU-1018,WH-02,25,25,66.93,0
701003,2,06/08/2025,09/08/2025,09/08/2025,CUST-156,SKU-1014,WH-02,150,150,100.88,0.1
701003,3,06/08/2025,09/08/2025,09/08/2025,CUST-156,SKU-1017,WH-02,200,200,44.62,0
701003,4,06/08/2025,09/08/2025,09/08/2025,CUST-156,SKU-1005,WH-02,20,20,77.98,0
701004,1,06/08/2025,08/08/2025,07/08/2025,CUST-102,SKU-1022,WH-02,25,25,11.23,0.125
701004,2,06/08/2025,08/08/2025,07/08/2025,CUST-102,SKU-1017,WH-02,25,25,44.62,0.125
701004,3,06/08/2025,08/08/2025,07/08/2025,CUST-102,SKU-1020,WH-02,10,10,72.1,0.1
701004,4,06/08/2025,08/08/2025,07/08/2025,CUST-102,SKU-1024,WH-02,50,50,68.06,0.05
701005,1,06/08/2025,08/08/2025,07/08/2025,CUST-116,SKU-1004,WH-02,150,150,44.52,0
701005,2,06/08/2025,08/08/2025,07/08/2025,CUST-116,SKU-1024,WH-02,150,150,68.06,0
701005,3,06/08/2025,08/08/2025,07/08/2025,CUST-116,SKU-1010,WH-02,10,10,75.49,0
701006,1,07/08/2025,10/08/2025,09/08/2025,CUST-117,SKU-1009,WH-02,10,10,32.15,0.1
701006,2,07/08/2025,10/08/2025,09/08/2025,CUST-117,SKU-1005,WH-02,20,20,77.98,0.05
701006,3,07/08/2025,10/08/2025,09/08/2025,CUST-117,SKU-1015,WH-02,150,150,27.45,0
701007,1,07/08/2025,11/08/2025,11/08/2025,CUST-118,SKU-1012,WH-01,200,200,54.11,0
701008,1,07/08/2025,14/08/2025,16/08/2025,CUST-126,SKU-1008,WH-04,100,100,12.26,0.125
701008,2,07/08/2025,14/08/2025,16/08/2025,CUST-126,SKU-1021,WH-04,75,75,50.68,0.1
701008,3,07/08/2025,14/08/2025,16/08/2025,CUST-126,SKU-1021,WH-04,75,75,50.68,0
701008,4,07/08/2025,14/08/2025,16/08/2025,CUST-126,SKU-1024,WH-04,75,75,68.06,0.1
701009,1,07/08/2025,14/08/2025,13/08/2025,CUST-104,SKU-1023,WH-01,75,75,19.51,0
701009,2,07/08/2025,14/08/2025,13/08/2025,CUST-104,SKU-1022,WH-01,150,90,11.23,0
701009,3,07/08/2025,14/08/2025,13/08/2025,CUST-104,SKU-1021,WH-01,200,200,50.68,0.05
701009,4,07/08/2025,14/08/2025,13/08/2025,CUST-104,SKU-1019,WH-01,150,150,68.25,0.05
701010,1,07/08/2025,09/08/2025,08/08/2025,CUST-140,SKU-1020,WH-03,100,100,72.1,0
701010,2,07/08/2025,09/08/2025,08/08/2025,CUST-140,SKU-1018,WH-03,75,75,66.93,0.125
701011,1,07/08/2025,14/08/2025,19/08/2025,CUST-108,SKU-1016,WH-03,10,10,19.18,0.125
701011,2,07/08/2025,14/08/2025,19/08/2025,CUST-108,SKU-1012,WH-03,150,135,54.11,0.125
701011,3,07/08/2025,14/08/2025,19/08/2025,CUST-108,SKU-1016,WH-03,10,10,19.18,0.125
701011,4,07/08/2025,14/08/2025,19/08/2025,CUST-108,SKU-1019,WH-03,25,25,68.25,0.05
701012,1,07/08/2025,11/08/2025,10/08/2025,CUST-144,SKU-1007,WH-04,25,25,66.6,0.125
701012,2,07/08/2025,11/08/2025,10/08/2025,CUST-144,SKU-1023,WH-04,25,25,19.51,0
701012,3,07/08/2025,11/08/2025,10/08/2025,CUST-144,SKU-1022,WH-04,50,50,11.23,0.05
701013,1,07/08/2025,11/08/2025,11/08/2025,CUST-145,SKU-1014,WH-03,50,50,100.88,0
701014,1,07/08/2025,10/08/2025,12/08/2025,CUST-134,SKU-1016,WH-04,10,8,19.18,0
701014,2,07/08/2025,10/08/2025,12/08/2025,CUST-134,SKU-1008,WH-04,200,200,12.26,0.05
701014,3,07/08/2025,10/08/2025,12/08/2025,CUST-134,SKU-1014,WH-04,50,20,100.88,0.1
701015,1,08/08/2025,11/08/2025,11/08/2025,CUST-136,SKU-1014,WH-03,50,50,100.88,0.1
701015,2,08/08/2025,11/08/2025,11/08/2025,CUST-136,SKU-1013,WH-03,20,18,75.26,0
701016,1,08/08/2025,10/08/2025,09/08/2025,CUST-114,SKU-1006,WH-01,20,18,54.97,0.05
701016,2,08/08/2025,10/08/2025,09/08/2025,CUST-114,SKU-1003,WH-01,200,200,52.5,0.1
701016,3,08/08/2025,10/08/2025,09/08/2025,CUST-114,SKU-1021,WH-01,100,100,50.68,0
701016,4,08/08/2025,10/08/2025,09/08/2025,CUST-114,SKU-1003,WH-01,10,10,52.5,0
701017,1,08/08/2025,10/08/2025,12/08/2025,CUST-109,SKU-1019,WH-03,100,100,68.25,0
701017,2,08/08/2025,10/08/2025,12/08/2025,CUST-109,SKU-1022,WH-03,150,150,11.23,0
701018,1,08/08/2025,11/08/2025,11/08/2025,CUST-114,SKU-1016,WH-01,10,10,19.18,0.1
701018,2,08/08/2025,11/08/2025,11/08/2025,CUST-114,SKU-1021,WH-01,75,75,50.68,0.125
701018,3,08/08/2025,11/08/2025,11/08/2025,CUST-114,SKU-1011,WH-01,50,50,39.0,0.1
701019,1,08/08/2025,15/08/2025,14/08/2025,CUST-107,SKU-1018,WH-02,100,100,66.93,0.05
701020,1,08/08/2025,11/08/2025,11/08/2025,CUST-135,SKU-1015,WH-04,50,50,27.45,0
701020,2,08/08/2025,11/08/2025,11/08/2025,CUST-135,SKU-1007,WH-04,200,180,66.6,0.1
701020,3,08/08/2025,11/08/2025,11/08/2025,CUST-135,SKU-1023,WH-04,10,10,19.51,0
701021,1,08/08/2025,11/08/2025,10/08/2025,CUST-112,SKU-1006,WH-03,20,20,54.97,0
701021,2,08/08/2025,11/08/2025,10/08/2025,CUST-112,SKU-1020,WH-03,200,80,72.1,0
701022,1,08/08/2025,11/08/2025,10/08/2025,CUST-156,SKU-1012,WH-03,200,200,54.11,0.05
701022,2,08/08/2025,11/08/2025,10/08/2025,CUST-156,SKU-1016,WH-03,150,150,19.18,0.125
701023,1,08/08/2025,13/08/2025,15/08/2025,CUST-125,SKU-1011,WH-03,10,10,39.0,0.05
701023,2,08/08/2025,13/08/2025,15/08/2025,CUST-125,SKU-1022,WH-03,20,20,11.23,0
701023,3,08/08/2025,13/08/2025,15/08/2025,CUST-125,SKU-1019,WH-03,20,20,68.25,0
701023,4,08/08/2025,13/08/2025,15/08/2025,CUST-125,SKU-1011,WH-03,50,50,39.0,0.1
701024,1,11/08/2025,16/08/2025,16/08/2025,CUST-131,SKU-1012,WH-03,150,150,54.11,0.125
701025,1,11/08/2025,14/08/2025,13/08/2025,CUST-113,SKU-1023,WH-02,50,20,19.51,0.05
701025,2,11/08/2025,14/08/2025,13/08/2025,CUST-113,SKU-1002,WH-02,10,10,54.08,0.1
701025,3,11/08/2025,14/08/2025,13/08/2025,CUST-113,SKU-1014,WH-02,150,150,100.88,0
701025,4,11/08/2025,14/08/2025,13/08/2025,CUST-113,SKU-1008,WH-02,25,25,12.26,0.125
701026,1,11/08/2025,14/08/2025,19/08/2025,CUST-142,SKU-1024,WH-04,200,200,68.06,0
701027,1,11/08/2025,14/08/2025,16/08/2025,CUST-139,SKU-1014,WH-03,200,200,100.88,0
701027,2,11/08/2025,14/08/2025,16/08/2025,CUST-139,SKU-1010,WH-03,25,25,75.49,0
701028,1,12/08/2025,17/08/2025,19/08/2025,CUST-108,SKU-1022,WH-04,75,75,11.23,0.05
701029,1,12/08/2025,15/08/2025,17/08/2025,CUST-112,SKU-1022,WH-02,20,12,11.23,0.125
701029,2,12/08/2025,15/08/2025,17/08/2025,CUST-112,SKU-1001,WH-02,25,25,59.63,0
701029,3,12/08/2025,15/08/2025,17/08/2025,CUST-112,SKU-1002,WH-02,20,20,54.08,0
701029,4,12/08/2025,15/08/2025,17/08/2025,CUST-112,SKU-1008,WH-02,20,20,12.26,0.05
701030,1,12/08/2025,15/08/2025,15/08/2025,CUST-146,SKU-1018,WH-03,75,75,66.93,0
701030,2,12/08/2025,15/08/2025,15/08/2025,CUST-146,SKU-1003,WH-03,100,100,52.5,0.125
701030,3,12/08/2025,15/08/2025,15/08/2025,CUST-146,SKU-1014,WH-03,100,100,100.88,0
701031,1,12/08/2025,19/08/2025,18/08/2025,CUST-108,SKU-1022,WH-01,75,75,11.23,0
701032,1,12/08/2025,14/08/2025,13/08/2025,CUST-125,SKU-1013,WH-03,100,100,75.26,0
701032,2,12/08/2025,14/08/2025,13/08/2025,CUST-125,SKU-1023,WH-03,100,100,19.51,0
701032,3,12/08/2025,14/08/2025,13/08/2025,CUST-125,SKU-1008,WH-03,75,75,12.26,0
701033,1,13/08/2025,16/08/2025,18/08/2025,CUST-113,SKU-1004,WH-04,25,10,44.52,0.1
701033,2,13/08/2025,16/08/2025,18/08/2025,CUST-113,SKU-1022,WH-04,75,75,11.23,0
701034,1,13/08/2025,18/08/2025,20/08/2025,CUST-157,SKU-1010,WH-03,50,45,75.49,0.125
701034,2,13/08/2025,18/08/2025,20/08/2025,CUST-157,SKU-1006,WH-03,75,60,54.97,0
701034,3,13/08/2025,18/08/2025,20/08/2025,CUST-157,SKU-1006,WH-03,20,20,54.97,0.05
701034,4,13/08/2025,18/08/2025,20/08/2025,CUST-157,SKU-1005,WH-03,150,150,77.98,0
701035,1,13/08/2025,20/08/2025,19/08/2025,CUST-112,SKU-1017,WH-03,10,8,44.62,0
701035,2,13/08/2025,20/08/2025,19/08/2025,CUST-112,SKU-1006,WH-03,200,200,54.97,0.05
701035,3,13/08/2025,20/08/2025,19/08/2025,CUST-112,SKU-1018,WH-03,150,150,66.93,0.125
701036,1,13/08/2025,16/08/2025,16/08/2025,CUST-108,SKU-1017,WH-01,20,20,44.62,0
701036,2,13/08/2025,16/08/2025,16/08/2025,CUST-108,SKU-1009,WH-01,25,25,32.15,0.1
701036,3,13/08/2025,16/08/2025,16/08/2025,CUST-108,SKU-1009,WH-01,100,80,32.15,0.125
701036,4,13/08/2025,16/08/2025,16/08/2025,CUST-108,SKU-1010,WH-01,150,60,75.49,0.125
701037,1,14/08/2025,17/08/2025,17/08/2025,CUST-107,SKU-1005,WH-02,25,25,77.98,0.125
701037,2,14/08/2025,17/08/2025,17/08/2025,CUST-107,SKU-1002,WH-02,150,150,54.08,0
701037,3,14/08/2025,17/08/2025,17/08/2025,CUST-107,SKU-1003,WH-02,20,20,52.5,0.125
701038,1,14/08/2025,16/08/2025,15/08/2025,CUST-134,SKU-1005,WH-03,20,20,77.98,0
701039,1,14/08/2025,19/08/2025,18/08/2025,CUST-160,SKU-1015,WH-02,75,60,27.45,0.1
701039,2,14/08/2025,19/08/2025,18/08/2025,CUST-160,SKU-1007,WH-02,200,200,66.6,0
701039,3,14/08/2025,19/08/2025,18/08/2025,CUST-160,SKU-1009,WH-02,100,100,32.15,0.05
701040,1,14/08/2025,18/08/2025,20/08/2025,CUST-154,SKU-1017,WH-02,50,50,44.62,0
701040,2,14/08/2025,18/08/2025,20/08/2025,CUST-154,SKU-1001,WH-02,50,30,59.63,0.05
701040,3,14/08/2025,18/08/2025,20/08/2025,CUST-154,SKU-1022,WH-02,10,10,11.23,0.1
701041,1,14/08/2025,17/08/2025,16/08/2025,CUST-122,SKU-1018,WH-02,20,20,66.93,0
701041,2,14/08/2025,17/08/2025,16/08/2025,CUST-122,SKU-1023,WH-02,150,135,19.51,0
701041,3,14/08/2025,17/08/2025,16/08/2025,CUST-122,SKU-1001,WH-02,200,200,59.63,0.05
701042,1,14/08/2025,18/08/2025,17/08/2025,CUST-108,SKU-1014,WH-04,100,100,100.88,0.1
701042,2,14/08/2025,18/08/2025,17/08/2025,CUST-108,SKU-1014,WH-04,100,100,100.88,0
701042,3,14/08/2025,18/08/2025,17/08/2025,CUST-108,SKU-1001,WH-04,100,100,59.63,0
701042,4,14/08/2025,18/08/2025,17/08/2025,CUST-108,SKU-1016,WH-04,20,20,19.18,0.05
701043,1,14/08/2025,19/08/2025,18/08/2025,CUST-110,SKU-1017,WH-03,20,18,44.62,0.125
701043,2,14/08/2025,19/08/2025,18/08/2025,CUST-110,SKU-1004,WH-03,10,10,44.52,0
701043,3,14/08/2025,19/08/2025,18/08/2025,CUST-110,SKU-1018,WH-03,100,100,66.93,0
701043,4,14/08/2025,19/08/2025,18/08/2025,CUST-110,SKU-1015,WH-03,20,20,27.45,0.05
701044,1,14/08/2025,17/08/2025,19/08/2025,CUST-139,SKU-1005,WH-04,100,100,77.98,0.125
701044,2,14/08/2025,17/08/2025,19/08/2025,CUST-139,SKU-1006,WH-04,100,100,54.97,0.05
701045,1,15/08/2025,19/08/2025,18/08/2025,CUST-139,SKU-1003,WH-02,100,80,52.5,0
701046,1,15/08/2025,19/08/2025,18/08/2025,CUST-137,SKU-1012,WH-01,25,25,54.11,0
701047,1,15/08/2025,18/08/2025,18/08/2025,CUST-118,SKU-1024,WH-04,100,100,68.06,0
701047,2,15/08/2025,18/08/2025,18/08/2025,CUST-118,SKU-1005,WH-04,200,200,77.98,0.05
701047,3,15/08/2025,18/08/2025,18/08/2025,CUST-118,SKU-1020,WH-04,100,100,72.1,0
701048,1,15/08/2025,18/08/2025,17/08/2025,CUST-110,SKU-1003,WH-04,200,200,52.5,0
701048,2,15/08/2025,18/08/2025,17/08/2025,CUST-110,SKU-1019,WH-04,20,20,68.25,0
701049,1,15/08/2025,18/08/2025,17/08/2025,CUST-131,SKU-1016,WH-03,200,200,19.18,0
701050,1,15/08/2025,18/08/2025,17/08/2025,CUST-122,SKU-1023,WH-04,150,150,19.51,0.1
701051,1,15/08/2025,19/08/2025,24/08/2025,CUST-156,SKU-1016,WH-04,200,200,19.18,0.1
701051,2,15/08/2025,19/08/2025,24/08/2025,CUST-156,SKU-1001,WH-04,20,20,59.63,0
701052,1,15/08/2025,17/08/2025,16/08/2025,CUST-157,SKU-1019,WH-03,100,60,68.25,0
701052,2,15/08/2025,17/08/2025,16/08/2025,CUST-157,SKU-1021,WH-03,10,6,50.68,0
701052,3,15/08/2025,17/08/2025,16/08/2025,CUST-157,SKU-1009,WH-03,50,20,32.15,0.1
701052,4,15/08/2025,17/08/2025,16/08/2025,CUST-157,SKU-1010,WH-03,150,150,75.49,0
701053,1,18/08/2025,21/08/2025,21/08/2025,CUST-104,SKU-1012,WH-02,150,150,54.11,0.05
701053,2,18/08/2025,21/08/2025,21/08/2025,CUST-104,SKU-1010,WH-02,25,25,75.49,0.125
701053,3,18/08/2025,21/08/2025,21/08/2025,CUST-104,SKU-1011,WH-02,150,150,39.0,0
701053,4,18/08/2025,21/08/2025,21/08/2025,CUST-104,SKU-1020,WH-02,100,100,72.1,0
701054,1,18/08/2025,21/08/2025,23/08/2025,CUST-160,SKU-1018,WH-01,200,200,66.93,0
701055,1,18/08/2025,22/08/2025,22/08/2025,CUST-159,SKU-1006,WH-02,150,150,54.97,0
701056,1,18/08/2025,21/08/2025,22/08/2025,CUST-158,SKU-1013,WH-02,150,150,75.26,0.1
701056,2,18/08/2025,21/08/2025,22/08/2025,CUST-158,SKU-1016,WH-02,150,150,19.18,0
701057,1,18/08/2025,22/08/2025,21/08/2025,CUST-145,SKU-1007,WH-03,75,75,66.6,0
701057,2,18/08/2025,22/08/2025,21/08/2025,CUST-145,SKU-1003,WH-03,10,6,52.5,0.1
701057,3,18/08/2025,22/08/2025,21/08/2025,CUST-145,SKU-1020,WH-03,200,200,72.1,0
701058,1,18/08/2025,22/08/2025,21/08/2025,CUST-142,SKU-1021,WH-04,25,25,50.68,0
701058,2,18/08/2025,22/08/2025,21/08/2025,CUST-142,SKU-1017,WH-04,75,75,44.62,0.125
701058,3,18/08/2025,22/08/2025,21/08/2025,CUST-142,SKU-1015,WH-04,50,50,27.45,0.125
701059,1,18/08/2025,21/08/2025,20/08/2025,CUST-153,SKU-1012,WH-02,10,10,54.11,0.05
701059,2,18/08/2025,21/08/2025,20/08/2025,CUST-153,SKU-1015,WH-02,10,6,27.45,0
701059,3,18/08/2025,21/08/2025,20/08/2025,CUST-153,SKU-1019,WH-02,200,200,68.25,0
701059,4,18/08/2025,21/08/2025,20/08/2025,CUST-153,SKU-1007,WH-02,200,200,66.6,0
701060,1,18/08/2025,25/08/2025,24/08/2025,CUST-150,SKU-1010,WH-01,200,200,75.49,0
701060,2,18/08/2025,25/08/2025,24/08/2025,CUST-150,SKU-1011,WH-01,75,75,39.0,0.1
701060,3,18/08/2025,25/08/2025,24/08/2025,CUST-150,SKU-1017,WH-01,100,80,44.62,0.1
701060,4,18/08/2025,25/08/2025,24/08/2025,CUST-150,SKU-1013,WH-01,20,20,75.26,0.05
701061,1,19/08/2025,22/08/2025,21/08/2025,CUST-150,SKU-1001,WH-03,75,75,59.63,0
701061,2,19/08/2025,22/08/2025,21/08/2025,CUST-150,SKU-1022,WH-03,50,50,11.23,0.05
701061,3,19/08/2025,22/08/2025,21/08/2025,CUST-150,SKU-1023,WH-03,150,150,19.51,0
701062,1,19/08/2025,23/08/2025,22/08/2025,CUST-132,SKU-1007,WH-03,20,20,66.6,0.1
701063,1,19/08/2025,21/08/2025,21/08/2025,CUST-154,SKU-1014,WH-04,100,80,100.88,0.05
701063,2,19/08/2025,21/08/2025,21/08/2025,CUST-154,SKU-1013,WH-04,150,135,75.26,0.05
701064,1,19/08/2025,21/08/2025,20/08/2025,CUST-144,SKU-1024,WH-04,50,50,68.06,0.05
701064,2,19/08/2025,21/08/2025,20/08/2025,CUST-144,SKU-1019,WH-04,200,200,68.25,0
701064,3,19/08/2025,21/08/2025,20/08/2025,CUST-144,SKU-1016,WH-04,100,100,19.18,0
701065,1,19/08/2025,26/08/2025,25/08/2025,CUST-117,SKU-1002,WH-03,25,25,54.08,0.125
701066,1,19/08/2025,24/08/2025,29/08/2025,CUST-105,SKU-1002,WH-01,20,20,54.08,0.1
701066,2,19/08/2025,24/08/2025,29/08/2025,CUST-105,SKU-1004,WH-01,200,200,44.52,0.05
701066,3,19/08/2025,24/08/2025,29/08/2025,CUST-105,SKU-1021,WH-01,25,25,50.68,0
701067,1,20/08/2025,22/08/2025,27/08/2025,CUST-159,SKU-1009,WH-02,75,75,32.15,0.125
701067,2,20/08/2025,22/08/2025,27/08/2025,CUST-159,SKU-1024,WH-02,150,150,68.06,0.1
701067,3,20/08/2025,22/08/2025,27/08/2025,CUST-159,SKU-1019,WH-02,10,10,68.25,0.05
701068,1,20/08/2025,24/08/2025,24/08/2025,CUST-101,SKU-1013,WH-01,10,10,75.26,0
701069,1,20/08/2025,23/08/2025,25/08/2025,CUST-112,SKU-1012,WH-02,50,45,54.11,0
701069,2,20/08/2025,23/08/2025,25/08/2025,CUST-112,SKU-1012,WH-02,25,25,54.11,0.05
701070,1,20/08/2025,23/08/2025,22/08/2025,CUST-137,SKU-1012,WH-02,10,10,54.11,0
701070,2,20/08/2025,23/08/2025,22/08/2025,CUST-137,SKU-1005,WH-02,75,75,77.98,0.125
701070,3,20/08/2025,23/08/2025,22/08/2025,CUST-137,SKU-1007,WH-02,50,50,66.6,0.1
701070,4,20/08/2025,23/08/2025,22/08/2025,CUST-137,SKU-1004,WH-02,20,20,44.52,0.05
701071,1,20/08/2025,25/08/2025,25/08/2025,CUST-159,SKU-1014,WH-02,10,10,100.88,0.05
701071,2,20/08/2025,25/08/2025,25/08/2025,CUST-159,SKU-1014,WH-02,200,200,100.88,0.125
701071,3,20/08/2025,25/08/2025,25/08/2025,CUST-159,SKU-1016,WH-02,200,160,19.18,0
701071,4,20/08/2025,25/08/2025,25/08/2025,CUST-159,SKU-1002,WH-02,25,25,54.08,0.05
701072,1,20/08/2025,23/08/2025,22/08/2025,CUST-130,SKU-1006,WH-03,20,20,54.97,0.125
701072,2,20/08/2025,23/08/2025,22/08/2025,CUST-130,SKU-1020,WH-03,75,75,72.1,0.05
701072,3,20/08/2025,23/08/2025,22/08/2025,CUST-130,SKU-1005,WH-03,100,100,77.98,0
701073,1,20/08/2025,27/08/2025,26/08/2025,CUST-139,SKU-1003,WH-02,25,25,52.5,0
701073,2,20/08/2025,27/08/2025,26/08/2025,CUST-139,SKU-1006,WH-02,20,20,54.97,0
701074,1,21/08/2025,24/08/2025,25/08/2025,CUST-150,SKU-1004,WH-02,100,100,44.52,0
701075,1,21/08/2025,25/08/2025,27/08/2025,CUST-142,SKU-1023,WH-03,200,200,19.51,0.1
701075,2,21/08/2025,25/08/2025,27/08/2025,CUST-142,SKU-1020,WH-03,150,150,72.1,0
701075,3,21/08/2025,25/08/2025,27/08/2025,CUST-142,SKU-1008,WH-03,25,25,12.26,0
701076,1,21/08/2025,26/08/2025,27/08/2025,CUST-136,SKU-1021,WH-01,10,10,50.68,0.125
701076,2,21/08/2025,26/08/2025,27/08/2025,CUST-136,SKU-1007,WH-01,150,120,66.6,0
701076,3,21/08/2025,26/08/2025,27/08/2025,CUST-136,SKU-1009,WH-01,150,150,32.15,0.125
701076,4,21/08/2025,26/08/2025,27/08/2025,CUST-136,SKU-1006,WH-01,150,150,54.97,0.05
701077,1,21/08/2025,25/08/2025,24/08/2025,CUST-154,SKU-1006,WH-04,100,100,54.97,0
701077,2,21/08/2025,25/08/2025,24/08/2025,CUST-154,SKU-1009,WH-04,10,10,32.15,0.05
701077,3,21/08/2025,25/08/2025,24/08/2025,CUST-154,SKU-1016,WH-04,10,10,19.18,0
701078,1,21/08/2025,24/08/2025,23/08/2025,CUST-147,SKU-1005,WH-02,75,75,77.98,0.1
701078,2,21/08/2025,24/08/2025,23/08/2025,CUST-147,SKU-1001,WH-02,200,200,59.63,0.1
701079,1,21/08/2025,24/08/2025,26/08/2025,CUST-120,SKU-1015,WH-04,50,50,27.45,0.125
701079,2,21/08/2025,24/08/2025,26/08/2025,CUST-120,SKU-1021,WH-04,50,30,50.68,0
701079,3,21/08/2025,24/08/2025,26/08/2025,CUST-120,SKU-1024,WH-04,20,20,68.06,0.1
701079,4,21/08/2025,24/08/2025,26/08/2025,CUST-120,SKU-1001,WH-04,50,50,59.63,0.125
701080,1,21/08/2025,25/08/2025,24/08/2025,CUST-117,SKU-1013,WH-02,25,25,75.26,0
701080,2,21/08/2025,25/08/2025,24/08/2025,CUST-117,SKU-1009,WH-02,150,150,32.15,0
701081,1,21/08/2025,24/08/2025,23/08/2025,CUST-111,SKU-1004,WH-03,25,25,44.52,0.125
701081,2,21/08/2025,24/08/2025,23/08/2025,CUST-111,SKU-1008,WH-03,10,10,12.26,0
701082,1,22/08/2025,29/08/2025,29/08/2025,CUST-119,SKU-1010,WH-01,150,150,75.49,0.05
701082,2,22/08/2025,29/08/2025,29/08/2025,CUST-119,SKU-1008,WH-01,20,8,12.26,0.125
701083,1,22/08/2025,24/08/2025,23/08/2025,CUST-134,SKU-1018,WH-04,25,22,66.93,0.05
701084,1,22/08/2025,25/08/2025,24/08/2025,CUST-103,SKU-1022,WH-04,100,100,11.23,0
701084,2,22/08/2025,25/08/2025,24/08/2025,CUST-103,SKU-1001,WH-04,25,25,59.63,0
701084,3,22/08/2025,25/08/2025,24/08/2025,CUST-103,SKU-1008,WH-04,75,30,12.26,0.1
701085,1,22/08/2025,25/08/2025,27/08/2025,CUST-157,SKU-1020,WH-04,75,75,72.1,0
701085,2,22/08/2025,25/08/2025,27/08/2025,CUST-157,SKU-1023,WH-04,20,20,19.51,0
701085,3,22/08/2025,25/08/2025,27/08/2025,CUST-157,SKU-1011,WH-04,150,150,39.0,0
701085,4,22/08/2025,25/08/2025,27/08/2025,CUST-157,SKU-1007,WH-04,10,10,66.6,0
701086,1,22/08/2025,25/08/2025,26/08/2025,CUST-130,SKU-1013,WH-03,25,25,75.26,0.05
701086,2,22/08/2025,25/08/2025,26/08/2025,CUST-130,SKU-1005,WH-03,10,10,77.98,0.125
701087,1,22/08/2025,27/08/2025,27/08/2025,CUST-128,SKU-1006,WH-02,75,75,54.97,0
701087,2,22/08/2025,27/08/2025,27/08/2025,CUST-128,SKU-1001,WH-02,100,100,59.63,0.1
701087,3,22/08/2025,27/08/2025,27/08/2025,CUST-128,SKU-1019,WH-02,150,150,68.25,0.05
701088,1,22/08/2025,24/08/2025,23/08/2025,CUST-114,SKU-1016,WH-03,100,100,19.18,0.125
701088,2,22/08/2025,24/08/2025,23/08/2025,CUST-114,SKU-1021,WH-03,100,100,50.68,0.1
701089,1,25/08/2025,30/08/2025,29/08/2025,CUST-123,SKU-1018,WH-02,50,50,66.93,0
701090,1,25/08/2025,30/08/2025,01/09/2025,CUST-155,SKU-1018,WH-02,25,25,66.93,0.05
701091,1,25/08/2025,27/08/2025,29/08/2025,CUST-135,SKU-1007,WH-02,25,10,66.6,0.125
701091,2,25/08/2025,27/08/2025,29/08/2025,CUST-135,SKU-1021,WH-02,150,150,50.68,0.1
701091,3,25/08/2025,27/08/2025,29/08/2025,CUST-135,SKU-1017,WH-02,25,25,44.62,0
701092,1,25/08/2025,27/08/2025,26/08/2025,CUST-155,SKU-1017,WH-01,100,100,44.62,0.1
701093,1,25/08/2025,28/08/2025,27/08/2025,CUST-143,SKU-1011,WH-01,100,100,39.0,0.125
701093,2,25/08/2025,28/08/2025,27/08/2025,CUST-143,SKU-1004,WH-01,200,200,44.52,0.05
701093,3,25/08/2025,28/08/2025,27/08/2025,CUST-143,SKU-1004,WH-01,20,20,44.52,0.1
701094,1,25/08/2025,30/08/2025,29/08/2025,CUST-138,SKU-1003,WH-04,25,25,52.5,0
701094,2,25/08/2025,30/08/2025,29/08/2025,CUST-138,SKU-1009,WH-04,75,75,32.15,0.05
701094,3,25/08/2025,30/08/2025,29/08/2025,CUST-138,SKU-1004,WH-04,50,50,44.52,0
701095,1,25/08/2025,01/09/2025,31/08/2025,CUST-110,SKU-1022,WH-04,25,25,11.23,0
701096,1,25/08/2025,27/08/2025,26/08/2025,CUST-148,SKU-1021,WH-04,10,10,50.68,0
701096,2,25/08/2025,27/08/2025,26/08/2025,CUST-148,SKU-1008,WH-04,10,8,12.26,0.125
701097,1,26/08/2025,29/08/2025,28/08/2025,CUST-120,SKU-1020,WH-02,10,10,72.1,0
701097,2,26/08/2025,29/08/2025,28/08/2025,CUST-120,SKU-1022,WH-02,100,100,11.23,0.05
701097,3,26/08/2025,29/08/2025,28/08/2025,CUST-120,SKU-1024,WH-02,150,150,68.06,0.1
701097,4,26/08/2025,29/08/2025,28/08/2025,CUST-120,SKU-1014,WH-02,200,200,100.88,0.1
701098,1,26/08/2025,29/08/2025,28/08/2025,CUST-104,SKU-1019,WH-04,75,75,68.25,0
701098,2,26/08/2025,29/08/2025,28/08/2025,CUST-104,SKU-1017,WH-04,75,75,44.62,0
701099,1,26/08/2025,31/08/2025,05/09/2025,CUST-103,SKU-1004,WH-04,75,45,44.52,0
701099,2,26/08/2025,31/08/2025,05/09/2025,CUST-103,SKU-1007,WH-04,10,10,66.6,0
701099,3,26/08/2025,31/08/2025,05/09/2025,CUST-103,SKU-1021,WH-04,20,20,50.68,0.05
701099,4,26/08/2025,31/08/2025,05/09/2025,CUST-103,SKU-1022,WH-04,75,75,11.23,0.05
701100,1,26/08/2025,02/09/2025,01/09/2025,CUST-123,SKU-1017,WH-01,25,25,44.62,0
701101,1,27/08/2025,30/08/2025,30/08/2025,CUST-118,SKU-1001,WH-01,150,150,59.63,0.05
701101,2,27/08/2025,30/08/2025,30/08/2025,CUST-118,SKU-1001,WH-01,20,20,59.63,0
701102,1,27/08/2025,30/08/2025,30/08/2025,CUST-157,SKU-1018,WH-02,50,50,66.93,0.1
701102,2,27/08/2025,30/08/2025,30/08/2025,CUST-157,SKU-1005,WH-02,10,10,77.98,0
701102,3,27/08/2025,30/08/2025,30/08/2025,CUST-157,SKU-1004,WH-02,20,20,44.52,0
701103,1,27/08/2025,30/08/2025,04/09/2025,CUST-139,SKU-1010,WH-04,50,50,75.49,0.125
701103,2,27/08/2025,30/08/2025,04/09/2025,CUST-139,SKU-1024,WH-04,25,25,68.06,0
701103,3,27/08/2025,30/08/2025,04/09/2025,CUST-139,SKU-1009,WH-04,100,100,32.15,0
701103,4,27/08/2025,30/08/2025,04/09/2025,CUST-139,SKU-1009,WH-04,25,25,32.15,0
701104,1,27/08/2025,30/08/2025,30/08/2025,CUST-105,SKU-1009,WH-01,50,50,32.15,0.05
701105,1,27/08/2025,03/09/2025,02/09/2025,CUST-138,SKU-1012,WH-03,150,150,54.11,0
701105,2,27/08/2025,03/09/2025,02/09/2025,CUST-138,SKU-1021,WH-03,150,150,50.68,0.05
701106,1,28/08/2025,04/09/2025,06/09/2025,CUST-154,SKU-1014,WH-03,10,10,100.88,0
701106,2,28/08/2025,04/09/2025,06/09/2025,CUST-154,SKU-1012,WH-03,150,150,54.11,0
701107,1,28/08/2025,04/09/2025,03/09/2025,CUST-102,SKU-1008,WH-03,150,150,12.26,0.1
701107,2,28/08/2025,04/09/2025,03/09/2025,CUST-102,SKU-1001,WH-03,20,20,59.63,0.1
701107,3,28/08/2025,04/09/2025,03/09/2025,CUST-102,SKU-1001,WH-03,20,20,59.63,0.05
701108,1,28/08/2025,04/09/2025,03/09/2025,CUST-124,SKU-1012,WH-01,25,25,54.11,0
701108,2,28/08/2025,04/09/2025,03/09/2025,CUST-124,SKU-1004,WH-01,50,50,44.52,0.125
701108,3,28/08/2025,04/09/2025,03/09/2025,CUST-124,SKU-1007,WH-01,150,150,66.6,0
701108,4,28/08/2025,04/09/2025,03/09/2025,CUST-124,SKU-1017,WH-01,50,50,44.62,0
701109,1,28/08/2025,01/09/2025,31/08/2025,CUST-115,SKU-1005,WH-01,100,100,77.98,0.05
701109,2,28/08/2025,01/09/2025,31/08/2025,CUST-115,SKU-1023,WH-01,50,50,19.51,0
701109,3,28/08/2025,01/09/2025,31/08/2025,CUST-115,SKU-1001,WH-01,50,50,59.63,0
701110,1,28/08/2025,31/08/2025,01/09/2025,CUST-124,SKU-1013,WH-04,75,75,75.26,0.05
701110,2,28/08/2025,31/08/2025,01/09/2025,CUST-124,SKU-1014,WH-04,10,10,100.88,0
701111,1,28/08/2025,31/08/2025,30/08/2025,CUST-129,SKU-1005,WH-01,10,10,77.98,0
701111,2,28/08/2025,31/08/2025,30/08/2025,CUST-129,SKU-1006,WH-01,25,25,54.97,0.125
701112,1,29/08/2025,01/09/2025,01/09/2025,CUST-120,SKU-1016,WH-02,10,10,19.18,0.1
701112,2,29/08/2025,01/09/2025,01/09/2025,CUST-120,SKU-1010,WH-02,25,25,75.49,0.1
701112,3,29/08/2025,01/09/2025,01/09/2025,CUST-120,SKU-1009,WH-02,200,80,32.15,0.05
701112,4,29/08/2025,01/09/2025,01/09/2025,CUST-120,SKU-1005,WH-02,200,200,77.98,0
701113,1,29/08/2025,01/09/2025,01/09/2025,CUST-125,SKU-1009,WH-02,150,150,32.15,0.125
701114,1,29/08/2025,05/09/2025,05/09/2025,CUST-108,SKU-1013,WH-01,20,20,75.26,0.05
701114,2,29/08/2025,05/09/2025,05/09/2025,CUST-108,SKU-1005,WH-01,100,100,77.98,0
701114,3,29/08/2025,05/09/2025,05/09/2025,CUST-108,SKU-1023,WH-01,20,20,19.51,0.1
701115,1,29/08/2025,01/09/2025,06/09/2025,CUST-107,SKU-1008,WH-04,150,150,12.26,0
701115,2,29/08/2025,01/09/2025,06/09/2025,CUST-107,SKU-1015,WH-04,25,15,27.45,0
701116,1,29/08/2025,01/09/2025,01/09/2025,CUST-153,SKU-1018,WH-01,25,25,66.93,0.1
701116,2,29/08/2025,01/09/2025,01/09/2025,CUST-153,SKU-1017,WH-01,25,25,44.62,0.1
701116,3,29/08/2025,01/09/2025,01/09/2025,CUST-153,SKU-1015,WH-01,20,20,27.45,0.05
701117,1,29/08/2025,05/09/2025,06/09/2025,CUST-145,SKU-1009,WH-02,50,50,32.15,0.125
701117,2,29/08/2025,05/09/2025,06/09/2025,CUST-145,SKU-1001,WH-02,10,10,59.63,0.05
701117,3,29/08/2025,05/09/2025,06/09/2025,CUST-145,SKU-1022,WH-02,200,200,11.23,0.05
701118,1,29/08/2025,01/09/2025,31/08/2025,CUST-136,SKU-1007,WH-02,75,75,66.6,0
701118,2,29/08/2025,01/09/2025,31/08/2025,CUST-136,SKU-1015,WH-02,100,100,27.45,0.1
701118,3,29/08/2025,01/09/2025,31/08/2025,CUST-136,SKU-1015,WH-02,25,25,27.45,0
701118,4,29/08/2025,01/09/2025,31/08/2025,CUST-136,SKU-1008,WH-02,25,25,12.26,0.125
701119,1,29/08/2025,03/09/2025,02/09/2025,CUST-104,SKU-1017,WH-01,20,20,44.62,0
701119,2,29/08/2025,03/09/2025,02/09/2025,CUST-104,SKU-1017,WH-01,200,200,44.62,0.05
701120,1,01/09/2025,06/09/2025,06/09/2025,CUST-107,SKU-1005,WH-04,25,22,77.98,0.05
701120,2,01/09/2025,06/09/2025,06/09/2025,CUST-107,SKU-1018,WH-04,100,100,66.93,0.1
701120,3,01/09/2025,06/09/2025,06/09/2025,CUST-107,SKU-1006,WH-04,20,20,54.97,0
701120,4,01/09/2025,06/09/2025,06/09/2025,CUST-107,SKU-1020,WH-04,100,100,72.1,0
701121,1,01/09/2025,04/09/2025,05/09/2025,CUST-141,SKU-1013,WH-02,200,200,75.26,0
701121,2,01/09/2025,04/09/2025,05/09/2025,CUST-141,SKU-1024,WH-02,25,25,68.06,0.1
701121,3,01/09/2025,04/09/2025,05/09/2025,CUST-141,SKU-1019,WH-02,150,150,68.25,0
701121,4,01/09/2025,04/09/2025,05/09/2025,CUST-141,SKU-1010,WH-02,50,40,75.49,0
701122,1,01/09/2025,06/09/2025,06/09/2025,CUST-127,SKU-1022,WH-03,200,200,11.23,0
701122,2,01/09/2025,06/09/2025,06/09/2025,CUST-127,SKU-1009,WH-03,200,200,32.15,0
701122,3,01/09/2025,06/09/2025,06/09/2025,CUST-127,SKU-1010,WH-03,10,10,75.49,0
701122,4,01/09/2025,06/09/2025,06/09/2025,CUST-127,SKU-1011,WH-03,10,10,39.0,0.05
701123,1,01/09/2025,04/09/2025,06/09/2025,CUST-101,SKU-1015,WH-04,10,10,27.45,0.1
701124,1,01/09/2025,05/09/2025,04/09/2025,CUST-103,SKU-1009,WH-03,100,100,32.15,0.125
701124,2,01/09/2025,05/09/2025,04/09/2025,CUST-103,SKU-1001,WH-03,25,25,59.63,0.125
701125,1,01/09/2025,04/09/2025,03/09/2025,CUST-145,SKU-1014,WH-03,10,10,100.88,0
701125,2,01/09/2025,04/09/2025,03/09/2025,CUST-145,SKU-1001,WH-03,75,75,59.63,0.1
701125,3,01/09/2025,04/09/2025,03/09/2025,CUST-145,SKU-1020,WH-03,200,200,72.1,0
701126,1,01/09/2025,03/09/2025,02/09/2025,CUST-118,SKU-1020,WH-02,25,25,72.1,0.125
701126,2,01/09/2025,03/09/2025,02/09/2025,CUST-118,SKU-1003,WH-02,100,100,52.5,0
701127,1,02/09/2025,04/09/2025,03/09/2025,CUST-158,SKU-1022,WH-01,100,100,11.23,0.125
701127,2,02/09/2025,04/09/2025,03/09/2025,CUST-158,SKU-1024,WH-01,150,150,68.06,0.05
701127,3,02/09/2025,04/09/2025,03/09/2025,CUST-158,SKU-1011,WH-01,50,50,39.0,0
701127,4,02/09/2025,04/09/2025,03/09/2025,CUST-158,SKU-1012,WH-01,200,160,54.11,0
701128,1,02/09/2025,09/09/2025,09/09/2025,CUST-141,SKU-1012,WH-02,25,25,54.11,0
701128,2,02/09/2025,09/09/2025,09/09/2025,CUST-141,SKU-1020,WH-02,10,10,72.1,0.125
701129,1,02/09/2025,07/09/2025,08/09/2025,CUST-112,SKU-1011,WH-03,20,20,39.0,0
701129,2,02/09/2025,07/09/2025,08/09/2025,CUST-112,SKU-1003,WH-03,25,25,52.5,0.05
701129,3,02/09/2025,07/09/2025,08/09/2025,CUST-112,SKU-1012,WH-03,50,50,54.11,0.125
701130,1,02/09/2025,04/09/2025,04/09/2025,CUST-110,SKU-1002,WH-02,25,25,54.08,0.125
701130,2,02/09/2025,04/09/2025,04/09/2025,CUST-110,SKU-1016,WH-02,150,150,19.18,0.1
701130,3,02/09/2025,04/09/2025,04/09/2025,CUST-110,SKU-1007,WH-02,150,150,66.6,0.1
701131,1,02/09/2025,06/09/2025,06/09/2025,CUST-116,SKU-1024,WH-04,75,75,68.06,0
701131,2,02/09/2025,06/09/2025,06/09/2025,CUST-116,SKU-1014,WH-04,200,160,100.88,0.05
701131,3,02/09/2025,06/09/2025,06/09/2025,CUST-116,SKU-1021,WH-04,20,20,50.68,0.05
701131,4,02/09/2025,06/09/2025,06/09/2025,CUST-116,SKU-1014,WH-04,200,200,100.88,0.05
701132,1,02/09/2025,06/09/2025,07/09/2025,CUST-132,SKU-1019,WH-03,20,20,68.25,0.05
701132,2,02/09/2025,06/09/2025,07/09/2025,CUST-132,SKU-1003,WH-03,10,10,52.5,0.05
701133,1,03/09/2025,06/09/2025,08/09/2025,CUST-146,SKU-1018,WH-01,25,25,66.93,0.1
701133,2,03/09/2025,06/09/2025,08/09/2025,CUST-146,SKU-1015,WH-01,10,4,27.45,0
701133,3,03/09/2025,06/09/2025,08/09/2025,CUST-146,SKU-1016,WH-01,20,20,19.18,0
701133,4,03/09/2025,06/09/2025,08/09/2025,CUST-146,SKU-1012,WH-01,25,25,54.11,0
701134,1,03/09/2025,10/09/2025,10/09/2025,CUST-123,SKU-1017,WH-04,10,10,44.62,0.125
701134,2,03/09/2025,10/09/2025,10/09/2025,CUST-123,SKU-1003,WH-04,150,150,52.5,0
701135,1,03/09/2025,07/09/2025,06/09/2025,CUST-151,SKU-1023,WH-03,100,100,19.51,0.1
701136,1,03/09/2025,06/09/2025,06/09/2025,CUST-102,SKU-1018,WH-01,150,150,66.93,0
701137,1,03/09/2025,06/09/2025,08/09/2025,CUST-147,SKU-1011,WH-01,100,100,39.0,0
701138,1,04/09/2025,06/09/2025,08/09/2025,CUST-108,SKU-1022,WH-03,25,15,11.23,0
701138,2,04/09/2025,06/09/2025,08/09/2025,CUST-108,SKU-1009,WH-03,50,50,32.15,0.125
701138,3,04/09/2025,06/09/2025,08/09/2025,CUST-108,SKU-1013,WH-03,25,25,75.26,0.125
701139,1,04/09/2025,06/09/2025,05/09/2025,CUST-136,SKU-1021,WH-01,100,100,50.68,0
701140,1,04/09/2025,11/09/2025,10/09/2025,CUST-119,SKU-1021,WH-04,10,10,50.68,0
701140,2,04/09/2025,11/09/2025,10/09/2025,CUST-119,SKU-1020,WH-04,200,200,72.1,0
701141,1,04/09/2025,06/09/2025,06/09/2025,CUST-112,SKU-1006,WH-02,200,180,54.97,0
701142,1,05/09/2025,12/09/2025,11/09/2025,CUST-118,SKU-1021,WH-01,200,200,50.68,0.1
701142,2,05/09/2025,12/09/2025,11/09/2025,CUST-118,SKU-1015,WH-01,100,100,27.45,0
701142,3,05/09/2025,12/09/2025,11/09/2025,CUST-118,SKU-1023,WH-01,100,100,19.51,0
701142,4,05/09/2025,12/09/2025,11/09/2025,CUST-118,SKU-1002,WH-01,50,30,54.08,0
701143,1,05/09/2025,08/09/2025,07/09/2025,CUST-117,SKU-1016,WH-01,20,20,19.18,0.1
701143,2,05/09/2025,08/09/2025,07/09/2025,CUST-117,SKU-1007,WH-01,10,10,66.6,0
701143,3,05/09/2025,08/09/2025,07/09/2025,CUST-117,SKU-1017,WH-01,75,75,44.62,0.05
701143,4,05/09/2025,08/09/2025,07/09/2025,CUST-117,SKU-1001,WH-01,150,150,59.63,0
701144,1,05/09/2025,10/09/2025,10/09/2025,CUST-135,SKU-1022,WH-04,75,75,11.23,0
701144,2,05/09/2025,10/09/2025,10/09/2025,CUST-135,SKU-1022,WH-04,25,25,11.23,0.1
701145,1,05/09/2025,09/09/2025,09/09/2025,CUST-111,SKU-1008,WH-02,200,200,12.26,0
701145,2,05/09/2025,09/09/2025,09/09/2025,CUST-111,SKU-1016,WH-02,100,100,19.18,0.125
701146,1,05/09/2025,08/09/2025,09/09/2025,CUST-144,SKU-1007,WH-01,200,160,66.6,0.05
701147,1,08/09/2025,11/09/2025,11/09/2025,CUST-112,SKU-1004,WH-03,50,20,44.52,0.05
701147,2,08/09/2025,11/09/2025,11/09/2025,CUST-112,SKU-1010,WH-03,25,25,75.49,0
701147,3,08/09/2025,11/09/2025,11/09/2025,CUST-112,SKU-1012,WH-03,150,150,54.11,0
701148,1,08/09/2025,13/09/2025,13/09/2025,CUST-142,SKU-1001,WH-04,200,200,59.63,0.1
701148,2,08/09/2025,13/09/2025,13/09/2025,CUST-142,SKU-1004,WH-04,150,150,44.52,0.1
701149,1,08/09/2025,15/09/2025,15/09/2025,CUST-139,SKU-1012,WH-02,10,10,54.11,0.1
701149,2,08/09/2025,15/09/2025,15/09/2025,CUST-139,SKU-1016,WH-02,50,50,19.18,0
701149,3,08/09/2025,15/09/2025,15/09/2025,CUST-139,SKU-1006,WH-02,50,50,54.97,0
701150,1,08/09/2025,12/09/2025,11/09/2025,CUST-119,SKU-1016,WH-02,25,25,19.18,0
701150,2,08/09/2025,12/09/2025,11/09/2025,CUST-119,SKU-1011,WH-02,150,150,39.0,0.125
701151,1,08/09/2025,11/09/2025,11/09/2025,CUST-127,SKU-1006,WH-03,150,150,54.97,0
701151,2,08/09/2025,11/09/2025,11/09/2025,CUST-127,SKU-1023,WH-03,75,75,19.51,0.1
701152,1,09/09/2025,12/09/2025,11/09/2025,CUST-107,SKU-1011,WH-02,150,150,39.0,0.1
701152,2,09/09/2025,12/09/2025,11/09/2025,CUST-107,SKU-1003,WH-02,50,40,52.5,0
701152,3,09/09/2025,12/09/2025,11/09/2025,CUST-107,SKU-1024,WH-02,100,100,68.06,0.125
701153,1,09/09/2025,14/09/2025,13/09/2025,CUST-127,SKU-1022,WH-02,10,10,11.23,0.05
701153,2,09/09/2025,14/09/2025,13/09/2025,CUST-127,SKU-1005,WH-02,150,150,77.98,0
701154,1,09/09/2025,11/09/2025,10/09/2025,CUST-130,SKU-1004,WH-02,150,150,44.52,0
701155,1,09/09/2025,12/09/2025,11/09/2025,CUST-139,SKU-1010,WH-03,200,200,75.49,0
701156,1,09/09/2025,12/09/2025,11/09/2025,CUST-132,SKU-1019,WH-04,25,25,68.25,0.125
701156,2,09/09/2025,12/09/2025,11/09/2025,CUST-132,SKU-1005,WH-04,20,20,77.98,0
701156,3,09/09/2025,12/09/2025,11/09/2025,CUST-132,SKU-1021,WH-04,50,50,50.68,0.1
701156,4,09/09/2025,12/09/2025,11/09/2025,CUST-132,SKU-1005,WH-04,150,150,77.98,0.125
701157,1,09/09/2025,16/09/2025,15/09/2025,CUST-136,SKU-1002,WH-04,10,10,54.08,0.125
701157,2,09/09/2025,16/09/2025,15/09/2025,CUST-136,SKU-1002,WH-04,200,200,54.08,0.1
701158,1,09/09/2025,12/09/2025,12/09/2025,CUST-106,SKU-1015,WH-04,75,75,27.45,0.05
701158,2,09/09/2025,12/09/2025,12/09/2025,CUST-106,SKU-1011,WH-04,150,150,39.0,0.125
701158,3,09/09/2025,12/09/2025,12/09/2025,CUST-106,SKU-1023,WH-04,100,100,19.51,0
701159,1,09/09/2025,12/09/2025,14/09/2025,CUST-125,SKU-1017,WH-02,75,75,44.62,0.05
701159,2,09/09/2025,12/09/2025,14/09/2025,CUST-125,SKU-1004,WH-02,50,50,44.52,0.1
701159,3,09/09/2025,12/09/2025,14/09/2025,CUST-125,SKU-1017,WH-02,10,10,44.62,0
701160,1,10/09/2025,15/09/2025,15/09/2025,CUST-106,SKU-1013,WH-01,150,150,75.26,0
701160,2,10/09/2025,15/09/2025,15/09/2025,CUST-106,SKU-1022,WH-01,10,9,11.23,0
701160,3,10/09/2025,15/09/2025,15/09/2025,CUST-106,SKU-1023,WH-01,20,18,19.51,0.1
701160,4,10/09/2025,15/09/2025,15/09/2025,CUST-106,SKU-1010,WH-01,50,50,75.49,0.1
701161,1,10/09/2025,14/09/2025,13/09/2025,CUST-101,SKU-1002,WH-03,100,100,54.08,0
701161,2,10/09/2025,14/09/2025,13/09/2025,CUST-101,SKU-1024,WH-03,50,50,68.06,0.125
701162,1,10/09/2025,17/09/2025,17/09/2025,CUST-104,SKU-1006,WH-04,150,150,54.97,0
701162,2,10/09/2025,17/09/2025,17/09/2025,CUST-104,SKU-1015,WH-04,200,200,27.45,0.05
701163,1,10/09/2025,12/09/2025,11/09/2025,CUST-156,SKU-1013,WH-03,75,75,75.26,0.05
701163,2,10/09/2025,12/09/2025,11/09/2025,CUST-156,SKU-1004,WH-03,100,100,44.52,0
701163,3,10/09/2025,12/09/2025,11/09/2025,CUST-156,SKU-1021,WH-03,25,25,50.68,0.1
701163,4,10/09/2025,12/09/2025,11/09/2025,CUST-156,SKU-1021,WH-03,75,75,50.68,0
701164,1,10/09/2025,12/09/2025,17/09/2025,CUST-133,SKU-1011,WH-01,200,200,39.0,0.05
701164,2,10/09/2025,12/09/2025,17/09/2025,CUST-133,SKU-1024,WH-01,75,75,68.06,0.125
701164,3,10/09/2025,12/09/2025,17/09/2025,CUST-133,SKU-1002,WH-01,75,75,54.08,0
701164,4,10/09/2025,12/09/2025,17/09/2025,CUST-133,SKU-1001,WH-01,20,20,59.63,0
701165,1,10/09/2025,17/09/2025,16/09/2025,CUST-108,SKU-1022,WH-03,200,200,11.23,0.05
701165,2,10/09/2025,17/09/2025,16/09/2025,CUST-108,SKU-1024,WH-03,25,25,68.06,0.05
701166,1,10/09/2025,15/09/2025,16/09/2025,CUST-120,SKU-1014,WH-04,50,50,100.88,0
701166,2,10/09/2025,15/09/2025,16/09/2025,CUST-120,SKU-1011,WH-04,25,25,39.0,0
701166,3,10/09/2025,15/09/2025,16/09/2025,CUST-120,SKU-1021,WH-04,25,25,50.68,0.1
701166,4,10/09/2025,15/09/2025,16/09/2025,CUST-120,SKU-1024,WH-04,200,180,68.06,0
701167,1,11/09/2025,14/09/2025,13/09/2025,CUST-113,SKU-1020,WH-01,150,150,72.1,0.125
701167,2,11/09/2025,14/09/2025,13/09/2025,CUST-113,SKU-1023,WH-01,20,20,19.51,0
701167,3,11/09/2025,14/09/2025,13/09/2025,CUST-113,SKU-1021,WH-01,10,10,50.68,0
701167,4,11/09/2025,14/09/2025,13/09/2025,CUST-113,SKU-1007,WH-01,20,20,66.6,0
701168,1,11/09/2025,13/09/2025,13/09/2025,CUST-128,SKU-1015,WH-02,10,10,27.45,0
701168,2,11/09/2025,13/09/2025,13/09/2025,CUST-128,SKU-1001,WH-02,100,100,59.63,0.125
701168,3,11/09/2025,13/09/2025,13/09/2025,CUST-128,SKU-1009,WH-02,75,75,32.15,0
701168,4,11/09/2025,13/09/2025,13/09/2025,CUST-128,SKU-1009,WH-02,25,25,32.15,0.125
701169,1,11/09/2025,14/09/2025,14/09/2025,CUST-143,SKU-1019,WH-01,200,200,68.25,0
701170,1,11/09/2025,18/09/2025,23/09/2025,CUST-148,SKU-1006,WH-03,20,20,54.97,0
701170,2,11/09/2025,18/09/2025,23/09/2025,CUST-148,SKU-1024,WH-03,10,10,68.06,0
701170,3,11/09/2025,18/09/2025,23/09/2025,CUST-148,SKU-1020,WH-03,200,200,72.1,0.125
701170,4,11/09/2025,18/09/2025,23/09/2025,CUST-148,SKU-1011,WH-03,20,20,39.0,0
701171,1,11/09/2025,16/09/2025,15/09/2025,CUST-118,SKU-1024,WH-02,75,60,68.06,0
701172,1,11/09/2025,18/09/2025,23/09/2025,CUST-135,SKU-1007,WH-01,75,75,66.6,0
701172,2,11/09/2025,18/09/2025,23/09/2025,CUST-135,SKU-1008,WH-01,25,25,12.26,0
701172,3,11/09/2025,18/09/2025,23/09/2025,CUST-135,SKU-1022,WH-01,50,50,11.23,0
701172,4,11/09/2025,18/09/2025,23/09/2025,CUST-135,SKU-1004,WH-01,150,150,44.52,0.1
701173,1,12/09/2025,16/09/2025,18/09/2025,CUST-114,SKU-1017,WH-03,150,150,44.62,0
701173,2,12/09/2025,16/09/2025,18/09/2025,CUST-114,SKU-1024,WH-03,50,45,68.06,0
701174,1,12/09/2025,14/09/2025,15/09/2025,CUST-127,SKU-1023,WH-03,100,100,19.51,0.125
701174,2,12/09/2025,14/09/2025,15/09/2025,CUST-127,SKU-1020,WH-03,25,25,72.1,0.1
701174,3,12/09/2025,14/09/2025,15/09/2025,CUST-127,SKU-1022,WH-03,75,60,11.23,0.1
701175,1,12/09/2025,19/09/2025,18/09/2025,CUST-121,SKU-1007,WH-02,75,75,66.6,0
701176,1,12/09/2025,14/09/2025,14/09/2025,CUST-133,SKU-1009,WH-03,75,75,32.15,0
701176,2,12/09/2025,14/09/2025,14/09/2025,CUST-133,SKU-1009,WH-03,75,75,32.15,0
701177,1,12/09/2025,16/09/2025,16/09/2025,CUST-113,SKU-1019,WH-03,200,200,68.25,0.1
701178,1,12/09/2025,15/09/2025,16/09/2025,CUST-130,SKU-1009,WH-04,50,50,32.15,0.1
701178,2,12/09/2025,15/09/2025,16/09/2025,CUST-130,SKU-1013,WH-04,10,10,75.26,0.1
701178,3,12/09/2025,15/09/2025,16/09/2025,CUST-130,SKU-1006,WH-04,200,80,54.97,0
701178,4,12/09/2025,15/09/2025,16/09/2025,CUST-130,SKU-1022,WH-04,50,50,11.23,0
701179,1,15/09/2025,18/09/2025,18/09/2025,CUST-145,SKU-1006,WH-02,10,10,54.97,0.125
701179,2,15/09/2025,18/09/2025,18/09/2025,CUST-145,SKU-1014,WH-02,100,100,100.88,0.1
701179,3,15/09/2025,18/09/2025,18/09/2025,CUST-145,SKU-1018,WH-02,75,75,66.93,0
701180,1,15/09/2025,19/09/2025,18/09/2025,CUST-117,SKU-1004,WH-03,200,200,44.52,0.1
701180,2,15/09/2025,19/09/2025,18/09/2025,CUST-117,SKU-1022,WH-03,20,18,11.23,0
701180,3,15/09/2025,19/09/2025,18/09/2025,CUST-117,SKU-1011,WH-03,20,20,39.0,0.125
701181,1,15/09/2025,20/09/2025,20/09/2025,CUST-128,SKU-1023,WH-04,25,25,19.51,0.05
701181,2,15/09/2025,20/09/2025,20/09/2025,CUST-128,SKU-1024,WH-04,20,20,68.06,0
701181,3,15/09/2025,20/09/2025,20/09/2025,CUST-128,SKU-1004,WH-04,75,30,44.52,0.125
701182,1,15/09/2025,19/09/2025,19/09/2025,CUST-135,SKU-1002,WH-02,75,75,54.08,0.1
701182,2,15/09/2025,19/09/2025,19/09/2025,CUST-135,SKU-1016,WH-02,75,75,19.18,0
701182,3,15/09/2025,19/09/2025,19/09/2025,CUST-135,SKU-1012,WH-02,10,10,54.11,0
701182,4,15/09/2025,19/09/2025,19/09/2025,CUST-135,SKU-1004,WH-02,150,150,44.52,0.125
701183,1,15/09/2025,18/09/2025,20/09/2025,CUST-136,SKU-1008,WH-04,75,75,12.26,0
701183,2,15/09/2025,18/09/2025,20/09/2025,CUST-136,SKU-1004,WH-04,20,20,44.52,0
701183,3,15/09/2025,18/09/2025,20/09/2025,CUST-136,SKU-1018,WH-04,20,20,66.93,0
701184,1,15/09/2025,20/09/2025,25/09/2025,CUST-157,SKU-1013,WH-02,25,25,75.26,0.05
701184,2,15/09/2025,20/09/2025,25/09/2025,CUST-157,SKU-1021,WH-02,200,200,50.68,0
701185,1,15/09/2025,22/09/2025,21/09/2025,CUST-104,SKU-1008,WH-04,50,40,12.26,0
701185,2,15/09/2025,22/09/2025,21/09/2025,CUST-104,SKU-1005,WH-04,50,50,77.98,0
701185,3,15/09/2025,22/09/2025,21/09/2025,CUST-104,SKU-1017,WH-04,100,90,44.62,0
701185,4,15/09/2025,22/09/2025,21/09/2025,CUST-104,SKU-1012,WH-04,25,25,54.11,0.05
701186,1,15/09/2025,18/09/2025,23/09/2025,CUST-104,SKU-1011,WH-04,10,10,39.0,0
701186,2,15/09/2025,18/09/2025,23/09/2025,CUST-104,SKU-1020,WH-04,20,20,72.1,0.05
701186,3,15/09/2025,18/09/2025,23/09/2025,CUST-104,SKU-1008,WH-04,50,50,12.26,0.125
701187,1,16/09/2025,21/09/2025,21/09/2025,CUST-113,SKU-1018,WH-03,50,50,66.93,0.125
701188,1,16/09/2025,19/09/2025,18/09/2025,CUST-131,SKU-1012,WH-04,50,50,54.11,0
701188,2,16/09/2025,19/09/2025,18/09/2025,CUST-131,SKU-1006,WH-04,150,150,54.97,0
701188,3,16/09/2025,19/09/2025,18/09/2025,CUST-131,SKU-1017,WH-04,50,50,44.62,0
701189,1,16/09/2025,21/09/2025,20/09/2025,CUST-135,SKU-1005,WH-03,150,150,77.98,0.1
701189,2,16/09/2025,21/09/2025,20/09/2025,CUST-135,SKU-1017,WH-03,75,75,44.62,0.125
701189,3,16/09/2025,21/09/2025,20/09/2025,CUST-135,SKU-1008,WH-03,200,200,12.26,0.05
701190,1,16/09/2025,18/09/2025,18/09/2025,CUST-136,SKU-1023,WH-03,150,150,19.51,0.1
701190,2,16/09/2025,18/09/2025,18/09/2025,CUST-136,SKU-1005,WH-03,20,20,77.98,0
701190,3,16/09/2025,18/09/2025,18/09/2025,CUST-136,SKU-1013,WH-03,100,100,75.26,0
701191,1,16/09/2025,21/09/2025,26/09/2025,CUST-108,SKU-1003,WH-02,150,150,52.5,0
701191,2,16/09/2025,21/09/2025,26/09/2025,CUST-108,SKU-1021,WH-02,20,20,50.68,0.05
701191,3,16/09/2025,21/09/2025,26/09/2025,CUST-108,SKU-1019,WH-02,200,200,68.25,0.05
701191,4,16/09/2025,21/09/2025,26/09/2025,CUST-108,SKU-1008,WH-02,100,100,12.26,0.1
701192,1,16/09/2025,20/09/2025,19/09/2025,CUST-108,SKU-1009,WH-03,100,100,32.15,0
701193,1,16/09/2025,19/09/2025,18/09/2025,CUST-108,SKU-1013,WH-03,10,10,75.26,0
701194,1,16/09/2025,21/09/2025,20/09/2025,CUST-113,SKU-1019,WH-01,100,100,68.25,0.125
701195,1,16/09/2025,18/09/2025,17/09/2025,CUST-120,SKU-1006,WH-03,10,10,54.97,0.05
701195,2,16/09/2025,18/09/2025,17/09/2025,CUST-120,SKU-1015,WH-03,20,20,27.45,0
701195,3,16/09/2025,18/09/2025,17/09/2025,CUST-120,SKU-1023,WH-03,50,50,19.51,0
701196,1,17/09/2025,19/09/2025,20/09/2025,CUST-124,SKU-1001,WH-03,150,150,59.63,0.1
701196,2,17/09/2025,19/09/2025,20/09/2025,CUST-124,SKU-1004,WH-03,100,100,44.52,0.125
701196,3,17/09/2025,19/09/2025,20/09/2025,CUST-124,SKU-1001,WH-03,10,8,59.63,0
701197,1,17/09/2025,19/09/2025,18/09/2025,CUST-153,SKU-1008,WH-01,50,50,12.26,0.1
701197,2,17/09/2025,19/09/2025,18/09/2025,CUST-153,SKU-1018,WH-01,75,75,66.93,0.125
701197,3,17/09/2025,19/09/2025,18/09/2025,CUST-153,SKU-1002,WH-01,100,100,54.08,0
701197,4,17/09/2025,19/09/2025,18/09/2025,CUST-153,SKU-1013,WH-01,200,200,75.26,0.05
701198,1,17/09/2025,24/09/2025,23/09/2025,CUST-154,SKU-1013,WH-03,100,100,75.26,0
701199,1,17/09/2025,19/09/2025,18/09/2025,CUST-160,SKU-1022,WH-02,10,8,11.23,0
701199,2,17/09/2025,19/09/2025,18/09/2025,CUST-160,SKU-1004,WH-02,10,10,44.52,0
701200,1,17/09/2025,19/09/2025,24/09/2025,CUST-126,SKU-1020,WH-01,200,200,72.1,0
701200,2,17/09/2025,19/09/2025,24/09/2025,CUST-126,SKU-1020,WH-01,100,90,72.1,0.05
701201,1,17/09/2025,22/09/2025,22/09/2025,CUST-135,SKU-1009,WH-01,150,150,32.15,0
701201,2,17/09/2025,22/09/2025,22/09/2025,CUST-135,SKU-1009,WH-01,20,20,32.15,0.1
701201,3,17/09/2025,22/09/2025,22/09/2025,CUST-135,SKU-1019,WH-01,200,200,68.25,0
701201,4,17/09/2025,22/09/2025,22/09/2025,CUST-135,SKU-1020,WH-01,75,60,72.1,0.125
701202,1,17/09/2025,24/09/2025,26/09/2025,CUST-128,SKU-1016,WH-02,20,20,19.18,0.05
701202,2,17/09/2025,24/09/2025,26/09/2025,CUST-128,SKU-1019,WH-02,75,75,68.25,0
701203,1,17/09/2025,20/09/2025,19/09/2025,CUST-114,SKU-1021,WH-01,20,20,50.68,0
701203,2,17/09/2025,20/09/2025,19/09/2025,CUST-114,SKU-1019,WH-01,150,150,68.25,0.05
701203,3,17/09/2025,20/09/2025,19/09/2025,CUST-114,SKU-1008,WH-01,100,100,12.26,0.05
701204,1,18/09/2025,21/09/2025,20/09/2025,CUST-107,SKU-1013,WH-01,75,75,75.26,0
701204,2,18/09/2025,21/09/2025,20/09/2025,CUST-107,SKU-1021,WH-01,25,25,50.68,0.125
701204,3,18/09/2025,21/09/2025,20/09/2025,CUST-107,SKU-1019,WH-01,10,10,68.25,0.1
701204,4,18/09/2025,21/09/2025,20/09/2025,CUST-107,SKU-1017,WH-01,100,100,44.62,0
701205,1,18/09/2025,23/09/2025,24/09/2025,CUST-118,SKU-1008,WH-02,10,10,12.26,0
701205,2,18/09/2025,23/09/2025,24/09/2025,CUST-118,SKU-1011,WH-02,20,20,39.0,0.05
701205,3,18/09/2025,23/09/2025,24/09/2025,CUST-118,SKU-1013,WH-02,75,75,75.26,0
701206,1,18/09/2025,20/09/2025,19/09/2025,CUST-127,SKU-1002,WH-04,150,150,54.08,0
701206,2,18/09/2025,20/09/2025,19/09/2025,CUST-127,SKU-1023,WH-04,50,50,19.51,0.125
701206,3,18/09/2025,20/09/2025,19/09/2025,CUST-127,SKU-1007,WH-04,150,150,66.6,0
701207,1,18/09/2025,25/09/2025,25/09/2025,CUST-159,SKU-1023,WH-04,20,20,19.51,0
701207,2,18/09/2025,25/09/2025,25/09/2025,CUST-159,SKU-1002,WH-04,150,60,54.08,0
701207,3,18/09/2025,25/09/2025,25/09/2025,CUST-159,SKU-1016,WH-04,25,25,19.18,0.05
701207,4,18/09/2025,25/09/2025,25/09/2025,CUST-159,SKU-1009,WH-04,25,25,32.15,0.1
701208,1,18/09/2025,22/09/2025,21/09/2025,CUST-160,SKU-1021,WH-01,100,100,50.68,0
701209,1,18/09/2025,21/09/2025,22/09/2025,CUST-141,SKU-1008,WH-04,10,10,12.26,0
701210,1,18/09/2025,23/09/2025,23/09/2025,CUST-109,SKU-1010,WH-02,10,4,75.49,0.05
701211,1,18/09/2025,21/09/2025,20/09/2025,CUST-153,SKU-1015,WH-01,200,200,27.45,0.1
701211,2,18/09/2025,21/09/2025,20/09/2025,CUST-153,SKU-1020,WH-01,20,12,72.1,0.05
701211,3,18/09/2025,21/09/2025,20/09/2025,CUST-153,SKU-1022,WH-01,200,200,11.23,0.125
701211,4,18/09/2025,21/09/2025,20/09/2025,CUST-153,SKU-1009,WH-01,25,25,32.15,0
701212,1,18/09/2025,21/09/2025,20/09/2025,CUST-143,SKU-1006,WH-01,25,25,54.97,0
701212,2,18/09/2025,21/09/2025,20/09/2025,CUST-143,SKU-1011,WH-01,200,200,39.0,0.05
701212,3,18/09/2025,21/09/2025,20/09/2025,CUST-143,SKU-1014,WH-01,25,25,100.88,0.125
701212,4,18/09/2025,21/09/2025,20/09/2025,CUST-143,SKU-1011,WH-01,150,150,39.0,0
701213,1,19/09/2025,22/09/2025,21/09/2025,CUST-154,SKU-1017,WH-02,50,50,44.62,0
701214,1,19/09/2025,26/09/2025,25/09/2025,CUST-132,SKU-1019,WH-01,50,50,68.25,0.05
701215,1,19/09/2025,22/09/2025,21/09/2025,CUST-131,SKU-1010,WH-03,10,10,75.49,0.125
701215,2,19/09/2025,22/09/2025,21/09/2025,CUST-131,SKU-1010,WH-03,75,75,75.49,0.1
701215,3,19/09/2025,22/09/2025,21/09/2025,CUST-131,SKU-1018,WH-03,150,150,66.93,0.05
701216,1,19/09/2025,22/09/2025,24/09/2025,CUST-114,SKU-1013,WH-04,25,25,75.26,0
701216,2,19/09/2025,22/09/2025,24/09/2025,CUST-114,SKU-1022,WH-04,50,20,11.23,0
701216,3,19/09/2025,22/09/2025,24/09/2025,CUST-114,SKU-1008,WH-04,75,75,12.26,0
701217,1,19/09/2025,24/09/2025,24/09/2025,CUST-160,SKU-1023,WH-02,75,75,19.51,0.05
701217,2,19/09/2025,24/09/2025,24/09/2025,CUST-160,SKU-1015,WH-02,50,50,27.45,0
701217,3,19/09/2025,24/09/2025,24/09/2025,CUST-160,SKU-1007,WH-02,25,25,66.6,0
701218,1,19/09/2025,26/09/2025,01/10/2025,CUST-146,SKU-1012,WH-04,150,150,54.11,0.1
701218,2,19/09/2025,26/09/2025,01/10/2025,CUST-146,SKU-1011,WH-04,50,50,39.0,0.05
701219,1,22/09/2025,25/09/2025,24/09/2025,CUST-113,SKU-1006,WH-02,25,25,54.97,0.1
701219,2,22/09/2025,25/09/2025,24/09/2025,CUST-113,SKU-1002,WH-02,100,100,54.08,0.125
701219,3,22/09/2025,25/09/2025,24/09/2025,CUST-113,SKU-1011,WH-02,10,10,39.0,0
701219,4,22/09/2025,25/09/2025,24/09/2025,CUST-113,SKU-1007,WH-02,25,25,66.6,0.05
701220,1,22/09/2025,25/09/2025,24/09/2025,CUST-142,SKU-1011,WH-02,50,20,39.0,0.05
701221,1,22/09/2025,25/09/2025,25/09/2025,CUST-104,SKU-1012,WH-01,20,20,54.11,0.125
701221,2,22/09/2025,25/09/2025,25/09/2025,CUST-104,SKU-1006,WH-01,100,100,54.97,0
701222,1,22/09/2025,26/09/2025,28/09/2025,CUST-109,SKU-1018,WH-04,75,45,66.93,0.1
701222,2,22/09/2025,26/09/2025,28/09/2025,CUST-109,SKU-1016,WH-04,200,200,19.18,0
701222,3,22/09/2025,26/09/2025,28/09/2025,CUST-109,SKU-1011,WH-04,10,10,39.0,0.125
701223,1,22/09/2025,29/09/2025,28/09/2025,CUST-145,SKU-1017,WH-01,50,50,44.62,0.1
701223,2,22/09/2025,29/09/2025,28/09/2025,CUST-145,SKU-1003,WH-01,10,10,52.5,0
701224,1,22/09/2025,25/09/2025,24/09/2025,CUST-108,SKU-1002,WH-02,150,150,54.08,0.1
701224,2,22/09/2025,25/09/2025,24/09/2025,CUST-108,SKU-1017,WH-02,150,150,44.62,0
701224,3,22/09/2025,25/09/2025,24/09/2025,CUST-108,SKU-1018,WH-02,75,75,66.93,0
701224,4,22/09/2025,25/09/2025,24/09/2025,CUST-108,SKU-1018,WH-02,150,150,66.93,0.05
701225,1,22/09/2025,25/09/2025,24/09/2025,CUST-118,SKU-1005,WH-01,10,10,77.98,0.1
701226,1,23/09/2025,26/09/2025,28/09/2025,CUST-146,SKU-1006,WH-04,150,150,54.97,0
701226,2,23/09/2025,26/09/2025,28/09/2025,CUST-146,SKU-1023,WH-04,20,20,19.51,0
701227,1,23/09/2025,26/09/2025,25/09/2025,CUST-111,SKU-1012,WH-03,200,200,54.11,0
701227,2,23/09/2025,26/09/2025,25/09/2025,CUST-111,SKU-1010,WH-03,25,25,75.49,0.125
701228,1,23/09/2025,26/09/2025,26/09/2025,CUST-132,SKU-1011,WH-03,75,75,39.0,0.1
701228,2,23/09/2025,26/09/2025,26/09/2025,CUST-132,SKU-1021,WH-03,10,10,50.68,0
701228,3,23/09/2025,26/09/2025,26/09/2025,CUST-132,SKU-1019,WH-03,10,10,68.25,0.1
701228,4,23/09/2025,26/09/2025,26/09/2025,CUST-132,SKU-1007,WH-03,75,75,66.6,0
701229,1,23/09/2025,28/09/2025,27/09/2025,CUST-152,SKU-1013,WH-02,20,20,75.26,0.125
701229,2,23/09/2025,28/09/2025,27/09/2025,CUST-152,SKU-1004,WH-02,75,75,44.52,0
701230,1,23/09/2025,26/09/2025,25/09/2025,CUST-115,SKU-1022,WH-04,25,25,11.23,0
701230,2,23/09/2025,26/09/2025,25/09/2025,CUST-115,SKU-1013,WH-04,10,10,75.26,0.125
701231,1,23/09/2025,28/09/2025,27/09/2025,CUST-128,SKU-1022,WH-02,20,12,11.23,0
701232,1,23/09/2025,28/09/2025,27/09/2025,CUST-158,SKU-1010,WH-03,25,25,75.49,0.05
701233,1,24/09/2025,27/09/2025,27/09/2025,CUST-107,SKU-1010,WH-02,10,10,75.49,0.1
701233,2,24/09/2025,27/09/2025,27/09/2025,CUST-107,SKU-1021,WH-02,50,50,50.68,0
701234,1,24/09/2025,28/09/2025,29/09/2025,CUST-143,SKU-1018,WH-04,25,25,66.93,0
701234,2,24/09/2025,28/09/2025,29/09/2025,CUST-143,SKU-1017,WH-04,50,50,44.62,0
701235,1,24/09/2025,28/09/2025,03/10/2025,CUST-123,SKU-1021,WH-02,100,60,50.68,0.1
701235,2,24/09/2025,28/09/2025,03/10/2025,CUST-123,SKU-1017,WH-02,20,20,44.62,0
701235,3,24/09/2025,28/09/2025,03/10/2025,CUST-123,SKU-1021,WH-02,10,10,50.68,0.1
701235,4,24/09/2025,28/09/2025,03/10/2025,CUST-123,SKU-1023,WH-02,10,10,19.51,0.1
701236,1,24/09/2025,27/09/2025,26/09/2025,CUST-120,SKU-1024,WH-01,75,75,68.06,0.125
701236,2,24/09/2025,27/09/2025,26/09/2025,CUST-120,SKU-1016,WH-01,150,60,19.18,0
701237,1,24/09/2025,27/09/2025,26/09/2025,CUST-146,SKU-1011,WH-02,200,200,39.0,0
701237,2,24/09/2025,27/09/2025,26/09/2025,CUST-146,SKU-1006,WH-02,25,25,54.97,0.1
701237,3,24/09/2025,27/09/2025,26/09/2025,CUST-146,SKU-1008,WH-02,200,200,12.26,0.1
701237,4,24/09/2025,27/09/2025,26/09/2025,CUST-146,SKU-1010,WH-02,150,150,75.49,0
701238,1,24/09/2025,29/09/2025,29/09/2025,CUST-151,SKU-1001,WH-02,50,50,59.63,0.1
701238,2,24/09/2025,29/09/2025,29/09/2025,CUST-151,SKU-1006,WH-02,25,25,54.97,0.05
701238,3,24/09/2025,29/09/2025,29/09/2025,CUST-151,SKU-1021,WH-02,75,60,50.68,0.125
701239,1,24/09/2025,27/09/2025,27/09/2025,CUST-158,SKU-1018,WH-03,20,20,66.93,0.05
701239,2,24/09/2025,27/09/2025,27/09/2025,CUST-158,SKU-1013,WH-03,50,50,75.26,0
701239,3,24/09/2025,27/09/2025,27/09/2025,CUST-158,SKU-1024,WH-03,20,20,68.06,0
701239,4,24/09/2025,27/09/2025,27/09/2025,CUST-158,SKU-1001,WH-03,150,150,59.63,0.125
701240,1,24/09/2025,28/09/2025,27/09/2025,CUST-108,SKU-1023,WH-03,50,50,19.51,0
701241,1,25/09/2025,28/09/2025,28/09/2025,CUST-109,SKU-1022,WH-01,200,200,11.23,0.05
701241,2,25/09/2025,28/09/2025,28/09/2025,CUST-109,SKU-1011,WH-01,20,20,39.0,0.125
701241,3,25/09/2025,28/09/2025,28/09/2025,CUST-109,SKU-1016,WH-01,50,30,19.18,0
701241,4,25/09/2025,28/09/2025,28/09/2025,CUST-109,SKU-1001,WH-01,25,25,59.63,0
701242,1,25/09/2025,02/10/2025,07/10/2025,CUST-145,SKU-1001,WH-04,20,20,59.63,0
701242,2,25/09/2025,02/10/2025,07/10/2025,CUST-145,SKU-1010,WH-04,200,200,75.49,0.1
701243,1,25/09/2025,28/09/2025,03/10/2025,CUST-142,SKU-1007,WH-03,25,25,66.6,0.05
701244,1,25/09/2025,02/10/2025,07/10/2025,CUST-149,SKU-1019,WH-01,200,200,68.25,0
701244,2,25/09/2025,02/10/2025,07/10/2025,CUST-149,SKU-1020,WH-01,150,90,72.1,0.125
701244,3,25/09/2025,02/10/2025,07/10/2025,CUST-149,SKU-1024,WH-01,10,10,68.06,0
701245,1,25/09/2025,02/10/2025,03/10/2025,CUST-122,SKU-1003,WH-01,50,50,52.5,0
701246,1,25/09/2025,02/10/2025,01/10/2025,CUST-127,SKU-1014,WH-04,10,10,100.88,0
701247,1,25/09/2025,28/09/2025,28/09/2025,CUST-121,SKU-1006,WH-02,100,100,54.97,0.05
701248,1,26/09/2025,01/10/2025,30/09/2025,CUST-104,SKU-1007,WH-01,10,10,66.6,0.1
701248,2,26/09/2025,01/10/2025,30/09/2025,CUST-104,SKU-1014,WH-01,10,9,100.88,0.05
701248,3,26/09/2025,01/10/2025,30/09/2025,CUST-104,SKU-1001,WH-01,75,75,59.63,0.125
701249,1,26/09/2025,28/09/2025,27/09/2025,CUST-136,SKU-1015,WH-02,25,25,27.45,0.125
701249,2,26/09/2025,28/09/2025,27/09/2025,CUST-136,SKU-1001,WH-02,100,100,59.63,0.05
701250,1,26/09/2025,29/09/2025,30/09/2025,CUST-140,SKU-1002,WH-02,150,150,54.08,0
701250,2,26/09/2025,29/09/2025,30/09/2025,CUST-140,SKU-1012,WH-02,50,50,54.11,0
701250,3,26/09/2025,29/09/2025,30/09/2025,CUST-140,SKU-1019,WH-02,150,150,68.25,0.125
701251,1,26/09/2025,30/09/2025,30/09/2025,CUST-134,SKU-1019,WH-02,200,200,68.25,0
701251,2,26/09/2025,30/09/2025,30/09/2025,CUST-134,SKU-1003,WH-02,150,60,52.5,0.1
701252,1,26/09/2025,28/09/2025,30/09/2025,CUST-123,SKU-1018,WH-01,10,10,66.93,0
701252,2,26/09/2025,28/09/2025,30/09/2025,CUST-123,SKU-1014,WH-01,75,75,100.88,0
701252,3,26/09/2025,28/09/2025,30/09/2025,CUST-123,SKU-1023,WH-01,75,75,19.51,0
701252,4,26/09/2025,28/09/2025,30/09/2025,CUST-123,SKU-1012,WH-01,10,10,54.11,0
701253,1,26/09/2025,03/10/2025,04/10/2025,CUST-132,SKU-1014,WH-04,50,50,100.88,0.05
701253,2,26/09/2025,03/10/2025,04/10/2025,CUST-132,SKU-1011,WH-04,75,75,39.0,0
701253,3,26/09/2025,03/10/2025,04/10/2025,CUST-132,SKU-1022,WH-04,10,10,11.23,0.1
701254,1,26/09/2025,01/10/2025,03/10/2025,CUST-141,SKU-1008,WH-01,150,150,12.26,0.05
701254,2,26/09/2025,01/10/2025,03/10/2025,CUST-141,SKU-1021,WH-01,50,50,50.68,0.05
701254,3,26/09/2025,01/10/2025,03/10/2025,CUST-141,SKU-1022,WH-01,200,180,11.23,0
701254,4,26/09/2025,01/10/2025,03/10/2025,CUST-141,SKU-1013,WH-01,10,8,75.26,0.05
701255,1,29/09/2025,03/10/2025,03/10/2025,CUST-121,SKU-1016,WH-02,50,50,19.18,0.1
701256,1,29/09/2025,02/10/2025,01/10/2025,CUST-132,SKU-1015,WH-03,50,20,27.45,0
701256,2,29/09/2025,02/10/2025,01/10/2025,CUST-132,SKU-1008,WH-03,50,50,12.26,0
701256,3,29/09/2025,02/10/2025,01/10/2025,CUST-132,SKU-1020,WH-03,25,25,72.1,0.125
701257,1,29/09/2025,06/10/2025,08/10/2025,CUST-105,SKU-1002,WH-04,25,25,54.08,0.05
701258,1,29/09/2025,04/10/2025,03/10/2025,CUST-150,SKU-1006,WH-02,150,150,54.97,0.125
701259,1,29/09/2025,02/10/2025,02/10/2025,CUST-126,SKU-1023,WH-01,150,150,19.51,0
701259,2,29/09/2025,02/10/2025,02/10/2025,CUST-126,SKU-1020,WH-01,200,200,72.1,0.1
701259,3,29/09/2025,02/10/2025,02/10/2025,CUST-126,SKU-1021,WH-01,200,200,50.68,0
701260,1,30/09/2025,04/10/2025,03/10/2025,CUST-139,SKU-1005,WH-03,50,50,77.98,0.1
701260,2,30/09/2025,04/10/2025,03/10/2025,CUST-139,SKU-1010,WH-03,10,10,75.49,0
701260,3,30/09/2025,04/10/2025,03/10/2025,CUST-139,SKU-1009,WH-03,200,200,32.15,0.125
701261,1,30/09/2025,03/10/2025,02/10/2025,CUST-134,SKU-1015,WH-03,200,200,27.45,0.125
701261,2,30/09/2025,03/10/2025,02/10/2025,CUST-134,SKU-1009,WH-03,20,20,32.15,0.1
701261,3,30/09/2025,03/10/2025,02/10/2025,CUST-134,SKU-1001,WH-03,75,75,59.63,0.05
701261,4,30/09/2025,03/10/2025,02/10/2025,CUST-134,SKU-1017,WH-03,150,150,44.62,0
701262,1,30/09/2025,02/10/2025,01/10/2025,CUST-153,SKU-1010,WH-04,100,100,75.49,0.05
701263,1,30/09/2025,02/10/2025,02/10/2025,CUST-152,SKU-1004,WH-03,150,150,44.52,0.05
701263,2,30/09/2025,02/10/2025,02/10/2025,CUST-152,SKU-1004,WH-03,25,25,44.52,0
701263,3,30/09/2025,02/10/2025,02/10/2025,CUST-152,SKU-1016,WH-03,150,90,19.18,0.1
701263,4,30/09/2025,02/10/2025,02/10/2025,CUST-152,SKU-1011,WH-03,10,10,39.0,0.1
701264,1,30/09/2025,03/10/2025,02/10/2025,CUST-122,SKU-1015,WH-03,10,6,27.45,0
701264,2,30/09/2025,03/10/2025,02/10/2025,CUST-122,SKU-1016,WH-03,20,20,19.18,0.1
701264,3,30/09/2025,03/10/2025,02/10/2025,CUST-122,SKU-1021,WH-03,200,200,50.68,0
701264,4,30/09/2025,03/10/2025,02/10/2025,CUST-122,SKU-1019,WH-03,200,200,68.25,0
701265,1,30/09/2025,03/10/2025,02/10/2025,CUST-131,SKU-1001,WH-02,200,200,59.63,0.1
701265,2,30/09/2025,03/10/2025,02/10/2025,CUST-131,SKU-1015,WH-02,10,10,27.45,0.1
701265,3,30/09/2025,03/10/2025,02/10/2025,CUST-131,SKU-1012,WH-02,10,10,54.11,0
701265,4,30/09/2025,03/10/2025,02/10/2025,CUST-131,SKU-1008,WH-02,20,20,12.26,0
701266,1,01/10/2025,05/10/2025,04/10/2025,CUST-112,SKU-1006,WH-01,200,200,54.97,0
701266,2,01/10/2025,05/10/2025,04/10/2025,CUST-112,SKU-1008,WH-01,150,150,12.26,0
701266,3,01/10/2025,05/10/2025,04/10/2025,CUST-112,SKU-1008,WH-01,20,20,12.26,0
701266,4,01/10/2025,05/10/2025,04/10/2025,CUST-112,SKU-1016,WH-01,50,50,19.18,0.1
701267,1,01/10/2025,05/10/2025,04/10/2025,CUST-125,SKU-1012,WH-03,20,20,54.11,0
701267,2,01/10/2025,05/10/2025,04/10/2025,CUST-125,SKU-1005,WH-03,150,135,77.98,0.05
701267,3,01/10/2025,05/10/2025,04/10/2025,CUST-125,SKU-1018,WH-03,50,50,66.93,0
701268,1,01/10/2025,03/10/2025,02/10/2025,CUST-111,SKU-1017,WH-01,200,200,44.62,0
701268,2,01/10/2025,03/10/2025,02/10/2025,CUST-111,SKU-1012,WH-01,25,25,54.11,0.125
701268,3,01/10/2025,03/10/2025,02/10/2025,CUST-111,SKU-1018,WH-01,20,20,66.93,0.125
701268,4,01/10/2025,03/10/2025,02/10/2025,CUST-111,SKU-1024,WH-01,150,150,68.06,0
701269,1,01/10/2025,05/10/2025,04/10/2025,CUST-110,SKU-1009,WH-03,10,10,32.15,0
701269,2,01/10/2025,05/10/2025,04/10/2025,CUST-110,SKU-1015,WH-03,10,10,27.45,0.05
701269,3,01/10/2025,05/10/2025,04/10/2025,CUST-110,SKU-1011,WH-03,10,10,39.0,0.1
701269,4,01/10/2025,05/10/2025,04/10/2025,CUST-110,SKU-1015,WH-03,100,100,27.45,0.1
701270,1,01/10/2025,06/10/2025,05/10/2025,CUST-111,SKU-1004,WH-02,75,60,44.52,0.1
701271,1,01/10/2025,04/10/2025,04/10/2025,CUST-112,SKU-1001,WH-04,150,150,59.63,0.05
701271,2,01/10/2025,04/10/2025,04/10/2025,CUST-112,SKU-1004,WH-04,20,20,44.52,0.125
701271,3,01/10/2025,04/10/2025,04/10/2025,CUST-112,SKU-1009,WH-04,150,150,32.15,0.125
701272,1,02/10/2025,06/10/2025,05/10/2025,CUST-138,SKU-1018,WH-02,10,10,66.93,0
701272,2,02/10/2025,06/10/2025,05/10/2025,CUST-138,SKU-1017,WH-02,75,75,44.62,0.125
701273,1,02/10/2025,09/10/2025,08/10/2025,CUST-135,SKU-1018,WH-04,50,50,66.93,0
701273,2,02/10/2025,09/10/2025,08/10/2025,CUST-135,SKU-1001,WH-04,20,20,59.63,0
701273,3,02/10/2025,09/10/2025,08/10/2025,CUST-135,SKU-1020,WH-04,200,200,72.1,0
701273,4,02/10/2025,09/10/2025,08/10/2025,CUST-135,SKU-1016,WH-04,75,75,19.18,0.05
701274,1,02/10/2025,09/10/2025,08/10/2025,CUST-152,SKU-1023,WH-03,200,200,19.51,0.05
701275,1,02/10/2025,06/10/2025,06/10/2025,CUST-139,SKU-1001,WH-03,50,50,59.63,0.1
701276,1,02/10/2025,09/10/2025,10/10/2025,CUST-159,SKU-1010,WH-01,25,25,75.49,0.125
701276,2,02/10/2025,09/10/2025,10/10/2025,CUST-159,SKU-1023,WH-01,200,200,19.51,0.1
701276,3,02/10/2025,09/10/2025,10/10/2025,CUST-159,SKU-1019,WH-01,75,60,68.25,0.1
701276,4,02/10/2025,09/10/2025,10/10/2025,CUST-159,SKU-1015,WH-01,200,200,27.45,0.05
701277,1,02/10/2025,04/10/2025,03/10/2025,CUST-148,SKU-1004,WH-02,100,100,44.52,0
701277,2,02/10/2025,04/10/2025,03/10/2025,CUST-148,SKU-1022,WH-02,50,50,11.23,0.125
701277,3,02/10/2025,04/10/2025,03/10/2025,CUST-148,SKU-1001,WH-02,10,10,59.63,0
701278,1,03/10/2025,06/10/2025,05/10/2025,CUST-141,SKU-1008,WH-02,100,100,12.26,0
701279,1,03/10/2025,06/10/2025,05/10/2025,CUST-160,SKU-1022,WH-04,75,75,11.23,0
701279,2,03/10/2025,06/10/2025,05/10/2025,CUST-160,SKU-1001,WH-04,200,200,59.63,0.05
701279,3,03/10/2025,06/10/2025,05/10/2025,CUST-160,SKU-1005,WH-04,200,200,77.98,0
701279,4,03/10/2025,06/10/2025,05/10/2025,CUST-160,SKU-1024,WH-04,150,60,68.06,0.1
701280,1,03/10/2025,06/10/2025,06/10/2025,CUST-133,SKU-1012,WH-02,10,10,54.11,0.1
701280,2,03/10/2025,06/10/2025,06/10/2025,CUST-133,SKU-1002,WH-02,50,50,54.08,0
701281,1,03/10/2025,08/10/2025,07/10/2025,CUST-134,SKU-1023,WH-03,25,25,19.51,0.1
701281,2,03/10/2025,08/10/2025,07/10/2025,CUST-134,SKU-1012,WH-03,150,150,54.11,0.1
701281,3,03/10/2025,08/10/2025,07/10/2025,CUST-134,SKU-1005,WH-03,25,25,77.98,0.1
701281,4,03/10/2025,08/10/2025,07/10/2025,CUST-134,SKU-1006,WH-03,10,10,54.97,0.05
701282,1,03/10/2025,07/10/2025,06/10/2025,CUST-102,SKU-1002,WH-02,25,25,54.08,0
701282,2,03/10/2025,07/10/2025,06/10/2025,CUST-102,SKU-1008,WH-02,75,75,12.26,0
701282,3,03/10/2025,07/10/2025,06/10/2025,CUST-102,SKU-1004,WH-02,50,50,44.52,0.125
701282,4,03/10/2025,07/10/2025,06/10/2025,CUST-102,SKU-1012,WH-02,150,150,54.11,0.1
701283,1,03/10/2025,05/10/2025,04/10/2025,CUST-109,SKU-1024,WH-03,20,8,68.06,0.125
701283,2,03/10/2025,05/10/2025,04/10/2025,CUST-109,SKU-1017,WH-03,10,10,44.62,0.1
701283,3,03/10/2025,05/10/2025,04/10/2025,CUST-109,SKU-1018,WH-03,50,50,66.93,0
701283,4,03/10/2025,05/10/2025,04/10/2025,CUST-109,SKU-1024,WH-03,20,20,68.06,0
701284,1,03/10/2025,06/10/2025,07/10/2025,CUST-155,SKU-1022,WH-03,50,50,11.23,0.1
701284,2,03/10/2025,06/10/2025,07/10/2025,CUST-155,SKU-1017,WH-03,200,200,44.62,0
701284,3,03/10/2025,06/10/2025,07/10/2025,CUST-155,SKU-1017,WH-03,50,50,44.62,0
701285,1,06/10/2025,09/10/2025,11/10/2025,CUST-101,SKU-1017,WH-04,25,25,44.62,0.1
701285,2,06/10/2025,09/10/2025,11/10/2025,CUST-101,SKU-1016,WH-04,100,40,19.18,0.05
701285,3,06/10/2025,09/10/2025,11/10/2025,CUST-101,SKU-1007,WH-04,100,100,66.6,0
701286,1,06/10/2025,09/10/2025,08/10/2025,CUST-151,SKU-1005,WH-04,100,100,77.98,0.1
701287,1,06/10/2025,09/10/2025,09/10/2025,CUST-122,SKU-1006,WH-04,200,200,54.97,0
701287,2,06/10/2025,09/10/2025,09/10/2025,CUST-122,SKU-1004,WH-04,100,60,44.52,0
701287,3,06/10/2025,09/10/2025,09/10/2025,CUST-122,SKU-1009,WH-04,75,75,32.15,0
701288,1,06/10/2025,11/10/2025,11/10/2025,CUST-150,SKU-1011,WH-03,20,8,39.0,0.05
701288,2,06/10/2025,11/10/2025,11/10/2025,CUST-150,SKU-1007,WH-03,200,200,66.6,0.05
701288,3,06/10/2025,11/10/2025,11/10/2025,CUST-150,SKU-1004,WH-03,10,6,44.52,0.1
701289,1,06/10/2025,09/10/2025,10/10/2025,CUST-101,SKU-1007,WH-03,100,100,66.6,0
701290,1,06/10/2025,13/10/2025,14/10/2025,CUST-128,SKU-1020,WH-03,100,100,72.1,0
701290,2,06/10/2025,13/10/2025,14/10/2025,CUST-128,SKU-1023,WH-03,100,100,19.51,0
701290,3,06/10/2025,13/10/2025,14/10/2025,CUST-128,SKU-1006,WH-03,100,100,54.97,0.05
701291,1,06/10/2025,13/10/2025,12/10/2025,CUST-109,SKU-1020,WH-01,25,25,72.1,0.1
701292,1,07/10/2025,09/10/2025,09/10/2025,CUST-112,SKU-1005,WH-04,200,200,77.98,0
701292,2,07/10/2025,09/10/2025,09/10/2025,CUST-112,SKU-1017,WH-04,150,150,44.62,0
701292,3,07/10/2025,09/10/2025,09/10/2025,CUST-112,SKU-1007,WH-04,20,20,66.6,0.05
701293,1,07/10/2025,10/10/2025,09/10/2025,CUST-142,SKU-1012,WH-02,10,10,54.11,0.125
701293,2,07/10/2025,10/10/2025,09/10/2025,CUST-142,SKU-1009,WH-02,25,25,32.15,0.125
701293,3,07/10/2025,10/10/2025,09/10/2025,CUST-142,SKU-1022,WH-02,150,150,11.23,0
701293,4,07/10/2025,10/10/2025,09/10/2025,CUST-142,SKU-1020,WH-02,10,10,72.1,0
701294,1,07/10/2025,10/10/2025,10/10/2025,CUST-110,SKU-1017,WH-03,25,25,44.62,0.05
701295,1,07/10/2025,12/10/2025,12/10/2025,CUST-115,SKU-1008,WH-04,150,150,12.26,0.05
701296,1,08/10/2025,11/10/2025,11/10/2025,CUST-125,SKU-1024,WH-03,20,20,68.06,0.05
701296,2,08/10/2025,11/10/2025,11/10/2025,CUST-125,SKU-1022,WH-03,150,150,11.23,0
701296,3,08/10/2025,11/10/2025,11/10/2025,CUST-125,SKU-1004,WH-03,75,75,44.52,0.05
701297,1,08/10/2025,15/10/2025,15/10/2025,CUST-136,SKU-1018,WH-01,150,150,66.93,0.125
701298,1,08/10/2025,12/10/2025,12/10/2025,CUST-123,SKU-1004,WH-03,50,50,44.52,0
701298,2,08/10/2025,12/10/2025,12/10/2025,CUST-123,SKU-1001,WH-03,25,25,59.63,0
701299,1,08/10/2025,11/10/2025,11/10/2025,CUST-145,SKU-1019,WH-01,10,10,68.25,0
701299,2,08/10/2025,11/10/2025,11/10/2025,CUST-145,SKU-1013,WH-01,200,200,75.26,0
701300,1,08/10/2025,11/10/2025,12/10/2025,CUST-124,SKU-1006,WH-04,150,150,54.97,0
701300,2,08/10/2025,11/10/2025,12/10/2025,CUST-124,SKU-1009,WH-04,10,10,32.15,0
701300,3,08/10/2025,11/10/2025,12/10/2025,CUST-124,SKU-1014,WH-04,150,150,100.88,0
701301,1,08/10/2025,10/10/2025,09/10/2025,CUST-126,SKU-1004,WH-01,100,100,44.52,0
701301,2,08/10/2025,10/10/2025,09/10/2025,CUST-126,SKU-1024,WH-01,75,75,68.06,0
701302,1,08/10/2025,11/10/2025,10/10/2025,CUST-151,SKU-1007,WH-01,10,4,66.6,0
701302,2,08/10/2025,11/10/2025,10/10/2025,CUST-151,SKU-1003,WH-01,200,200,52.5,0.1
701302,3,08/10/2025,11/10/2025,10/10/2025,CUST-151,SKU-1006,WH-01,50,50,54.97,0.1
701302,4,08/10/2025,11/10/2025,10/10/2025,CUST-151,SKU-1017,WH-01,25,25,44.62,0
701303,1,09/10/2025,12/10/2025,11/10/2025,CUST-157,SKU-1020,WH-02,200,120,72.1,0
701303,2,09/10/2025,12/10/2025,11/10/2025,CUST-157,SKU-1023,WH-02,100,100,19.51,0
701304,1,09/10/2025,12/10/2025,14/10/2025,CUST-127,SKU-1013,WH-03,75,75,75.26,0
701305,1,09/10/2025,11/10/2025,10/10/2025,CUST-104,SKU-1002,WH-04,150,135,54.08,0.1
701305,2,09/10/2025,11/10/2025,10/10/2025,CUST-104,SKU-1008,WH-04,150,150,12.26,0
701305,3,09/10/2025,11/10/2025,10/10/2025,CUST-104,SKU-1001,WH-04,25,15,59.63,0
701305,4,09/10/2025,11/10/2025,10/10/2025,CUST-104,SKU-1021,WH-04,20,20,50.68,0.1
701306,1,09/10/2025,12/10/2025,11/10/2025,CUST-159,SKU-1006,WH-04,200,200,54.97,0
701306,2,09/10/2025,12/10/2025,11/10/2025,CUST-159,SKU-1021,WH-04,25,25,50.68,0
701306,3,09/10/2025,12/10/2025,11/10/2025,CUST-159,SKU-1022,WH-04,75,75,11.23,0
701306,4,09/10/2025,12/10/2025,11/10/2025,CUST-159,SKU-1022,WH-04,10,4,11.23,0
701307,1,09/10/2025,12/10/2025,14/10/2025,CUST-147,SKU-1012,WH-01,20,20,54.11,0.125
701308,1,09/10/2025,14/10/2025,13/10/2025,CUST-147,SKU-1021,WH-03,100,80,50.68,0
701308,2,09/10/2025,14/10/2025,13/10/2025,CUST-147,SKU-1012,WH-03,10,10,54.11,0
701308,3,09/10/2025,14/10/2025,13/10/2025,CUST-147,SKU-1008,WH-03,25,25,12.26,0
701309,1,09/10/2025,16/10/2025,16/10/2025,CUST-160,SKU-1010,WH-01,200,200,75.49,0.05
701309,2,09/10/2025,16/10/2025,16/10/2025,CUST-160,SKU-1024,WH-01,50,50,68.06,0.1
701309,3,09/10/2025,16/10/2025,16/10/2025,CUST-160,SKU-1023,WH-01,50,50,19.51,0.125
701310,1,09/10/2025,16/10/2025,21/10/2025,CUST-107,SKU-1023,WH-01,100,100,19.51,0.05
701310,2,09/10/2025,16/10/2025,21/10/2025,CUST-107,SKU-1023,WH-01,50,50,19.51,0
701310,3,09/10/2025,16/10/2025,21/10/2025,CUST-107,SKU-1008,WH-01,150,150,12.26,0
701311,1,10/10/2025,15/10/2025,14/10/2025,CUST-141,SKU-1013,WH-01,50,30,75.26,0
701312,1,10/10/2025,14/10/2025,13/10/2025,CUST-127,SKU-1022,WH-03,100,100,11.23,0
701313,1,10/10/2025,13/10/2025,13/10/2025,CUST-115,SKU-1017,WH-04,150,150,44.62,0
701313,2,10/10/2025,13/10/2025,13/10/2025,CUST-115,SKU-1016,WH-04,20,20,19.18,0
701313,3,10/10/2025,13/10/2025,13/10/2025,CUST-115,SKU-1006,WH-04,200,200,54.97,0
701313,4,10/10/2025,13/10/2025,13/10/2025,CUST-115,SKU-1024,WH-04,20,20,68.06,0.125
701314,1,10/10/2025,14/10/2025,13/10/2025,CUST-130,SKU-1016,WH-01,20,20,19.18,0.1
701314,2,10/10/2025,14/10/2025,13/10/2025,CUST-130,SKU-1013,WH-01,20,20,75.26,0
701314,3,10/10/2025,14/10/2025,13/10/2025,CUST-130,SKU-1018,WH-01,10,10,66.93,0.05
701314,4,10/10/2025,14/10/2025,13/10/2025,CUST-130,SKU-1005,WH-01,10,10,77.98,0.1
701315,1,10/10/2025,17/10/2025,22/10/2025,CUST-129,SKU-1016,WH-04,100,100,19.18,0
701315,2,10/10/2025,17/10/2025,22/10/2025,CUST-129,SKU-1004,WH-04,100,100,44.52,0.05
701316,1,10/10/2025,17/10/2025,16/10/2025,CUST-129,SKU-1010,WH-02,10,6,75.49,0
701316,2,10/10/2025,17/10/2025,16/10/2025,CUST-129,SKU-1022,WH-02,75,75,11.23,0.125
701317,1,10/10/2025,13/10/2025,18/10/2025,CUST-151,SKU-1015,WH-01,75,45,27.45,0.05
701317,2,10/10/2025,13/10/2025,18/10/2025,CUST-151,SKU-1019,WH-01,75,75,68.25,0
701317,3,10/10/2025,13/10/2025,18/10/2025,CUST-151,SKU-1010,WH-01,100,100,75.49,0
701318,1,13/10/2025,18/10/2025,18/10/2025,CUST-109,SKU-1016,WH-04,150,150,19.18,0.05
701318,2,13/10/2025,18/10/2025,18/10/2025,CUST-109,SKU-1005,WH-04,200,200,77.98,0.05
701318,3,13/10/2025,18/10/2025,18/10/2025,CUST-109,SKU-1013,WH-04,50,50,75.26,0.05
701318,4,13/10/2025,18/10/2025,18/10/2025,CUST-109,SKU-1003,WH-04,10,10,52.5,0.05
701319,1,13/10/2025,20/10/2025,19/10/2025,CUST-136,SKU-1013,WH-01,20,20,75.26,0
701319,2,13/10/2025,20/10/2025,19/10/2025,CUST-136,SKU-1009,WH-01,200,200,32.15,0
701320,1,13/10/2025,17/10/2025,19/10/2025,CUST-152,SKU-1005,WH-04,20,16,77.98,0
701321,1,13/10/2025,20/10/2025,19/10/2025,CUST-116,SKU-1024,WH-03,50,50,68.06,0.05
701322,1,13/10/2025,20/10/2025,20/10/2025,CUST-104,SKU-1015,WH-01,25,25,27.45,0.1
701323,1,13/10/2025,16/10/2025,18/10/2025,CUST-138,SKU-1006,WH-01,10,10,54.97,0
701323,2,13/10/2025,16/10/2025,18/10/2025,CUST-138,SKU-1004,WH-01,20,20,44.52,0
701323,3,13/10/2025,16/10/2025,18/10/2025,CUST-138,SKU-1006,WH-01,10,10,54.97,0
701323,4,13/10/2025,16/10/2025,18/10/2025,CUST-138,SKU-1004,WH-01,200,200,44.52,0
701324,1,13/10/2025,16/10/2025,17/10/2025,CUST-116,SKU-1014,WH-04,200,200,100.88,0
701324,2,13/10/2025,16/10/2025,17/10/2025,CUST-116,SKU-1015,WH-04,20,20,27.45,0
701324,3,13/10/2025,16/10/2025,17/10/2025,CUST-116,SKU-1023,WH-04,100,100,19.51,0.05
701325,1,13/10/2025,16/10/2025,15/10/2025,CUST-152,SKU-1016,WH-04,100,100,19.18,0.1
701325,2,13/10/2025,16/10/2025,15/10/2025,CUST-152,SKU-1002,WH-04,200,200,54.08,0.1
701326,1,13/10/2025,16/10/2025,16/10/2025,CUST-132,SKU-1012,WH-02,150,150,54.11,0
701326,2,13/10/2025,16/10/2025,16/10/2025,CUST-132,SKU-1012,WH-02,75,75,54.11,0.1
701327,1,14/10/2025,16/10/2025,18/10/2025,CUST-153,SKU-1011,WH-03,200,200,39.0,0
701327,2,14/10/2025,16/10/2025,18/10/2025,CUST-153,SKU-1014,WH-03,20,20,100.88,0.05
701327,3,14/10/2025,16/10/2025,18/10/2025,CUST-153,SKU-1008,WH-03,10,10,12.26,0
701328,1,14/10/2025,21/10/2025,21/10/2025,CUST-125,SKU-1020,WH-01,10,8,72.1,0.05
701329,1,14/10/2025,17/10/2025,16/10/2025,CUST-145,SKU-1001,WH-03,20,20,59.63,0
701329,2,14/10/2025,17/10/2025,16/10/2025,CUST-145,SKU-1012,WH-03,75,75,54.11,0.125
701329,3,14/10/2025,17/10/2025,16/10/2025,CUST-145,SKU-1008,WH-03,200,160,12.26,0
701330,1,14/10/2025,19/10/2025,21/10/2025,CUST-144,SKU-1016,WH-02,150,150,19.18,0.05
701330,2,14/10/2025,19/10/2025,21/10/2025,CUST-144,SKU-1012,WH-02,100,100,54.11,0.1
701331,1,14/10/2025,19/10/2025,19/10/2025,CUST-119,SKU-1008,WH-03,50,50,12.26,0
701331,2,14/10/2025,19/10/2025,19/10/2025,CUST-119,SKU-1023,WH-03,20,20,19.51,0.05
701331,3,14/10/2025,19/10/2025,19/10/2025,CUST-119,SKU-1017,WH-03,10,10,44.62,0
701332,1,14/10/2025,17/10/2025,17/10/2025,CUST-109,SKU-1024,WH-02,75,45,68.06,0.125
701333,1,14/10/2025,17/10/2025,16/10/2025,CUST-121,SKU-1007,WH-01,25,25,66.6,0.05
701333,2,14/10/2025,17/10/2025,16/10/2025,CUST-121,SKU-1005,WH-01,25,25,77.98,0.1
701334,1,15/10/2025,18/10/2025,17/10/2025,CUST-129,SKU-1017,WH-04,200,200,44.62,0.1
701334,2,15/10/2025,18/10/2025,17/10/2025,CUST-129,SKU-1016,WH-04,20,12,19.18,0
701334,3,15/10/2025,18/10/2025,17/10/2025,CUST-129,SKU-1017,WH-04,100,100,44.62,0
701334,4,15/10/2025,18/10/2025,17/10/2025,CUST-129,SKU-1004,WH-04,100,100,44.52,0.05
701335,1,15/10/2025,19/10/2025,20/10/2025,CUST-130,SKU-1024,WH-02,150,150,68.06,0.05
701335,2,15/10/2025,19/10/2025,20/10/2025,CUST-130,SKU-1019,WH-02,20,20,68.25,0.05
701335,3,15/10/2025,19/10/2025,20/10/2025,CUST-130,SKU-1007,WH-02,20,20,66.6,0
701336,1,15/10/2025,17/10/2025,16/10/2025,CUST-141,SKU-1019,WH-02,150,135,68.25,0
701336,2,15/10/2025,17/10/2025,16/10/2025,CUST-141,SKU-1021,WH-02,25,25,50.68,0.05
701336,3,15/10/2025,17/10/2025,16/10/2025,CUST-141,SKU-1024,WH-02,75,75,68.06,0
701336,4,15/10/2025,17/10/2025,16/10/2025,CUST-141,SKU-1020,WH-02,20,20,72.1,0.1
701337,1,15/10/2025,18/10/2025,18/10/2025,CUST-140,SKU-1010,WH-04,150,150,75.49,0
701337,2,15/10/2025,18/10/2025,18/10/2025,CUST-140,SKU-1015,WH-04,75,75,27.45,0.125
701337,3,15/10/2025,18/10/2025,18/10/2025,CUST-140,SKU-1017,WH-04,50,30,44.62,0
701337,4,15/10/2025,18/10/2025,18/10/2025,CUST-140,SKU-1005,WH-04,100,40,77.98,0
701338,1,15/10/2025,22/10/2025,27/10/2025,CUST-132,SKU-1004,WH-02,200,200,44.52,0
701338,2,15/10/2025,22/10/2025,27/10/2025,CUST-132,SKU-1013,WH-02,75,75,75.26,0
701339,1,15/10/2025,17/10/2025,16/10/2025,CUST-127,SKU-1017,WH-01,100,40,44.62,0
701340,1,15/10/2025,18/10/2025,17/10/2025,CUST-101,SKU-1009,WH-02,200,180,32.15,0.05
701340,2,15/10/2025,18/10/2025,17/10/2025,CUST-101,SKU-1010,WH-02,100,100,75.49,0
701340,3,15/10/2025,18/10/2025,17/10/2025,CUST-101,SKU-1001,WH-02,200,120,59.63,0.1
701340,4,15/10/2025,18/10/2025,17/10/2025,CUST-101,SKU-1017,WH-02,20,20,44.62,0
701341,1,15/10/2025,17/10/2025,16/10/2025,CUST-137,SKU-1006,WH-02,75,75,54.97,0.1
701341,2,15/10/2025,17/10/2025,16/10/2025,CUST-137,SKU-1023,WH-02,50,50,19.51,0.125
701341,3,15/10/2025,17/10/2025,16/10/2025,CUST-137,SKU-1002,WH-02,25,25,54.08,0
701342,1,15/10/2025,18/10/2025,17/10/2025,CUST-124,SKU-1004,WH-01,25,25,44.52,0.05
701342,2,15/10/2025,18/10/2025,17/10/2025,CUST-124,SKU-1004,WH-01,75,75,44.52,0
701342,3,15/10/2025,18/10/2025,17/10/2025,CUST-124,SKU-1024,WH-01,20,20,68.06,0
701343,1,16/10/2025,23/10/2025,22/10/2025,CUST-120,SKU-1020,WH-04,75,75,72.1,0.05
701344,1,16/10/2025,23/10/2025,22/10/2025,CUST-124,SKU-1016,WH-04,150,150,19.18,0
701344,2,16/10/2025,23/10/2025,22/10/2025,CUST-124,SKU-1019,WH-04,20,20,68.25,0.125
701345,1,16/10/2025,19/10/2025,18/10/2025,CUST-118,SKU-1023,WH-04,50,50,19.51,0.1
701345,2,16/10/2025,19/10/2025,18/10/2025,CUST-118,SKU-1013,WH-04,25,25,75.26,0
701345,3,16/10/2025,19/10/2025,18/10/2025,CUST-118,SKU-1005,WH-04,20,20,77.98,0.125
701345,4,16/10/2025,19/10/2025,18/10/2025,CUST-118,SKU-1001,WH-04,150,135,59.63,0.1
701346,1,16/10/2025,21/10/2025,20/10/2025,CUST-108,SKU-1001,WH-01,150,150,59.63,0
701346,2,16/10/2025,21/10/2025,20/10/2025,CUST-108,SKU-1017,WH-01,10,10,44.62,0.1
701346,3,16/10/2025,21/10/2025,20/10/2025,CUST-108,SKU-1023,WH-01,150,60,19.51,0.1
701347,1,16/10/2025,18/10/2025,17/10/2025,CUST-138,SKU-1018,WH-02,150,150,66.93,0.125
701347,2,16/10/2025,18/10/2025,17/10/2025,CUST-138,SKU-1013,WH-02,20,20,75.26,0.125
701348,1,16/10/2025,23/10/2025,25/10/2025,CUST-103,SKU-1023,WH-04,200,200,19.51,0
701348,2,16/10/2025,23/10/2025,25/10/2025,CUST-103,SKU-1024,WH-04,10,10,68.06,0
701348,3,16/10/2025,23/10/2025,25/10/2025,CUST-103,SKU-1012,WH-04,150,150,54.11,0
701348,4,16/10/2025,23/10/2025,25/10/2025,CUST-103,SKU-1003,WH-04,200,120,52.5,0.05
701349,1,16/10/2025,21/10/2025,21/10/2025,CUST-105,SKU-1023,WH-03,75,75,19.51,0
701349,2,16/10/2025,21/10/2025,21/10/2025,CUST-105,SKU-1013,WH-03,75,75,75.26,0.125
701350,1,16/10/2025,20/10/2025,19/10/2025,CUST-150,SKU-1003,WH-02,10,10,52.5,0
701351,1,16/10/2025,18/10/2025,17/10/2025,CUST-130,SKU-1006,WH-02,200,200,54.97,0
701351,2,16/10/2025,18/10/2025,17/10/2025,CUST-130,SKU-1003,WH-02,10,10,52.5,0.125
701352,1,17/10/2025,22/10/2025,24/10/2025,CUST-114,SKU-1017,WH-01,20,20,44.62,0.05
701352,2,17/10/2025,22/10/2025,24/10/2025,CUST-114,SKU-1010,WH-01,100,100,75.49,0.1
701352,3,17/10/2025,22/10/2025,24/10/2025,CUST-114,SKU-1024,WH-01,75,75,68.06,0
701352,4,17/10/2025,22/10/2025,24/10/2025,CUST-114,SKU-1017,WH-01,200,200,44.62,0
701353,1,17/10/2025,21/10/2025,26/10/2025,CUST-149,SKU-1019,WH-03,25,25,68.25,0
701353,2,17/10/2025,21/10/2025,26/10/2025,CUST-149,SKU-1017,WH-03,75,75,44.62,0
701354,1,17/10/2025,20/10/2025,19/10/2025,CUST-159,SKU-1019,WH-01,10,4,68.25,0.1
701354,2,17/10/2025,20/10/2025,19/10/2025,CUST-159,SKU-1003,WH-01,150,150,52.5,0.125
701354,3,17/10/2025,20/10/2025,19/10/2025,CUST-159,SKU-1010,WH-01,10,10,75.49,0.1
701354,4,17/10/2025,20/10/2025,19/10/2025,CUST-159,SKU-1007,WH-01,25,25,66.6,0.05
701355,1,17/10/2025,21/10/2025,20/10/2025,CUST-119,SKU-1002,WH-03,50,50,54.08,0
701355,2,17/10/2025,21/10/2025,20/10/2025,CUST-119,SKU-1021,WH-03,100,100,50.68,0
701355,3,17/10/2025,21/10/2025,20/10/2025,CUST-119,SKU-1002,WH-03,200,200,54.08,0
701355,4,17/10/2025,21/10/2025,20/10/2025,CUST-119,SKU-1012,WH-03,10,10,54.11,0.125
701356,1,17/10/2025,19/10/2025,18/10/2025,CUST-126,SKU-1006,WH-01,25,25,54.97,0.05
701357,1,17/10/2025,20/10/2025,25/10/2025,CUST-143,SKU-1020,WH-04,20,12,72.1,0.05
701357,2,17/10/2025,20/10/2025,25/10/2025,CUST-143,SKU-1018,WH-04,10,10,66.93,0.05
701357,3,17/10/2025,20/10/2025,25/10/2025,CUST-143,SKU-1013,WH-04,20,20,75.26,0
701358,1,20/10/2025,23/10/2025,28/10/2025,CUST-152,SKU-1016,WH-03,20,20,19.18,0
701359,1,20/10/2025,25/10/2025,25/10/2025,CUST-131,SKU-1012,WH-01,50,50,54.11,0.1
701359,2,20/10/2025,25/10/2025,25/10/2025,CUST-131,SKU-1014,WH-01,100,80,100.88,0
701360,1,20/10/2025,22/10/2025,21/10/2025,CUST-152,SKU-1002,WH-03,25,25,54.08,0
701360,2,20/10/2025,22/10/2025,21/10/2025,CUST-152,SKU-1006,WH-03,75,75,54.97,0
701360,3,20/10/2025,22/10/2025,21/10/2025,CUST-152,SKU-1020,WH-03,50,50,72.1,0.125
701361,1,20/10/2025,25/10/2025,27/10/2025,CUST-156,SKU-1009,WH-01,10,10,32.15,0
701362,1,20/10/2025,22/10/2025,22/10/2025,CUST-110,SKU-1003,WH-01,75,75,52.5,0
701362,2,20/10/2025,22/10/2025,22/10/2025,CUST-110,SKU-1009,WH-01,25,22,32.15,0.05
701363,1,20/10/2025,24/10/2025,25/10/2025,CUST-154,SKU-1019,WH-02,20,20,68.25,0.125
701363,2,20/10/2025,24/10/2025,25/10/2025,CUST-154,SKU-1010,WH-02,10,10,75.49,0.125
701364,1,20/10/2025,23/10/2025,22/10/2025,CUST-142,SKU-1001,WH-02,10,10,59.63,0.05
701364,2,20/10/2025,23/10/2025,22/10/2025,CUST-142,SKU-1018,WH-02,10,10,66.93,0.125
701364,3,20/10/2025,23/10/2025,22/10/2025,CUST-142,SKU-1017,WH-02,100,100,44.62,0
701365,1,20/10/2025,24/10/2025,23/10/2025,CUST-141,SKU-1015,WH-01,25,25,27.45,0
701365,2,20/10/2025,24/10/2025,23/10/2025,CUST-141,SKU-1024,WH-01,150,150,68.06,0
701365,3,20/10/2025,24/10/2025,23/10/2025,CUST-141,SKU-1010,WH-01,10,10,75.49,0
701366,1,21/10/2025,24/10/2025,23/10/2025,CUST-142,SKU-1022,WH-01,25,25,11.23,0.125
701366,2,21/10/2025,24/10/2025,23/10/2025,CUST-142,SKU-1002,WH-01,200,200,54.08,0.05
701366,3,21/10/2025,24/10/2025,23/10/2025,CUST-142,SKU-1018,WH-01,50,50,66.93,0
701366,4,21/10/2025,24/10/2025,23/10/2025,CUST-142,SKU-1009,WH-01,10,10,32.15,0
701367,1,21/10/2025,24/10/2025,23/10/2025,CUST-102,SKU-1016,WH-02,100,100,19.18,0
701367,2,21/10/2025,24/10/2025,23/10/2025,CUST-102,SKU-1013,WH-02,100,100,75.26,0.05
701367,3,21/10/2025,24/10/2025,23/10/2025,CUST-102,SKU-1022,WH-02,10,10,11.23,0.1
701368,1,21/10/2025,25/10/2025,24/10/2025,CUST-133,SKU-1024,WH-02,20,20,68.06,0.05
701369,1,21/10/2025,25/10/2025,24/10/2025,CUST-130,SKU-1014,WH-01,10,10,100.88,0.05
701370,1,22/10/2025,26/10/2025,26/10/2025,CUST-121,SKU-1002,WH-03,150,150,54.08,0.1
701370,2,22/10/2025,26/10/2025,26/10/2025,CUST-121,SKU-1005,WH-03,50,50,77.98,0
701370,3,22/10/2025,26/10/2025,26/10/2025,CUST-121,SKU-1024,WH-03,100,100,68.06,0
701370,4,22/10/2025,26/10/2025,26/10/2025,CUST-121,SKU-1007,WH-03,50,20,66.6,0.1
701371,1,22/10/2025,25/10/2025,25/10/2025,CUST-119,SKU-1018,WH-04,75,45,66.93,0
701371,2,22/10/2025,25/10/2025,25/10/2025,CUST-119,SKU-1004,WH-04,25,25,44.52,0.1
701372,1,22/10/2025,25/10/2025,24/10/2025,CUST-136,SKU-1021,WH-02,200,200,50.68,0.05
701372,2,22/10/2025,25/10/2025,24/10/2025,CUST-136,SKU-1018,WH-02,75,45,66.93,0
701372,3,22/10/2025,25/10/2025,24/10/2025,CUST-136,SKU-1024,WH-02,10,10,68.06,0.125
701373,1,22/10/2025,24/10/2025,23/10/2025,CUST-113,SKU-1021,WH-02,75,75,50.68,0.05
701373,2,22/10/2025,24/10/2025,23/10/2025,CUST-113,SKU-1020,WH-02,200,200,72.1,0.05
701373,3,22/10/2025,24/10/2025,23/10/2025,CUST-113,SKU-1015,WH-02,100,100,27.45,0
701374,1,22/10/2025,25/10/2025,24/10/2025,CUST-128,SKU-1001,WH-04,200,200,59.63,0.05
701374,2,22/10/2025,25/10/2025,24/10/2025,CUST-128,SKU-1010,WH-04,20,20,75.49,0.1
701374,3,22/10/2025,25/10/2025,24/10/2025,CUST-128,SKU-1019,WH-04,75,75,68.25,0.1
701374,4,22/10/2025,25/10/2025,24/10/2025,CUST-128,SKU-1021,WH-04,20,20,50.68,0.05
701375,1,23/10/2025,26/10/2025,25/10/2025,CUST-147,SKU-1005,WH-01,200,200,77.98,0
701375,2,23/10/2025,26/10/2025,25/10/2025,CUST-147,SKU-1015,WH-01,200,200,27.45,0.125
701376,1,23/10/2025,26/10/2025,25/10/2025,CUST-132,SKU-1007,WH-03,50,50,66.6,0.1
701376,2,23/10/2025,26/10/2025,25/10/2025,CUST-132,SKU-1001,WH-03,100,100,59.63,0.05
701376,3,23/10/2025,26/10/2025,25/10/2025,CUST-132,SKU-1017,WH-03,75,75,44.62,0.05
701377,1,23/10/2025,28/10/2025,27/10/2025,CUST-114,SKU-1022,WH-02,100,100,11.23,0
701377,2,23/10/2025,28/10/2025,27/10/2025,CUST-114,SKU-1003,WH-02,200,200,52.5,0.05
701377,3,23/10/2025,28/10/2025,27/10/2025,CUST-114,SKU-1009,WH-02,10,10,32.15,0.05
701377,4,23/10/2025,28/10/2025,27/10/2025,CUST-114,SKU-1007,WH-02,10,10,66.6,0.05
701378,1,23/10/2025,25/10/2025,24/10/2025,CUST-106,SKU-1006,WH-03,200,200,54.97,0
701379,1,23/10/2025,27/10/2025,01/11/2025,CUST-110,SKU-1007,WH-03,50,50,66.6,0.125
701379,2,23/10/2025,27/10/2025,01/11/2025,CUST-110,SKU-1015,WH-03,20,20,27.45,0.05
701379,3,23/10/2025,27/10/2025,01/11/2025,CUST-110,SKU-1013,WH-03,25,25,75.26,0
701380,1,24/10/2025,28/10/2025,28/10/2025,CUST-113,SKU-1011,WH-03,10,10,39.0,0.05
701381,1,24/10/2025,26/10/2025,25/10/2025,CUST-147,SKU-1003,WH-02,25,25,52.5,0.125
701381,2,24/10/2025,26/10/2025,25/10/2025,CUST-147,SKU-1009,WH-02,150,150,32.15,0.05
701382,1,24/10/2025,31/10/2025,30/10/2025,CUST-142,SKU-1007,WH-01,25,25,66.6,0.125
701382,2,24/10/2025,31/10/2025,30/10/2025,CUST-142,SKU-1001,WH-01,100,100,59.63,0
701383,1,24/10/2025,27/10/2025,26/10/2025,CUST-137,SKU-1021,WH-02,50,40,50.68,0
701384,1,24/10/2025,26/10/2025,25/10/2025,CUST-157,SKU-1021,WH-04,50,40,50.68,0
701384,2,24/10/2025,26/10/2025,25/10/2025,CUST-157,SKU-1016,WH-04,25,25,19.18,0.05
701385,1,24/10/2025,26/10/2025,28/10/2025,CUST-142,SKU-1002,WH-03,150,150,54.08,0
701385,2,24/10/2025,26/10/2025,28/10/2025,CUST-142,SKU-1004,WH-03,20,20,44.52,0.125
701385,3,24/10/2025,26/10/2025,28/10/2025,CUST-142,SKU-1015,WH-03,20,20,27.45,0
701386,1,27/10/2025,01/11/2025,31/10/2025,CUST-122,SKU-1011,WH-02,75,75,39.0,0
701386,2,27/10/2025,01/11/2025,31/10/2025,CUST-122,SKU-1009,WH-02,100,100,32.15,0.05
701386,3,27/10/2025,01/11/2025,31/10/2025,CUST-122,SKU-1014,WH-02,200,200,100.88,0.1
701386,4,27/10/2025,01/11/2025,31/10/2025,CUST-122,SKU-1019,WH-02,150,150,68.25,0
701387,1,27/10/2025,30/10/2025,31/10/2025,CUST-123,SKU-1008,WH-01,50,50,12.26,0.125
701387,2,27/10/2025,30/10/2025,31/10/2025,CUST-123,SKU-1010,WH-01,75,75,75.49,0
701387,3,27/10/2025,30/10/2025,31/10/2025,CUST-123,SKU-1020,WH-01,75,75,72.1,0.125
701387,4,27/10/2025,30/10/2025,31/10/2025,CUST-123,SKU-1018,WH-01,100,100,66.93,0
701388,1,27/10/2025,01/11/2025,03/11/2025,CUST-137,SKU-1015,WH-04,200,200,27.45,0
701388,2,27/10/2025,01/11/2025,03/11/2025,CUST-137,SKU-1005,WH-04,25,25,77.98,0
701388,3,27/10/2025,01/11/2025,03/11/2025,CUST-137,SKU-1011,WH-04,10,10,39.0,0
701389,1,27/10/2025,31/10/2025,05/11/2025,CUST-113,SKU-1009,WH-04,50,45,32.15,0.05
701389,2,27/10/2025,31/10/2025,05/11/2025,CUST-113,SKU-1012,WH-04,200,200,54.11,0.1
701390,1,28/10/2025,04/11/2025,03/11/2025,CUST-109,SKU-1005,WH-03,75,75,77.98,0
701390,2,28/10/2025,04/11/2025,03/11/2025,CUST-109,SKU-1014,WH-03,200,200,100.88,0
701391,1,28/10/2025,02/11/2025,01/11/2025,CUST-109,SKU-1024,WH-01,20,20,68.06,0
701392,1,28/10/2025,01/11/2025,01/11/2025,CUST-144,SKU-1001,WH-01,100,100,59.63,0.1
701392,2,28/10/2025,01/11/2025,01/11/2025,CUST-144,SKU-1015,WH-01,25,25,27.45,0.125
701393,1,28/10/2025,31/10/2025,30/10/2025,CUST-121,SKU-1014,WH-04,25,25,100.88,0.1
701393,2,28/10/2025,31/10/2025,30/10/2025,CUST-121,SKU-1011,WH-04,150,150,39.0,0
701393,3,28/10/2025,31/10/2025,30/10/2025,CUST-121,SKU-1022,WH-04,75,75,11.23,0.05
701393,4,28/10/2025,31/10/2025,30/10/2025,CUST-121,SKU-1001,WH-04,20,20,59.63,0.1
701394,1,28/10/2025,31/10/2025,01/11/2025,CUST-120,SKU-1003,WH-01,75,75,52.5,0
701394,2,28/10/2025,31/10/2025,01/11/2025,CUST-120,SKU-1003,WH-01,100,100,52.5,0
701395,1,28/10/2025,31/10/2025,30/10/2025,CUST-112,SKU-1011,WH-02,50,50,39.0,0
701395,2,28/10/2025,31/10/2025,30/10/2025,CUST-112,SKU-1023,WH-02,200,200,19.51,0
701395,3,28/10/2025,31/10/2025,30/10/2025,CUST-112,SKU-1018,WH-02,25,25,66.93,0
701395,4,28/10/2025,31/10/2025,30/10/2025,CUST-112,SKU-1022,WH-02,20,20,11.23,0
701396,1,28/10/2025,02/11/2025,01/11/2025,CUST-158,SKU-1006,WH-04,25,25,54.97,0
701396,2,28/10/2025,02/11/2025,01/11/2025,CUST-158,SKU-1011,WH-04,200,200,39.0,0.05
701396,3,28/10/2025,02/11/2025,01/11/2025,CUST-158,SKU-1014,WH-04,25,15,100.88,0
701396,4,28/10/2025,02/11/2025,01/11/2025,CUST-158,SKU-1023,WH-04,200,200,19.51,0
701397,1,28/10/2025,01/11/2025,02/11/2025,CUST-131,SKU-1002,WH-02,200,200,54.08,0
701397,2,28/10/2025,01/11/2025,02/11/2025,CUST-131,SKU-1002,WH-02,150,150,54.08,0.125
701397,3,28/10/2025,01/11/2025,02/11/2025,CUST-131,SKU-1007,WH-02,50,50,66.6,0
701397,4,28/10/2025,01/11/2025,02/11/2025,CUST-131,SKU-1012,WH-02,200,200,54.11,0.05
701398,1,28/10/2025,31/10/2025,31/10/2025,CUST-118,SKU-1021,WH-03,10,10,50.68,0
701398,2,28/10/2025,31/10/2025,31/10/2025,CUST-118,SKU-1023,WH-03,50,50,19.51,0
701399,1,29/10/2025,01/11/2025,06/11/2025,CUST-157,SKU-1021,WH-04,75,75,50.68,0.125
701399,2,29/10/2025,01/11/2025,06/11/2025,CUST-157,SKU-1018,WH-04,10,10,66.93,0.1
701400,1,29/10/2025,01/11/2025,03/11/2025,CUST-117,SKU-1003,WH-03,100,100,52.5,0.125
701400,2,29/10/2025,01/11/2025,03/11/2025,CUST-117,SKU-1014,WH-03,150,150,100.88,0
701400,3,29/10/2025,01/11/2025,03/11/2025,CUST-117,SKU-1008,WH-03,200,200,12.26,0
701400,4,29/10/2025,01/11/2025,03/11/2025,CUST-117,SKU-1001,WH-03,75,60,59.63,0
701401,1,29/10/2025,05/11/2025,10/11/2025,CUST-128,SKU-1006,WH-02,200,180,54.97,0.05
701401,2,29/10/2025,05/11/2025,10/11/2025,CUST-128,SKU-1023,WH-02,10,10,19.51,0
701402,1,29/10/2025,01/11/2025,01/11/2025,CUST-117,SKU-1020,WH-02,150,150,72.1,0.05
701403,1,29/10/2025,31/10/2025,30/10/2025,CUST-133,SKU-1007,WH-03,150,150,66.6,0
701404,1,29/10/2025,02/11/2025,03/11/2025,CUST-111,SKU-1008,WH-04,150,135,12.26,0.125
701405,1,29/10/2025,05/11/2025,04/11/2025,CUST-127,SKU-1005,WH-03,150,120,77.98,0.125
701405,2,29/10/2025,05/11/2025,04/11/2025,CUST-127,SKU-1011,WH-03,10,10,39.0,0
701405,3,29/10/2025,05/11/2025,04/11/2025,CUST-127,SKU-1009,WH-03,75,75,32.15,0.125
701405,4,29/10/2025,05/11/2025,04/11/2025,CUST-127,SKU-1001,WH-03,10,10,59.63,0.125
701406,1,29/10/2025,01/11/2025,01/11/2025,CUST-133,SKU-1001,WH-04,200,80,59.63,0.1
701406,2,29/10/2025,01/11/2025,01/11/2025,CUST-133,SKU-1022,WH-04,10,10,11.23,0.1
701407,1,29/10/2025,01/11/2025,02/11/2025,CUST-134,SKU-1024,WH-03,25,25,68.06,0
701408,1,30/10/2025,06/11/2025,05/11/2025,CUST-130,SKU-1006,WH-03,75,45,54.97,0.1
701409,1,30/10/2025,02/11/2025,03/11/2025,CUST-154,SKU-1013,WH-04,25,25,75.26,0.05
701409,2,30/10/2025,02/11/2025,03/11/2025,CUST-154,SKU-1017,WH-04,10,10,44.62,0.125
701410,1,30/10/2025,04/11/2025,04/11/2025,CUST-133,SKU-1023,WH-02,25,25,19.51,0.125
701410,2,30/10/2025,04/11/2025,04/11/2025,CUST-133,SKU-1013,WH-02,200,180,75.26,0
701411,1,30/10/2025,03/11/2025,02/11/2025,CUST-143,SKU-1004,WH-04,10,10,44.52,0
701411,2,30/10/2025,03/11/2025,02/11/2025,CUST-143,SKU-1011,WH-04,25,25,39.0,0.125
701412,1,30/10/2025,02/11/2025,04/11/2025,CUST-129,SKU-1002,WH-03,200,200,54.08,0.1
701412,2,30/10/2025,02/11/2025,04/11/2025,CUST-129,SKU-1013,WH-03,50,50,75.26,0.05
701412,3,30/10/2025,02/11/2025,04/11/2025,CUST-129,SKU-1020,WH-03,25,25,72.1,0
701413,1,31/10/2025,02/11/2025,02/11/2025,CUST-149,SKU-1004,WH-02,75,30,44.52,0
701413,2,31/10/2025,02/11/2025,02/11/2025,CUST-149,SKU-1012,WH-02,20,20,54.11,0
701414,1,31/10/2025,03/11/2025,05/11/2025,CUST-101,SKU-1007,WH-02,150,150,66.6,0
701414,2,31/10/2025,03/11/2025,05/11/2025,CUST-101,SKU-1004,WH-02,200,200,44.52,0
701414,3,31/10/2025,03/11/2025,05/11/2025,CUST-101,SKU-1004,WH-02,25,25,44.52,0.05
701414,4,31/10/2025,03/11/2025,05/11/2025,CUST-101,SKU-1001,WH-02,20,20,59.63,0
701415,1,31/10/2025,03/11/2025,04/11/2025,CUST-127,SKU-1007,WH-03,20,20,66.6,0
701415,2,31/10/2025,03/11/2025,04/11/2025,CUST-127,SKU-1020,WH-03,25,25,72.1,0
701415,3,31/10/2025,03/11/2025,04/11/2025,CUST-127,SKU-1009,WH-03,20,12,32.15,0
701416,1,31/10/2025,03/11/2025,03/11/2025,CUST-107,SKU-1023,WH-04,75,75,19.51,0
701416,2,31/10/2025,03/11/2025,03/11/2025,CUST-107,SKU-1010,WH-04,10,10,75.49,0.05
701416,3,31/10/2025,03/11/2025,03/11/2025,CUST-107,SKU-1016,WH-04,100,100,19.18,0.125
701417,1,31/10/2025,03/11/2025,04/11/2025,CUST-111,SKU-1012,WH-02,10,6,54.11,0
701417,2,31/10/2025,03/11/2025,04/11/2025,CUST-111,SKU-1017,WH-02,150,150,44.62,0
701418,1,31/10/2025,04/11/2025,03/11/2025,CUST-157,SKU-1007,WH-01,75,30,66.6,0.125
701418,2,31/10/2025,04/11/2025,03/11/2025,CUST-157,SKU-1022,WH-01,200,200,11.23,0.05
701418,3,31/10/2025,04/11/2025,03/11/2025,CUST-157,SKU-1023,WH-01,50,50,19.51,0.125
701418,4,31/10/2025,04/11/2025,03/11/2025,CUST-157,SKU-1018,WH-01,10,10,66.93,0.05
701419,1,03/11/2025,05/11/2025,10/11/2025,CUST-107,SKU-1013,WH-04,31,31,75.26,0
701420,1,03/11/2025,10/11/2025,12/11/2025,CUST-118,SKU-1001,WH-04,187,187,59.63,0.125
701421,1,03/11/2025,07/11/2025,07/11/2025,CUST-107,SKU-1008,WH-01,187,187,12.26,0
701421,2,03/11/2025,07/11/2025,07/11/2025,CUST-107,SKU-1020,WH-01,125,125,72.1,0
701421,3,03/11/2025,07/11/2025,07/11/2025,CUST-107,SKU-1016,WH-01,93,93,19.18,0
701421,4,03/11/2025,07/11/2025,07/11/2025,CUST-107,SKU-1016,WH-01,93,93,19.18,0.125
701422,1,03/11/2025,06/11/2025,11/11/2025,CUST-150,SKU-1020,WH-03,250,150,72.1,0.05
701422,2,03/11/2025,06/11/2025,11/11/2025,CUST-150,SKU-1002,WH-03,187,187,54.08,0
701422,3,03/11/2025,06/11/2025,11/11/2025,CUST-150,SKU-1013,WH-03,62,25,75.26,0.125
701422,4,03/11/2025,06/11/2025,11/11/2025,CUST-150,SKU-1013,WH-03,93,93,75.26,0
701423,1,03/11/2025,10/11/2025,12/11/2025,CUST-146,SKU-1005,WH-01,25,25,77.98,0.1
701424,1,04/11/2025,11/11/2025,10/11/2025,CUST-108,SKU-1021,WH-03,31,31,50.68,0
701424,2,04/11/2025,11/11/2025,10/11/2025,CUST-108,SKU-1006,WH-03,93,93,54.97,0
701424,3,04/11/2025,11/11/2025,10/11/2025,CUST-108,SKU-1019,WH-03,31,31,68.25,0
701425,1,04/11/2025,11/11/2025,10/11/2025,CUST-101,SKU-1002,WH-03,31,31,54.08,0
701425,2,04/11/2025,11/11/2025,10/11/2025,CUST-101,SKU-1020,WH-03,25,20,72.1,0
701425,3,04/11/2025,11/11/2025,10/11/2025,CUST-101,SKU-1003,WH-03,250,250,52.5,0.1
701425,4,04/11/2025,11/11/2025,10/11/2025,CUST-101,SKU-1012,WH-03,125,125,54.11,0.125
701426,1,04/11/2025,06/11/2025,06/11/2025,CUST-160,SKU-1007,WH-02,12,12,66.6,0
701426,2,04/11/2025,06/11/2025,06/11/2025,CUST-160,SKU-1022,WH-02,93,93,11.23,0
701426,3,04/11/2025,06/11/2025,06/11/2025,CUST-160,SKU-1008,WH-02,25,25,12.26,0.05
701427,1,04/11/2025,09/11/2025,09/11/2025,CUST-125,SKU-1015,WH-02,62,62,27.45,0
701427,2,04/11/2025,09/11/2025,09/11/2025,CUST-125,SKU-1002,WH-02,125,125,54.08,0.1
701428,1,04/11/2025,07/11/2025,07/11/2025,CUST-158,SKU-1018,WH-04,93,93,66.93,0
701428,2,04/11/2025,07/11/2025,07/11/2025,CUST-158,SKU-1008,WH-04,25,25,12.26,0
701428,3,04/11/2025,07/11/2025,07/11/2025,CUST-158,SKU-1020,WH-04,25,25,72.1,0.125
701429,1,04/11/2025,09/11/2025,08/11/2025,CUST-155,SKU-1015,WH-01,187,187,27.45,0
701430,1,04/11/2025,11/11/2025,10/11/2025,CUST-102,SKU-1022,WH-04,25,25,11.23,0
701430,2,04/11/2025,11/11/2025,10/11/2025,CUST-102,SKU-1018,WH-04,12,12,66.93,0
701431,1,04/11/2025,06/11/2025,06/11/2025,CUST-126,SKU-1022,WH-02,125,125,11.23,0
701431,2,04/11/2025,06/11/2025,06/11/2025,CUST-126,SKU-1016,WH-02,12,12,19.18,0
701431,3,04/11/2025,06/11/2025,06/11/2025,CUST-126,SKU-1024,WH-02,12,12,68.06,0
701431,4,04/11/2025,06/11/2025,06/11/2025,CUST-126,SKU-1001,WH-02,25,25,59.63,0
701432,1,05/11/2025,09/11/2025,10/11/2025,CUST-120,SKU-1024,WH-01,93,93,68.06,0
701432,2,05/11/2025,09/11/2025,10/11/2025,CUST-120,SKU-1015,WH-01,25,25,27.45,0.125
701432,3,05/11/2025,09/11/2025,10/11/2025,CUST-120,SKU-1010,WH-01,250,150,75.49,0
701432,4,05/11/2025,09/11/2025,10/11/2025,CUST-120,SKU-1002,WH-01,125,125,54.08,0.05
701433,1,05/11/2025,08/11/2025,07/11/2025,CUST-129,SKU-1004,WH-04,31,31,44.52,0
701433,2,05/11/2025,08/11/2025,07/11/2025,CUST-129,SKU-1019,WH-04,250,250,68.25,0.1
701433,3,05/11/2025,08/11/2025,07/11/2025,CUST-129,SKU-1016,WH-04,187,187,19.18,0.05
701434,1,05/11/2025,07/11/2025,09/11/2025,CUST-158,SKU-1015,WH-02,93,93,27.45,0
701434,2,05/11/2025,07/11/2025,09/11/2025,CUST-158,SKU-1010,WH-02,31,31,75.49,0.05
701434,3,05/11/2025,07/11/2025,09/11/2025,CUST-158,SKU-1023,WH-02,62,62,19.51,0.05
701434,4,05/11/2025,07/11/2025,09/11/2025,CUST-158,SKU-1023,WH-02,12,12,19.51,0.125
701435,1,05/11/2025,07/11/2025,12/11/2025,CUST-141,SKU-1016,WH-01,31,31,19.18,0.125
701435,2,05/11/2025,07/11/2025,12/11/2025,CUST-141,SKU-1001,WH-01,31,31,59.63,0
701436,1,05/11/2025,10/11/2025,09/11/2025,CUST-157,SKU-1013,WH-01,62,25,75.26,0
701437,1,05/11/2025,08/11/2025,07/11/2025,CUST-123,SKU-1003,WH-01,25,22,52.5,0.05
701437,2,05/11/2025,08/11/2025,07/11/2025,CUST-123,SKU-1002,WH-01,25,25,54.08,0.1
701437,3,05/11/2025,08/11/2025,07/11/2025,CUST-123,SKU-1017,WH-01,93,93,44.62,0.05
701437,4,05/11/2025,08/11/2025,07/11/2025,CUST-123,SKU-1005,WH-01,93,93,77.98,0
701438,1,06/11/2025,13/11/2025,18/11/2025,CUST-125,SKU-1024,WH-02,31,31,68.06,0.05
701438,2,06/11/2025,13/11/2025,18/11/2025,CUST-125,SKU-1017,WH-02,12,12,44.62,0
701439,1,06/11/2025,11/11/2025,11/11/2025,CUST-152,SKU-1023,WH-04,125,125,19.51,0.1
701440,1,06/11/2025,08/11/2025,07/11/2025,CUST-140,SKU-1012,WH-03,12,12,54.11,0.1
701441,1,06/11/2025,11/11/2025,11/11/2025,CUST-152,SKU-1023,WH-01,93,83,19.51,0.05
701441,2,06/11/2025,11/11/2025,11/11/2025,CUST-152,SKU-1001,WH-01,125,125,59.63,0
701441,3,06/11/2025,11/11/2025,11/11/2025,CUST-152,SKU-1007,WH-01,250,250,66.6,0.125
701442,1,06/11/2025,10/11/2025,10/11/2025,CUST-105,SKU-1019,WH-03,93,93,68.25,0.1
701442,2,06/11/2025,10/11/2025,10/11/2025,CUST-105,SKU-1016,WH-03,31,31,19.18,0
701443,1,06/11/2025,10/11/2025,15/11/2025,CUST-124,SKU-1014,WH-03,12,12,100.88,0.125
701443,2,06/11/2025,10/11/2025,15/11/2025,CUST-124,SKU-1017,WH-03,125,125,44.62,0.125
701443,3,06/11/2025,10/11/2025,15/11/2025,CUST-124,SKU-1013,WH-03,62,62,75.26,0.05
701443,4,06/11/2025,10/11/2025,15/11/2025,CUST-124,SKU-1016,WH-03,62,62,19.18,0.1
701444,1,06/11/2025,11/11/2025,16/11/2025,CUST-147,SKU-1019,WH-03,187,187,68.25,0.125
701444,2,06/11/2025,11/11/2025,16/11/2025,CUST-147,SKU-1008,WH-03,125,125,12.26,0.1
701444,3,06/11/2025,11/11/2025,16/11/2025,CUST-147,SKU-1016,WH-03,250,250,19.18,0
701444,4,06/11/2025,11/11/2025,16/11/2025,CUST-147,SKU-1006,WH-03,25,22,54.97,0.05
701445,1,06/11/2025,11/11/2025,10/11/2025,CUST-117,SKU-1008,WH-04,125,125,12.26,0.1
701445,2,06/11/2025,11/11/2025,10/11/2025,CUST-117,SKU-1024,WH-04,25,10,68.06,0.125
701446,1,06/11/2025,09/11/2025,08/11/2025,CUST-130,SKU-1003,WH-01,25,25,52.5,0.05
701446,2,06/11/2025,09/11/2025,08/11/2025,CUST-130,SKU-1012,WH-01,250,250,54.11,0.05
701447,1,07/11/2025,10/11/2025,09/11/2025,CUST-133,SKU-1012,WH-02,187,168,54.11,0.1
701447,2,07/11/2025,10/11/2025,09/11/2025,CUST-133,SKU-1017,WH-02,250,250,44.62,0
701447,3,07/11/2025,10/11/2025,09/11/2025,CUST-133,SKU-1006,WH-02,125,50,54.97,0.1
701447,4,07/11/2025,10/11/2025,09/11/2025,CUST-133,SKU-1023,WH-02,12,12,19.51,0.05
701448,1,07/11/2025,11/11/2025,13/11/2025,CUST-151,SKU-1021,WH-01,62,56,50.68,0
701448,2,07/11/2025,11/11/2025,13/11/2025,CUST-151,SKU-1003,WH-01,187,187,52.5,0
701448,3,07/11/2025,11/11/2025,13/11/2025,CUST-151,SKU-1007,WH-01,31,31,66.6,0.1
701448,4,07/11/2025,11/11/2025,13/11/2025,CUST-151,SKU-1013,WH-01,62,62,75.26,0
701449,1,07/11/2025,12/11/2025,12/11/2025,CUST-137,SKU-1010,WH-01,62,62,75.49,0.125
701450,1,07/11/2025,10/11/2025,09/11/2025,CUST-134,SKU-1010,WH-03,187,187,75.49,0.05
701450,2,07/11/2025,10/11/2025,09/11/2025,CUST-134,SKU-1023,WH-03,93,93,19.51,0
701450,3,07/11/2025,10/11/2025,09/11/2025,CUST-134,SKU-1012,WH-03,125,75,54.11,0.1
701450,4,07/11/2025,10/11/2025,09/11/2025,CUST-134,SKU-1024,WH-03,12,12,68.06,0
701451,1,07/11/2025,09/11/2025,10/11/2025,CUST-104,SKU-1023,WH-04,187,187,19.51,0
701452,1,07/11/2025,10/11/2025,10/11/2025,CUST-135,SKU-1022,WH-02,125,125,11.23,0
701453,1,07/11/2025,10/11/2025,09/11/2025,CUST-114,SKU-1021,WH-02,12,12,50.68,0
701453,2,07/11/2025,10/11/2025,09/11/2025,CUST-114,SKU-1003,WH-02,250,200,52.5,0.05
701453,3,07/11/2025,10/11/2025,09/11/2025,CUST-114,SKU-1021,WH-02,250,250,50.68,0
701454,1,07/11/2025,10/11/2025,12/11/2025,CUST-159,SKU-1024,WH-01,187,187,68.06,0
701454,2,07/11/2025,10/11/2025,12/11/2025,CUST-159,SKU-1003,WH-01,187,187,52.5,0
701454,3,07/11/2025,10/11/2025,12/11/2025,CUST-159,SKU-1002,WH-01,62,62,54.08,0.1
701454,4,07/11/2025,10/11/2025,12/11/2025,CUST-159,SKU-1005,WH-01,187,187,77.98,0.1
701455,1,10/11/2025,13/11/2025,13/11/2025,CUST-128,SKU-1006,WH-01,125,125,54.97,0
701456,1,10/11/2025,17/11/2025,22/11/2025,CUST-155,SKU-1021,WH-01,12,12,50.68,0
701456,2,10/11/2025,17/11/2025,22/11/2025,CUST-155,SKU-1008,WH-01,187,187,12.26,0
701457,1,10/11/2025,17/11/2025,16/11/2025,CUST-147,SKU-1023,WH-01,62,62,19.51,0.1
701457,2,10/11/2025,17/11/2025,16/11/2025,CUST-147,SKU-1023,WH-01,125,50,19.51,0.125
701457,3,10/11/2025,17/11/2025,16/11/2025,CUST-147,SKU-1023,WH-01,25,25,19.51,0
701458,1,10/11/2025,13/11/2025,12/11/2025,CUST-128,SKU-1011,WH-04,187,187,39.0,0
701458,2,10/11/2025,13/11/2025,12/11/2025,CUST-128,SKU-1021,WH-04,93,93,50.68,0.1
701458,3,10/11/2025,13/11/2025,12/11/2025,CUST-128,SKU-1013,WH-04,31,31,75.26,0
701458,4,10/11/2025,13/11/2025,12/11/2025,CUST-128,SKU-1007,WH-04,187,187,66.6,0
701459,1,10/11/2025,12/11/2025,11/11/2025,CUST-101,SKU-1003,WH-01,25,25,52.5,0
701459,2,10/11/2025,12/11/2025,11/11/2025,CUST-101,SKU-1020,WH-01,31,12,72.1,0
701459,3,10/11/2025,12/11/2025,11/11/2025,CUST-101,SKU-1013,WH-01,125,125,75.26,0.1
701460,1,10/11/2025,13/11/2025,12/11/2025,CUST-148,SKU-1018,WH-03,187,187,66.93,0.05
701460,2,10/11/2025,13/11/2025,12/11/2025,CUST-148,SKU-1016,WH-03,125,125,19.18,0
701460,3,10/11/2025,13/11/2025,12/11/2025,CUST-148,SKU-1002,WH-03,93,93,54.08,0.05
701461,1,10/11/2025,15/11/2025,17/11/2025,CUST-127,SKU-1024,WH-04,250,250,68.06,0.05
701461,2,10/11/2025,15/11/2025,17/11/2025,CUST-127,SKU-1024,WH-04,93,37,68.06,0
701461,3,10/11/2025,15/11/2025,17/11/2025,CUST-127,SKU-1022,WH-04,31,31,11.23,0.125
701461,4,10/11/2025,15/11/2025,17/11/2025,CUST-127,SKU-1007,WH-04,12,12,66.6,0
701462,1,11/11/2025,18/11/2025,23/11/2025,CUST-126,SKU-1015,WH-04,25,25,27.45,0
701462,2,11/11/2025,18/11/2025,23/11/2025,CUST-126,SKU-1017,WH-04,93,93,44.62,0
701463,1,11/11/2025,14/11/2025,13/11/2025,CUST-111,SKU-1014,WH-04,250,250,100.88,0
701463,2,11/11/2025,14/11/2025,13/11/2025,CUST-111,SKU-1016,WH-04,62,62,19.18,0.125
701463,3,11/11/2025,14/11/2025,13/11/2025,CUST-111,SKU-1017,WH-04,93,93,44.62,0
701464,1,11/11/2025,13/11/2025,12/11/2025,CUST-146,SKU-1022,WH-03,62,62,11.23,0.05
701464,2,11/11/2025,13/11/2025,12/11/2025,CUST-146,SKU-1023,WH-03,250,250,19.51,0.05
701465,1,11/11/2025,13/11/2025,18/11/2025,CUST-145,SKU-1002,WH-01,187,187,54.08,0
701465,2,11/11/2025,13/11/2025,18/11/2025,CUST-145,SKU-1001,WH-01,93,93,59.63,0.1
701465,3,11/11/2025,13/11/2025,18/11/2025,CUST-145,SKU-1006,WH-01,12,12,54.97,0
701465,4,11/11/2025,13/11/2025,18/11/2025,CUST-145,SKU-1001,WH-01,62,62,59.63,0
701466,1,11/11/2025,14/11/2025,13/11/2025,CUST-127,SKU-1024,WH-03,62,62,68.06,0.05
701466,2,11/11/2025,14/11/2025,13/11/2025,CUST-127,SKU-1007,WH-03,187,187,66.6,0.05
701466,3,11/11/2025,14/11/2025,13/11/2025,CUST-127,SKU-1008,WH-03,187,187,12.26,0
701466,4,11/11/2025,14/11/2025,13/11/2025,CUST-127,SKU-1023,WH-03,12,10,19.51,0.1
701467,1,11/11/2025,14/11/2025,13/11/2025,CUST-122,SKU-1022,WH-04,25,25,11.23,0.125
701467,2,11/11/2025,14/11/2025,13/11/2025,CUST-122,SKU-1015,WH-04,93,75,27.45,0.1
701468,1,12/11/2025,15/11/2025,20/11/2025,CUST-151,SKU-1018,WH-03,62,62,66.93,0.05
701468,2,12/11/2025,15/11/2025,20/11/2025,CUST-151,SKU-1007,WH-03,25,25,66.6,0
701468,3,12/11/2025,15/11/2025,20/11/2025,CUST-151,SKU-1011,WH-03,62,62,39.0,0
701469,1,12/11/2025,19/11/2025,21/11/2025,CUST-147,SKU-1001,WH-01,31,31,59.63,0.05
701470,1,12/11/2025,17/11/2025,18/11/2025,CUST-158,SKU-1002,WH-04,12,12,54.08,0
701470,2,12/11/2025,17/11/2025,18/11/2025,CUST-158,SKU-1009,WH-04,31,31,32.15,0.125
701470,3,12/11/2025,17/11/2025,18/11/2025,CUST-158,SKU-1007,WH-04,12,12,66.6,0.1
701471,1,12/11/2025,17/11/2025,19/11/2025,CUST-121,SKU-1019,WH-01,12,12,68.25,0.125
701471,2,12/11/2025,17/11/2025,19/11/2025,CUST-121,SKU-1001,WH-01,187,112,59.63,0.1
701472,1,12/11/2025,16/11/2025,15/11/2025,CUST-141,SKU-1023,WH-04,250,250,19.51,0.1
701472,2,12/11/2025,16/11/2025,15/11/2025,CUST-141,SKU-1010,WH-04,125,100,75.49,0.1
701472,3,12/11/2025,16/11/2025,15/11/2025,CUST-141,SKU-1019,WH-04,25,25,68.25,0
701473,1,12/11/2025,16/11/2025,15/11/2025,CUST-132,SKU-1015,WH-04,12,12,27.45,0.05
701474,1,12/11/2025,16/11/2025,15/11/2025,CUST-111,SKU-1009,WH-04,125,125,32.15,0
701474,2,12/11/2025,16/11/2025,15/11/2025,CUST-111,SKU-1019,WH-04,125,125,68.25,0.1
701474,3,12/11/2025,16/11/2025,15/11/2025,CUST-111,SKU-1002,WH-04,25,25,54.08,0.05
701475,1,12/11/2025,15/11/2025,15/11/2025,CUST-108,SKU-1001,WH-01,187,187,59.63,0
701475,2,12/11/2025,15/11/2025,15/11/2025,CUST-108,SKU-1009,WH-01,62,62,32.15,0
701476,1,12/11/2025,16/11/2025,16/11/2025,CUST-122,SKU-1020,WH-01,93,93,72.1,0.125
701476,2,12/11/2025,16/11/2025,16/11/2025,CUST-122,SKU-1024,WH-01,93,93,68.06,0
701476,3,12/11/2025,16/11/2025,16/11/2025,CUST-122,SKU-1023,WH-01,31,31,19.51,0
701476,4,12/11/2025,16/11/2025,16/11/2025,CUST-122,SKU-1015,WH-01,31,31,27.45,0
701477,1,13/11/2025,17/11/2025,17/11/2025,CUST-113,SKU-1024,WH-01,25,25,68.06,0.125
701477,2,13/11/2025,17/11/2025,17/11/2025,CUST-113,SKU-1003,WH-01,250,250,52.5,0.1
701477,3,13/11/2025,17/11/2025,17/11/2025,CUST-113,SKU-1022,WH-01,250,250,11.23,0.1
701478,1,13/11/2025,16/11/2025,15/11/2025,CUST-132,SKU-1002,WH-04,250,225,54.08,0.125
701478,2,13/11/2025,16/11/2025,15/11/2025,CUST-132,SKU-1023,WH-04,12,12,19.51,0
701478,3,13/11/2025,16/11/2025,15/11/2025,CUST-132,SKU-1001,WH-04,250,250,59.63,0
701479,1,13/11/2025,18/11/2025,18/11/2025,CUST-113,SKU-1009,WH-03,187,187,32.15,0.125
701479,2,13/11/2025,18/11/2025,18/11/2025,CUST-113,SKU-1010,WH-03,25,25,75.49,0.05
701480,1,13/11/2025,18/11/2025,20/11/2025,CUST-128,SKU-1010,WH-03,93,93,75.49,0
701480,2,13/11/2025,18/11/2025,20/11/2025,CUST-128,SKU-1022,WH-03,125,112,11.23,0
701480,3,13/11/2025,18/11/2025,20/11/2025,CUST-128,SKU-1021,WH-03,250,250,50.68,0.1
701481,1,13/11/2025,18/11/2025,17/11/2025,CUST-138,SKU-1009,WH-04,62,62,32.15,0.1
701482,1,13/11/2025,16/11/2025,15/11/2025,CUST-130,SKU-1002,WH-02,25,25,54.08,0
701482,2,13/11/2025,16/11/2025,15/11/2025,CUST-130,SKU-1008,WH-02,62,62,12.26,0
701483,1,13/11/2025,18/11/2025,17/11/2025,CUST-155,SKU-1009,WH-04,125,50,32.15,0.05
701484,1,13/11/2025,17/11/2025,16/11/2025,CUST-130,SKU-1006,WH-03,125,100,54.97,0
701484,2,13/11/2025,17/11/2025,16/11/2025,CUST-130,SKU-1003,WH-03,25,25,52.5,0
701484,3,13/11/2025,17/11/2025,16/11/2025,CUST-130,SKU-1016,WH-03,250,250,19.18,0
701484,4,13/11/2025,17/11/2025,16/11/2025,CUST-130,SKU-1020,WH-03,93,93,72.1,0
701485,1,14/11/2025,17/11/2025,16/11/2025,CUST-110,SKU-1008,WH-01,25,25,12.26,0
701486,1,14/11/2025,21/11/2025,26/11/2025,CUST-159,SKU-1023,WH-03,31,25,19.51,0.125
701487,1,14/11/2025,18/11/2025,20/11/2025,CUST-131,SKU-1021,WH-03,25,25,50.68,0
701488,1,14/11/2025,17/11/2025,17/11/2025,CUST-147,SKU-1006,WH-01,12,7,54.97,0.1
701489,1,14/11/2025,17/11/2025,16/11/2025,CUST-120,SKU-1015,WH-04,12,12,27.45,0
701489,2,14/11/2025,17/11/2025,16/11/2025,CUST-120,SKU-1003,WH-04,93,75,52.5,0.125
701489,3,14/11/2025,17/11/2025,16/11/2025,CUST-120,SKU-1023,WH-04,25,25,19.51,0
701489,4,14/11/2025,17/11/2025,16/11/2025,CUST-120,SKU-1014,WH-04,93,93,100.88,0.05
701490,1,14/11/2025,17/11/2025,17/11/2025,CUST-126,SKU-1007,WH-02,93,93,66.6,0
701490,2,14/11/2025,17/11/2025,17/11/2025,CUST-126,SKU-1019,WH-02,187,187,68.25,0.1
701490,3,14/11/2025,17/11/2025,17/11/2025,CUST-126,SKU-1022,WH-02,12,12,11.23,0
701491,1,14/11/2025,19/11/2025,18/11/2025,CUST-123,SKU-1021,WH-03,250,250,50.68,0.125
701491,2,14/11/2025,19/11/2025,18/11/2025,CUST-123,SKU-1020,WH-03,125,125,72.1,0.125
701491,3,14/11/2025,19/11/2025,18/11/2025,CUST-123,SKU-1022,WH-03,31,31,11.23,0
701492,1,14/11/2025,16/11/2025,16/11/2025,CUST-108,SKU-1005,WH-03,125,125,77.98,0
701493,1,17/11/2025,21/11/2025,20/11/2025,CUST-137,SKU-1023,WH-02,31,31,19.51,0
701493,2,17/11/2025,21/11/2025,20/11/2025,CUST-137,SKU-1017,WH-02,93,93,44.62,0.1
701494,1,17/11/2025,20/11/2025,20/11/2025,CUST-138,SKU-1006,WH-03,62,62,54.97,0
701494,2,17/11/2025,20/11/2025,20/11/2025,CUST-138,SKU-1023,WH-03,187,112,19.51,0.1
701494,3,17/11/2025,20/11/2025,20/11/2025,CUST-138,SKU-1024,WH-03,25,25,68.06,0.05
701495,1,17/11/2025,21/11/2025,20/11/2025,CUST-106,SKU-1001,WH-01,62,62,59.63,0
701495,2,17/11/2025,21/11/2025,20/11/2025,CUST-106,SKU-1014,WH-01,25,25,100.88,0
701495,3,17/11/2025,21/11/2025,20/11/2025,CUST-106,SKU-1020,WH-01,62,56,72.1,0
701495,4,17/11/2025,21/11/2025,20/11/2025,CUST-106,SKU-1008,WH-01,187,187,12.26,0
701496,1,17/11/2025,19/11/2025,18/11/2025,CUST-117,SKU-1014,WH-01,187,187,100.88,0
701496,2,17/11/2025,19/11/2025,18/11/2025,CUST-117,SKU-1008,WH-01,12,12,12.26,0
701497,1,17/11/2025,24/11/2025,24/11/2025,CUST-130,SKU-1022,WH-01,93,93,11.23,0
701497,2,17/11/2025,24/11/2025,24/11/2025,CUST-130,SKU-1010,WH-01,62,62,75.49,0
701498,1,18/11/2025,21/11/2025,20/11/2025,CUST-149,SKU-1018,WH-02,250,250,66.93,0
701499,1,18/11/2025,22/11/2025,21/11/2025,CUST-119,SKU-1024,WH-02,93,93,68.06,0.1
701499,2,18/11/2025,22/11/2025,21/11/2025,CUST-119,SKU-1001,WH-02,31,31,59.63,0.125
701499,3,18/11/2025,22/11/2025,21/11/2025,CUST-119,SKU-1010,WH-02,12,12,75.49,0
701500,1,18/11/2025,20/11/2025,21/11/2025,CUST-144,SKU-1001,WH-04,25,25,59.63,0
701501,1,18/11/2025,22/11/2025,21/11/2025,CUST-111,SKU-1001,WH-01,25,25,59.63,0.05
701501,2,18/11/2025,22/11/2025,21/11/2025,CUST-111,SKU-1009,WH-01,25,25,32.15,0.05
701501,3,18/11/2025,22/11/2025,21/11/2025,CUST-111,SKU-1008,WH-01,187,187,12.26,0
701502,1,18/11/2025,25/11/2025,25/11/2025,CUST-104,SKU-1019,WH-03,12,12,68.25,0
701502,2,18/11/2025,25/11/2025,25/11/2025,CUST-104,SKU-1006,WH-03,31,31,54.97,0
701502,3,18/11/2025,25/11/2025,25/11/2025,CUST-104,SKU-1021,WH-03,250,250,50.68,0.1
701503,1,18/11/2025,20/11/2025,21/11/2025,CUST-135,SKU-1012,WH-01,125,125,54.11,0
701503,2,18/11/2025,20/11/2025,21/11/2025,CUST-135,SKU-1016,WH-01,12,12,19.18,0
701503,3,18/11/2025,20/11/2025,21/11/2025,CUST-135,SKU-1019,WH-01,25,25,68.25,0
701503,4,18/11/2025,20/11/2025,21/11/2025,CUST-135,SKU-1006,WH-01,93,56,54.97,0
701504,1,18/11/2025,23/11/2025,22/11/2025,CUST-125,SKU-1017,WH-02,12,12,44.62,0.05
701504,2,18/11/2025,23/11/2025,22/11/2025,CUST-125,SKU-1024,WH-02,250,250,68.06,0.05
701504,3,18/11/2025,23/11/2025,22/11/2025,CUST-125,SKU-1023,WH-02,62,25,19.51,0.125
701505,1,18/11/2025,25/11/2025,24/11/2025,CUST-160,SKU-1001,WH-03,187,187,59.63,0.05
701506,1,18/11/2025,20/11/2025,19/11/2025,CUST-115,SKU-1005,WH-01,62,62,77.98,0
701506,2,18/11/2025,20/11/2025,19/11/2025,CUST-115,SKU-1005,WH-01,12,7,77.98,0.05
701506,3,18/11/2025,20/11/2025,19/11/2025,CUST-115,SKU-1009,WH-01,125,125,32.15,0
701507,1,19/11/2025,23/11/2025,22/11/2025,CUST-153,SKU-1022,WH-01,187,187,11.23,0
701507,2,19/11/2025,23/11/2025,22/11/2025,CUST-153,SKU-1014,WH-01,93,93,100.88,0.1
701508,1,19/11/2025,26/11/2025,26/11/2025,CUST-112,SKU-1007,WH-01,93,93,66.6,0
701508,2,19/11/2025,26/11/2025,26/11/2025,CUST-112,SKU-1016,WH-01,250,250,19.18,0
701508,3,19/11/2025,26/11/2025,26/11/2025,CUST-112,SKU-1021,WH-01,62,62,50.68,0.125
701508,4,19/11/2025,26/11/2025,26/11/2025,CUST-112,SKU-1016,WH-01,12,12,19.18,0
701509,1,19/11/2025,22/11/2025,27/11/2025,CUST-129,SKU-1016,WH-02,93,93,19.18,0.05
701509,2,19/11/2025,22/11/2025,27/11/2025,CUST-129,SKU-1003,WH-02,187,187,52.5,0.125
701509,3,19/11/2025,22/11/2025,27/11/2025,CUST-129,SKU-1012,WH-02,125,125,54.11,0
701509,4,19/11/2025,22/11/2025,27/11/2025,CUST-129,SKU-1003,WH-02,187,187,52.5,0
701510,1,19/11/2025,26/11/2025,25/11/2025,CUST-117,SKU-1024,WH-04,25,25,68.06,0.05
701511,1,19/11/2025,24/11/2025,29/11/2025,CUST-121,SKU-1008,WH-03,12,12,12.26,0.1
701511,2,19/11/2025,24/11/2025,29/11/2025,CUST-121,SKU-1013,WH-03,62,62,75.26,0
701511,3,19/11/2025,24/11/2025,29/11/2025,CUST-121,SKU-1022,WH-03,62,62,11.23,0
701512,1,19/11/2025,22/11/2025,21/11/2025,CUST-127,SKU-1005,WH-04,93,75,77.98,0.05
701513,1,19/11/2025,21/11/2025,20/11/2025,CUST-160,SKU-1022,WH-04,250,250,11.23,0
701513,2,19/11/2025,21/11/2025,20/11/2025,CUST-160,SKU-1010,WH-04,125,125,75.49,0
701514,1,19/11/2025,22/11/2025,21/11/2025,CUST-141,SKU-1006,WH-01,31,12,54.97,0.1
701515,1,20/11/2025,22/11/2025,21/11/2025,CUST-122,SKU-1024,WH-03,25,25,68.06,0.05
701516,1,20/11/2025,23/11/2025,23/11/2025,CUST-105,SKU-1024,WH-02,187,187,68.06,0
701516,2,20/11/2025,23/11/2025,23/11/2025,CUST-105,SKU-1023,WH-02,12,10,19.51,0
701517,1,20/11/2025,23/11/2025,22/11/2025,CUST-118,SKU-1010,WH-04,93,93,75.49,0
701518,1,20/11/2025,25/11/2025,26/11/2025,CUST-106,SKU-1019,WH-02,12,12,68.25,0
701518,2,20/11/2025,25/11/2025,26/11/2025,CUST-106,SKU-1014,WH-02,250,250,100.88,0
701518,3,20/11/2025,25/11/2025,26/11/2025,CUST-106,SKU-1021,WH-02,62,62,50.68,0.125
701519,1,20/11/2025,23/11/2025,23/11/2025,CUST-104,SKU-1008,WH-03,12,12,12.26,0
701519,2,20/11/2025,23/11/2025,23/11/2025,CUST-104,SKU-1012,WH-03,31,31,54.11,0
701519,3,20/11/2025,23/11/2025,23/11/2025,CUST-104,SKU-1017,WH-03,25,25,44.62,0
701519,4,20/11/2025,23/11/2025,23/11/2025,CUST-104,SKU-1005,WH-03,125,125,77.98,0
701520,1,21/11/2025,28/11/2025,28/11/2025,CUST-114,SKU-1023,WH-01,25,25,19.51,0
701520,2,21/11/2025,28/11/2025,28/11/2025,CUST-114,SKU-1017,WH-01,25,25,44.62,0
701521,1,21/11/2025,24/11/2025,23/11/2025,CUST-108,SKU-1021,WH-01,25,25,50.68,0.125
701521,2,21/11/2025,24/11/2025,23/11/2025,CUST-108,SKU-1022,WH-01,12,12,11.23,0.05
701521,3,21/11/2025,24/11/2025,23/11/2025,CUST-108,SKU-1005,WH-01,93,83,77.98,0.1
701521,4,21/11/2025,24/11/2025,23/11/2025,CUST-108,SKU-1024,WH-01,93,93,68.06,0
701522,1,21/11/2025,24/11/2025,24/11/2025,CUST-120,SKU-1016,WH-02,31,31,19.18,0
701522,2,21/11/2025,24/11/2025,24/11/2025,CUST-120,SKU-1009,WH-02,187,187,32.15,0.05
701523,1,21/11/2025,23/11/2025,25/11/2025,CUST-144,SKU-1022,WH-04,62,62,11.23,0.05
701523,2,21/11/2025,23/11/2025,25/11/2025,CUST-144,SKU-1024,WH-04,25,25,68.06,0
701524,1,24/11/2025,01/12/2025,01/12/2025,CUST-107,SKU-1014,WH-02,93,93,100.88,0
701525,1,24/11/2025,26/11/2025,25/11/2025,CUST-111,SKU-1002,WH-04,25,25,54.08,0
701525,2,24/11/2025,26/11/2025,25/11/2025,CUST-111,SKU-1005,WH-04,25,10,77.98,0.1
701526,1,24/11/2025,29/11/2025,28/11/2025,CUST-109,SKU-1005,WH-04,25,15,77.98,0
701526,2,24/11/2025,29/11/2025,28/11/2025,CUST-109,SKU-1015,WH-04,93,93,27.45,0.05
701527,1,24/11/2025,29/11/2025,28/11/2025,CUST-146,SKU-1023,WH-03,25,25,19.51,0
701527,2,24/11/2025,29/11/2025,28/11/2025,CUST-146,SKU-1009,WH-03,25,25,32.15,0
701527,3,24/11/2025,29/11/2025,28/11/2025,CUST-146,SKU-1024,WH-03,31,31,68.06,0.1
701528,1,25/11/2025,28/11/2025,27/11/2025,CUST-113,SKU-1006,WH-04,187,168,54.97,0
701528,2,25/11/2025,28/11/2025,27/11/2025,CUST-113,SKU-1001,WH-04,62,25,59.63,0
701529,1,25/11/2025,27/11/2025,27/11/2025,CUST-104,SKU-1010,WH-02,250,250,75.49,0
701529,2,25/11/2025,27/11/2025,27/11/2025,CUST-104,SKU-1010,WH-02,250,250,75.49,0
701530,1,25/11/2025,02/12/2025,01/12/2025,CUST-144,SKU-1005,WH-02,125,100,77.98,0.05
701530,2,25/11/2025,02/12/2025,01/12/2025,CUST-144,SKU-1024,WH-02,62,62,68.06,0.05
701530,3,25/11/2025,02/12/2025,01/12/2025,CUST-144,SKU-1006,WH-02,125,125,54.97,0
701531,1,25/11/2025,28/11/2025,30/11/2025,CUST-148,SKU-1012,WH-03,25,25,54.11,0.125
701532,1,25/11/2025,29/11/2025,28/11/2025,CUST-106,SKU-1003,WH-02,187,187,52.5,0
701532,2,25/11/2025,29/11/2025,28/11/2025,CUST-106,SKU-1020,WH-02,62,62,72.1,0
701532,3,25/11/2025,29/11/2025,28/11/2025,CUST-106,SKU-1013,WH-02,93,93,75.26,0.125
701533,1,25/11/2025,28/11/2025,27/11/2025,CUST-122,SKU-1010,WH-01,62,62,75.49,0
701533,2,25/11/2025,28/11/2025,27/11/2025,CUST-122,SKU-1013,WH-01,125,125,75.26,0.05
701533,3,25/11/2025,28/11/2025,27/11/2025,CUST-122,SKU-1022,WH-01,250,250,11.23,0.125
701533,4,25/11/2025,28/11/2025,27/11/2025,CUST-122,SKU-1010,WH-01,93,93,75.49,0
701534,1,25/11/2025,27/11/2025,26/11/2025,CUST-146,SKU-1001,WH-01,125,125,59.63,0
701534,2,25/11/2025,27/11/2025,26/11/2025,CUST-146,SKU-1003,WH-01,125,125,52.5,0
701534,3,25/11/2025,27/11/2025,26/11/2025,CUST-146,SKU-1011,WH-01,250,250,39.0,0.1
701534,4,25/11/2025,27/11/2025,26/11/2025,CUST-146,SKU-1019,WH-01,12,12,68.25,0.125
701535,1,26/11/2025,03/12/2025,02/12/2025,CUST-159,SKU-1006,WH-01,250,250,54.97,0
701535,2,26/11/2025,03/12/2025,02/12/2025,CUST-159,SKU-1012,WH-01,125,125,54.11,0.05
701536,1,26/11/2025,03/12/2025,02/12/2025,CUST-119,SKU-1021,WH-01,25,25,50.68,0.05
701536,2,26/11/2025,03/12/2025,02/12/2025,CUST-119,SKU-1018,WH-01,31,31,66.93,0.1
701537,1,26/11/2025,29/11/2025,30/11/2025,CUST-158,SKU-1019,WH-02,187,75,68.25,0.05
701538,1,26/11/2025,29/11/2025,04/12/2025,CUST-131,SKU-1024,WH-04,31,31,68.06,0.05
701538,2,26/11/2025,29/11/2025,04/12/2025,CUST-131,SKU-1006,WH-04,93,93,54.97,0.1
701538,3,26/11/2025,29/11/2025,04/12/2025,CUST-131,SKU-1020,WH-04,125,112,72.1,0
701539,1,27/11/2025,02/12/2025,01/12/2025,CUST-154,SKU-1010,WH-04,12,12,75.49,0
701539,2,27/11/2025,02/12/2025,01/12/2025,CUST-154,SKU-1010,WH-04,62,62,75.49,0.125
701539,3,27/11/2025,02/12/2025,01/12/2025,CUST-154,SKU-1023,WH-04,125,125,19.51,0.05
701539,4,27/11/2025,02/12/2025,01/12/2025,CUST-154,SKU-1004,WH-04,12,12,44.52,0.125
701540,1,27/11/2025,30/11/2025,05/12/2025,CUST-110,SKU-1020,WH-04,93,93,72.1,0
701540,2,27/11/2025,30/11/2025,05/12/2025,CUST-110,SKU-1001,WH-04,250,250,59.63,0.125
701540,3,27/11/2025,30/11/2025,05/12/2025,CUST-110,SKU-1007,WH-04,25,25,66.6,0.1
701540,4,27/11/2025,30/11/2025,05/12/2025,CUST-110,SKU-1022,WH-04,187,168,11.23,0.05
701541,1,27/11/2025,30/11/2025,29/11/2025,CUST-156,SKU-1024,WH-02,31,31,68.06,0.1
701542,1,27/11/2025,01/12/2025,30/11/2025,CUST-106,SKU-1019,WH-01,25,22,68.25,0
701542,2,27/11/2025,01/12/2025,30/11/2025,CUST-106,SKU-1017,WH-01,187,187,44.62,0.1
701543,1,27/11/2025,30/11/2025,29/11/2025,CUST-112,SKU-1013,WH-03,250,250,75.26,0.05
701544,1,27/11/2025,30/11/2025,29/11/2025,CUST-137,SKU-1007,WH-03,12,12,66.6,0
701544,2,27/11/2025,30/11/2025,29/11/2025,CUST-137,SKU-1014,WH-03,187,187,100.88,0.1
701544,3,27/11/2025,30/11/2025,29/11/2025,CUST-137,SKU-1007,WH-03,250,250,66.6,0.1
701544,4,27/11/2025,30/11/2025,29/11/2025,CUST-137,SKU-1001,WH-03,25,25,59.63,0
701545,1,27/11/2025,30/11/2025,30/11/2025,CUST-138,SKU-1012,WH-04,31,31,54.11,0.125
701545,2,27/11/2025,30/11/2025,30/11/2025,CUST-138,SKU-1024,WH-04,250,250,68.06,0
701546,1,27/11/2025,30/11/2025,29/11/2025,CUST-109,SKU-1016,WH-02,250,250,19.18,0.05
701546,2,27/11/2025,30/11/2025,29/11/2025,CUST-109,SKU-1013,WH-02,25,25,75.26,0.125
701546,3,27/11/2025,30/11/2025,29/11/2025,CUST-109,SKU-1011,WH-02,187,187,39.0,0
701546,4,27/11/2025,30/11/2025,29/11/2025,CUST-109,SKU-1021,WH-02,187,112,50.68,0.05
701547,1,28/11/2025,01/12/2025,30/11/2025,CUST-106,SKU-1007,WH-01,250,250,66.6,0.1
701547,2,28/11/2025,01/12/2025,30/11/2025,CUST-106,SKU-1008,WH-01,187,187,12.26,0
701548,1,28/11/2025,02/12/2025,01/12/2025,CUST-157,SKU-1004,WH-02,125,125,44.52,0.1
701548,2,28/11/2025,02/12/2025,01/12/2025,CUST-157,SKU-1020,WH-02,187,187,72.1,0.05
701549,1,28/11/2025,01/12/2025,30/11/2025,CUST-154,SKU-1012,WH-03,25,15,54.11,0
701549,2,28/11/2025,01/12/2025,30/11/2025,CUST-154,SKU-1007,WH-03,25,25,66.6,0.125
701550,1,28/11/2025,05/12/2025,04/12/2025,CUST-151,SKU-1005,WH-02,25,25,77.98,0.1
701550,2,28/11/2025,05/12/2025,04/12/2025,CUST-151,SKU-1007,WH-02,187,187,66.6,0
701550,3,28/11/2025,05/12/2025,04/12/2025,CUST-151,SKU-1015,WH-02,187,187,27.45,0.05
701550,4,28/11/2025,05/12/2025,04/12/2025,CUST-151,SKU-1007,WH-02,125,125,66.6,0.125
701551,1,28/11/2025,05/12/2025,05/12/2025,CUST-101,SKU-1011,WH-03,12,12,39.0,0.05
701551,2,28/11/2025,05/12/2025,05/12/2025,CUST-101,SKU-1017,WH-03,125,125,44.62,0.125
701551,3,28/11/2025,05/12/2025,05/12/2025,CUST-101,SKU-1009,WH-03,62,56,32.15,0
701551,4,28/11/2025,05/12/2025,05/12/2025,CUST-101,SKU-1010,WH-03,187,187,75.49,0
701552,1,28/11/2025,03/12/2025,08/12/2025,CUST-106,SKU-1011,WH-04,250,250,39.0,0.125
701553,1,28/11/2025,05/12/2025,04/12/2025,CUST-154,SKU-1012,WH-03,12,12,54.11,0.1
701553,2,28/11/2025,05/12/2025,04/12/2025,CUST-154,SKU-1002,WH-03,187,187,54.08,0.05
701553,3,28/11/2025,05/12/2025,04/12/2025,CUST-154,SKU-1015,WH-03,93,93,27.45,0.125
701554,1,28/11/2025,01/12/2025,02/12/2025,CUST-160,SKU-1003,WH-02,250,250,52.5,0
701555,1,28/11/2025,01/12/2025,02/12/2025,CUST-120,SKU-1017,WH-04,250,250,44.62,0.125
701555,2,28/11/2025,01/12/2025,02/12/2025,CUST-120,SKU-1007,WH-04,25,25,66.6,0.1
701556,1,01/12/2025,03/12/2025,02/12/2025,CUST-128,SKU-1002,WH-01,25,15,54.08,0.05
701557,1,01/12/2025,04/12/2025,03/12/2025,CUST-125,SKU-1013,WH-02,25,20,75.26,0.05
701557,2,01/12/2025,04/12/2025,03/12/2025,CUST-125,SKU-1003,WH-02,250,250,52.5,0.125
701557,3,01/12/2025,04/12/2025,03/12/2025,CUST-125,SKU-1011,WH-02,25,25,39.0,0
701558,1,01/12/2025,04/12/2025,05/12/2025,CUST-134,SKU-1013,WH-03,62,62,75.26,0
701558,2,01/12/2025,04/12/2025,05/12/2025,CUST-134,SKU-1001,WH-03,12,10,59.63,0.125
701558,3,01/12/2025,04/12/2025,05/12/2025,CUST-134,SKU-1015,WH-03,62,37,27.45,0
701559,1,01/12/2025,04/12/2025,03/12/2025,CUST-159,SKU-1023,WH-03,93,93,19.51,0.05
701559,2,01/12/2025,04/12/2025,03/12/2025,CUST-159,SKU-1021,WH-03,187,75,50.68,0
701560,1,01/12/2025,08/12/2025,08/12/2025,CUST-128,SKU-1010,WH-01,187,187,75.49,0.1
701560,2,01/12/2025,08/12/2025,08/12/2025,CUST-128,SKU-1019,WH-01,12,12,68.25,0
701560,3,01/12/2025,08/12/2025,08/12/2025,CUST-128,SKU-1021,WH-01,93,93,50.68,0.05
701561,1,01/12/2025,04/12/2025,04/12/2025,CUST-119,SKU-1021,WH-02,25,25,50.68,0
701561,2,01/12/2025,04/12/2025,04/12/2025,CUST-119,SKU-1006,WH-02,125,125,54.97,0
701561,3,01/12/2025,04/12/2025,04/12/2025,CUST-119,SKU-1007,WH-02,62,62,66.6,0
701562,1,01/12/2025,08/12/2025,13/12/2025,CUST-108,SKU-1009,WH-02,12,12,32.15,0
701563,1,01/12/2025,03/12/2025,04/12/2025,CUST-122,SKU-1021,WH-04,31,31,50.68,0.1
701563,2,01/12/2025,03/12/2025,04/12/2025,CUST-122,SKU-1003,WH-04,62,50,52.5,0.1
701564,1,02/12/2025,06/12/2025,08/12/2025,CUST-139,SKU-1014,WH-02,12,12,100.88,0.125
701564,2,02/12/2025,06/12/2025,08/12/2025,CUST-139,SKU-1013,WH-02,250,250,75.26,0
701564,3,02/12/2025,06/12/2025,08/12/2025,CUST-139,SKU-1023,WH-02,31,31,19.51,0.1
701565,1,02/12/2025,06/12/2025,05/12/2025,CUST-141,SKU-1012,WH-02,93,93,54.11,0
701566,1,02/12/2025,05/12/2025,04/12/2025,CUST-154,SKU-1002,WH-04,25,25,54.08,0
701566,2,02/12/2025,05/12/2025,04/12/2025,CUST-154,SKU-1015,WH-04,93,93,27.45,0.1
701566,3,02/12/2025,05/12/2025,04/12/2025,CUST-154,SKU-1002,WH-04,187,187,54.08,0.1
701567,1,02/12/2025,09/12/2025,08/12/2025,CUST-133,SKU-1012,WH-01,12,7,54.11,0
701567,2,02/12/2025,09/12/2025,08/12/2025,CUST-133,SKU-1005,WH-01,93,93,77.98,0.125
701567,3,02/12/2025,09/12/2025,08/12/2025,CUST-133,SKU-1005,WH-01,93,93,77.98,0.1
701568,1,02/12/2025,05/12/2025,04/12/2025,CUST-130,SKU-1017,WH-01,62,62,44.62,0
701568,2,02/12/2025,05/12/2025,04/12/2025,CUST-130,SKU-1001,WH-01,250,250,59.63,0.1
701568,3,02/12/2025,05/12/2025,04/12/2025,CUST-130,SKU-1014,WH-01,12,12,100.88,0
701568,4,02/12/2025,05/12/2025,04/12/2025,CUST-130,SKU-1006,WH-01,62,62,54.97,0.05
701569,1,02/12/2025,05/12/2025,04/12/2025,CUST-109,SKU-1003,WH-02,93,37,52.5,0.1
701569,2,02/12/2025,05/12/2025,04/12/2025,CUST-109,SKU-1014,WH-02,93,93,100.88,0
701569,3,02/12/2025,05/12/2025,04/12/2025,CUST-109,SKU-1013,WH-02,25,25,75.26,0.125
701569,4,02/12/2025,05/12/2025,04/12/2025,CUST-109,SKU-1013,WH-02,187,187,75.26,0
701570,1,02/12/2025,07/12/2025,06/12/2025,CUST-146,SKU-1003,WH-04,62,62,52.5,0
701571,1,03/12/2025,08/12/2025,13/12/2025,CUST-128,SKU-1020,WH-01,25,25,72.1,0
701571,2,03/12/2025,08/12/2025,13/12/2025,CUST-128,SKU-1015,WH-01,93,93,27.45,0
701571,3,03/12/2025,08/12/2025,13/12/2025,CUST-128,SKU-1002,WH-01,125,125,54.08,0.05
701572,1,03/12/2025,05/12/2025,04/12/2025,CUST-144,SKU-1002,WH-01,25,25,54.08,0
701572,2,03/12/2025,05/12/2025,04/12/2025,CUST-144,SKU-1024,WH-01,125,125,68.06,0
701572,3,03/12/2025,05/12/2025,04/12/2025,CUST-144,SKU-1008,WH-01,31,31,12.26,0
701573,1,03/12/2025,06/12/2025,08/12/2025,CUST-116,SKU-1004,WH-03,62,62,44.52,0.125
701573,2,03/12/2025,06/12/2025,08/12/2025,CUST-116,SKU-1017,WH-03,187,187,44.62,0.125
701573,3,03/12/2025,06/12/2025,08/12/2025,CUST-116,SKU-1005,WH-03,93,93,77.98,0
701573,4,03/12/2025,06/12/2025,08/12/2025,CUST-116,SKU-1013,WH-03,31,27,75.26,0.05
701574,1,03/12/2025,08/12/2025,09/12/2025,CUST-110,SKU-1001,WH-04,25,25,59.63,0.1
701574,2,03/12/2025,08/12/2025,09/12/2025,CUST-110,SKU-1009,WH-04,125,125,32.15,0.05
701575,1,03/12/2025,10/12/2025,09/12/2025,CUST-103,SKU-1008,WH-04,250,250,12.26,0.125
701576,1,03/12/2025,05/12/2025,04/12/2025,CUST-120,SKU-1023,WH-01,31,31,19.51,0
701576,2,03/12/2025,05/12/2025,04/12/2025,CUST-120,SKU-1020,WH-01,250,250,72.1,0
701577,1,04/12/2025,09/12/2025,14/12/2025,CUST-147,SKU-1019,WH-01,125,125,68.25,0.1
701577,2,04/12/2025,09/12/2025,14/12/2025,CUST-147,SKU-1008,WH-01,250,250,12.26,0
701577,3,04/12/2025,09/12/2025,14/12/2025,CUST-147,SKU-1015,WH-01,250,250,27.45,0.125
701577,4,04/12/2025,09/12/2025,14/12/2025,CUST-147,SKU-1013,WH-01,125,125,75.26,0.125
701578,1,04/12/2025,06/12/2025,05/12/2025,CUST-101,SKU-1001,WH-01,125,125,59.63,0
701578,2,04/12/2025,06/12/2025,05/12/2025,CUST-101,SKU-1014,WH-01,125,125,100.88,0.125
701578,3,04/12/2025,06/12/2025,05/12/2025,CUST-101,SKU-1024,WH-01,12,12,68.06,0
701578,4,04/12/2025,06/12/2025,05/12/2025,CUST-101,SKU-1016,WH-01,93,93,19.18,0.125
701579,1,04/12/2025,09/12/2025,08/12/2025,CUST-125,SKU-1015,WH-04,31,31,27.45,0.05
701579,2,04/12/2025,09/12/2025,08/12/2025,CUST-125,SKU-1019,WH-04,62,62,68.25,0
701580,1,04/12/2025,07/12/2025,06/12/2025,CUST-143,SKU-1006,WH-01,25,25,54.97,0.1
701580,2,04/12/2025,07/12/2025,06/12/2025,CUST-143,SKU-1023,WH-01,31,31,19.51,0
701580,3,04/12/2025,07/12/2025,06/12/2025,CUST-143,SKU-1021,WH-01,125,125,50.68,0
701580,4,04/12/2025,07/12/2025,06/12/2025,CUST-143,SKU-1022,WH-01,187,187,11.23,0.125
701581,1,05/12/2025,08/12/2025,07/12/2025,CUST-112,SKU-1006,WH-01,250,100,54.97,0.05
701582,1,05/12/2025,08/12/2025,08/12/2025,CUST-107,SKU-1021,WH-04,25,25,50.68,0
701582,2,05/12/2025,08/12/2025,08/12/2025,CUST-107,SKU-1023,WH-04,250,250,19.51,0
701582,3,05/12/2025,08/12/2025,08/12/2025,CUST-107,SKU-1007,WH-04,187,168,66.6,0
701583,1,05/12/2025,08/12/2025,08/12/2025,CUST-130,SKU-1021,WH-04,62,62,50.68,0
701583,2,05/12/2025,08/12/2025,08/12/2025,CUST-130,SKU-1018,WH-04,62,62,66.93,0
701584,1,05/12/2025,12/12/2025,11/12/2025,CUST-114,SKU-1009,WH-01,93,93,32.15,0
701584,2,05/12/2025,12/12/2025,11/12/2025,CUST-114,SKU-1001,WH-01,93,75,59.63,0.1
701585,1,05/12/2025,07/12/2025,06/12/2025,CUST-134,SKU-1003,WH-01,25,25,52.5,0
701585,2,05/12/2025,07/12/2025,06/12/2025,CUST-134,SKU-1010,WH-01,250,250,75.49,0
701585,3,05/12/2025,07/12/2025,06/12/2025,CUST-134,SKU-1012,WH-01,125,125,54.11,0
701586,1,05/12/2025,08/12/2025,09/12/2025,CUST-108,SKU-1017,WH-03,62,62,44.62,0.125
701586,2,05/12/2025,08/12/2025,09/12/2025,CUST-108,SKU-1023,WH-03,125,125,19.51,0
701586,3,05/12/2025,08/12/2025,09/12/2025,CUST-108,SKU-1013,WH-03,31,31,75.26,0
701587,1,08/12/2025,15/12/2025,14/12/2025,CUST-147,SKU-1008,WH-02,31,31,12.26,0.1
701588,1,08/12/2025,10/12/2025,12/12/2025,CUST-117,SKU-1005,WH-03,93,93,77.98,0.1
701589,1,08/12/2025,11/12/2025,10/12/2025,CUST-153,SKU-1004,WH-01,62,62,44.52,0.1
701590,1,08/12/2025,13/12/2025,15/12/2025,CUST-134,SKU-1019,WH-03,250,250,68.25,0
701590,2,08/12/2025,13/12/2025,15/12/2025,CUST-134,SKU-1001,WH-03,12,12,59.63,0
701590,3,08/12/2025,13/12/2025,15/12/2025,CUST-134,SKU-1021,WH-03,25,25,50.68,0
701590,4,08/12/2025,13/12/2025,15/12/2025,CUST-134,SKU-1016,WH-03,12,12,19.18,0
701591,1,09/12/2025,14/12/2025,14/12/2025,CUST-152,SKU-1003,WH-03,125,125,52.5,0.1
701591,2,09/12/2025,14/12/2025,14/12/2025,CUST-152,SKU-1009,WH-03,62,62,32.15,0
701591,3,09/12/2025,14/12/2025,14/12/2025,CUST-152,SKU-1018,WH-03,93,93,66.93,0
701591,4,09/12/2025,14/12/2025,14/12/2025,CUST-152,SKU-1015,WH-03,187,168,27.45,0.1
701592,1,09/12/2025,16/12/2025,15/12/2025,CUST-126,SKU-1022,WH-02,250,250,11.23,0
701592,2,09/12/2025,16/12/2025,15/12/2025,CUST-126,SKU-1017,WH-02,62,62,44.62,0
701592,3,09/12/2025,16/12/2025,15/12/2025,CUST-126,SKU-1014,WH-02,125,125,100.88,0.05
701593,1,09/12/2025,16/12/2025,21/12/2025,CUST-128,SKU-1002,WH-02,12,12,54.08,0.125
701593,2,09/12/2025,16/12/2025,21/12/2025,CUST-128,SKU-1006,WH-02,93,93,54.97,0.125
701594,1,09/12/2025,12/12/2025,14/12/2025,CUST-125,SKU-1022,WH-02,125,125,11.23,0.125
701594,2,09/12/2025,12/12/2025,14/12/2025,CUST-125,SKU-1002,WH-02,12,12,54.08,0
701595,1,09/12/2025,12/12/2025,17/12/2025,CUST-115,SKU-1007,WH-03,125,125,66.6,0.05
701595,2,09/12/2025,12/12/2025,17/12/2025,CUST-115,SKU-1005,WH-03,62,62,77.98,0.1
701595,3,09/12/2025,12/12/2025,17/12/2025,CUST-115,SKU-1005,WH-03,31,31,77.98,0
701595,4,09/12/2025,12/12/2025,17/12/2025,CUST-115,SKU-1012,WH-03,62,62,54.11,0.125
701596,1,10/12/2025,14/12/2025,16/12/2025,CUST-149,SKU-1022,WH-04,125,125,11.23,0
701596,2,10/12/2025,14/12/2025,16/12/2025,CUST-149,SKU-1010,WH-04,125,125,75.49,0
701596,3,10/12/2025,14/12/2025,16/12/2025,CUST-149,SKU-1017,WH-04,31,31,44.62,0.1
701596,4,10/12/2025,14/12/2025,16/12/2025,CUST-149,SKU-1023,WH-04,93,93,19.51,0
701597,1,10/12/2025,13/12/2025,13/12/2025,CUST-140,SKU-1024,WH-04,62,56,68.06,0.1
701597,2,10/12/2025,13/12/2025,13/12/2025,CUST-140,SKU-1006,WH-04,93,93,54.97,0
701597,3,10/12/2025,13/12/2025,13/12/2025,CUST-140,SKU-1012,WH-04,31,31,54.11,0.05
701597,4,10/12/2025,13/12/2025,13/12/2025,CUST-140,SKU-1006,WH-04,250,250,54.97,0.1
701598,1,10/12/2025,14/12/2025,14/12/2025,CUST-114,SKU-1018,WH-04,12,12,66.93,0.1
701598,2,10/12/2025,14/12/2025,14/12/2025,CUST-114,SKU-1012,WH-04,12,12,54.11,0
701599,1,10/12/2025,13/12/2025,12/12/2025,CUST-157,SKU-1003,WH-04,12,12,52.5,0
701600,1,11/12/2025,18/12/2025,18/12/2025,CUST-109,SKU-1018,WH-03,31,18,66.93,0.05
701600,2,11/12/2025,18/12/2025,18/12/2025,CUST-109,SKU-1006,WH-03,62,62,54.97,0
701601,1,11/12/2025,16/12/2025,15/12/2025,CUST-114,SKU-1021,WH-02,125,125,50.68,0
701602,1,11/12/2025,14/12/2025,14/12/2025,CUST-133,SKU-1024,WH-04,93,75,68.06,0
701603,1,11/12/2025,14/12/2025,13/12/2025,CUST-103,SKU-1012,WH-04,187,187,54.11,0
701603,2,11/12/2025,14/12/2025,13/12/2025,CUST-103,SKU-1015,WH-04,12,12,27.45,0.125
701603,3,11/12/2025,14/12/2025,13/12/2025,CUST-103,SKU-1014,WH-04,31,27,100.88,0.1
701604,1,12/12/2025,15/12/2025,14/12/2025,CUST-145,SKU-1014,WH-02,93,93,100.88,0.05
701605,1,12/12/2025,15/12/2025,15/12/2025,CUST-118,SKU-1003,WH-01,62,50,52.5,0
701606,1,12/12/2025,19/12/2025,18/12/2025,CUST-124,SKU-1018,WH-04,125,125,66.93,0
701606,2,12/12/2025,19/12/2025,18/12/2025,CUST-124,SKU-1009,WH-04,93,93,32.15,0.125
701607,1,12/12/2025,15/12/2025,17/12/2025,CUST-105,SKU-1023,WH-02,93,93,19.51,0.125
701607,2,12/12/2025,15/12/2025,17/12/2025,CUST-105,SKU-1010,WH-02,12,12,75.49,0
701607,3,12/12/2025,15/12/2025,17/12/2025,CUST-105,SKU-1012,WH-02,187,187,54.11,0.05
701608,1,12/12/2025,19/12/2025,20/12/2025,CUST-144,SKU-1022,WH-02,250,250,11.23,0
701609,1,12/12/2025,17/12/2025,18/12/2025,CUST-120,SKU-1021,WH-02,12,12,50.68,0.05
701610,1,12/12/2025,14/12/2025,13/12/2025,CUST-150,SKU-1006,WH-01,93,93,54.97,0.05
701610,2,12/12/2025,14/12/2025,13/12/2025,CUST-150,SKU-1001,WH-01,31,31,59.63,0.1
701610,3,12/12/2025,14/12/2025,13/12/2025,CUST-150,SKU-1002,WH-01,62,62,54.08,0
701611,1,15/12/2025,18/12/2025,17/12/2025,CUST-111,SKU-1023,WH-01,31,31,19.51,0
701611,2,15/12/2025,18/12/2025,17/12/2025,CUST-111,SKU-1024,WH-01,31,31,68.06,0.1
701612,1,15/12/2025,22/12/2025,24/12/2025,CUST-156,SKU-1001,WH-02,25,25,59.63,0
701612,2,15/12/2025,22/12/2025,24/12/2025,CUST-156,SKU-1018,WH-02,31,31,66.93,0
701612,3,15/12/2025,22/12/2025,24/12/2025,CUST-156,SKU-1009,WH-02,93,93,32.15,0
701613,1,15/12/2025,19/12/2025,19/12/2025,CUST-109,SKU-1018,WH-01,25,25,66.93,0.1
701613,2,15/12/2025,19/12/2025,19/12/2025,CUST-109,SKU-1015,WH-01,62,62,27.45,0.1
701613,3,15/12/2025,19/12/2025,19/12/2025,CUST-109,SKU-1011,WH-01,31,31,39.0,0
701614,1,15/12/2025,18/12/2025,17/12/2025,CUST-104,SKU-1022,WH-03,12,5,11.23,0.05
701614,2,15/12/2025,18/12/2025,17/12/2025,CUST-104,SKU-1024,WH-03,250,250,68.06,0
701614,3,15/12/2025,18/12/2025,17/12/2025,CUST-104,SKU-1005,WH-03,93,93,77.98,0
701614,4,15/12/2025,18/12/2025,17/12/2025,CUST-104,SKU-1004,WH-03,62,62,44.52,0.05
701615,1,15/12/2025,18/12/2025,20/12/2025,CUST-107,SKU-1010,WH-01,31,12,75.49,0
701615,2,15/12/2025,18/12/2025,20/12/2025,CUST-107,SKU-1020,WH-01,31,31,72.1,0.05
701616,1,15/12/2025,22/12/2025,22/12/2025,CUST-156,SKU-1009,WH-04,250,250,32.15,0.125
701616,2,15/12/2025,22/12/2025,22/12/2025,CUST-156,SKU-1006,WH-04,12,12,54.97,0
701616,3,15/12/2025,22/12/2025,22/12/2025,CUST-156,SKU-1010,WH-04,125,125,75.49,0.05
701616,4,15/12/2025,22/12/2025,22/12/2025,CUST-156,SKU-1021,WH-04,62,62,50.68,0.05
701617,1,16/12/2025,20/12/2025,22/12/2025,CUST-126,SKU-1016,WH-03,12,12,19.18,0
701617,2,16/12/2025,20/12/2025,22/12/2025,CUST-126,SKU-1014,WH-03,12,12,100.88,0
701617,3,16/12/2025,20/12/2025,22/12/2025,CUST-126,SKU-1002,WH-03,62,37,54.08,0.125
701618,1,16/12/2025,19/12/2025,19/12/2025,CUST-106,SKU-1023,WH-04,25,25,19.51,0
701619,1,16/12/2025,18/12/2025,20/12/2025,CUST-151,SKU-1020,WH-02,62,62,72.1,0.05
701619,2,16/12/2025,18/12/2025,20/12/2025,CUST-151,SKU-1019,WH-02,25,25,68.25,0.05
701620,1,16/12/2025,20/12/2025,20/12/2025,CUST-112,SKU-1009,WH-03,187,187,32.15,0.05
701621,1,16/12/2025,21/12/2025,21/12/2025,CUST-145,SKU-1008,WH-04,12,12,12.26,0
701621,2,16/12/2025,21/12/2025,21/12/2025,CUST-145,SKU-1020,WH-04,125,125,72.1,0.05
701621,3,16/12/2025,21/12/2025,21/12/2025,CUST-145,SKU-1003,WH-04,250,250,52.5,0
701622,1,16/12/2025,19/12/2025,20/12/2025,CUST-124,SKU-1001,WH-01,12,12,59.63,0.05
701622,2,16/12/2025,19/12/2025,20/12/2025,CUST-124,SKU-1002,WH-01,31,31,54.08,0.125
701623,1,17/12/2025,20/12/2025,19/12/2025,CUST-131,SKU-1013,WH-04,31,31,75.26,0.05
701623,2,17/12/2025,20/12/2025,19/12/2025,CUST-131,SKU-1019,WH-04,125,125,68.25,0.1
701623,3,17/12/2025,20/12/2025,19/12/2025,CUST-131,SKU-1017,WH-04,93,93,44.62,0
701623,4,17/12/2025,20/12/2025,19/12/2025,CUST-131,SKU-1017,WH-04,31,31,44.62,0.05
701624,1,17/12/2025,24/12/2025,23/12/2025,CUST-110,SKU-1002,WH-02,25,25,54.08,0
701625,1,17/12/2025,20/12/2025,19/12/2025,CUST-103,SKU-1021,WH-02,93,93,50.68,0
701626,1,17/12/2025,20/12/2025,25/12/2025,CUST-110,SKU-1009,WH-01,31,31,32.15,0
701627,1,17/12/2025,19/12/2025,24/12/2025,CUST-132,SKU-1020,WH-03,93,93,72.1,0
701628,1,18/12/2025,25/12/2025,25/12/2025,CUST-130,SKU-1020,WH-02,93,93,72.1,0.05
701628,2,18/12/2025,25/12/2025,25/12/2025,CUST-130,SKU-1017,WH-02,62,62,44.62,0
701629,1,18/12/2025,20/12/2025,19/12/2025,CUST-160,SKU-1009,WH-02,187,187,32.15,0.125
701629,2,18/12/2025,20/12/2025,19/12/2025,CUST-160,SKU-1019,WH-02,62,62,68.25,0
701629,3,18/12/2025,20/12/2025,19/12/2025,CUST-160,SKU-1002,WH-02,62,62,54.08,0.125
701630,1,18/12/2025,22/12/2025,21/12/2025,CUST-152,SKU-1003,WH-03,250,250,52.5,0
701630,2,18/12/2025,22/12/2025,21/12/2025,CUST-152,SKU-1002,WH-03,12,10,54.08,0.05
701630,3,18/12/2025,22/12/2025,21/12/2025,CUST-152,SKU-1002,WH-03,250,250,54.08,0.1
701630,4,18/12/2025,22/12/2025,21/12/2025,CUST-152,SKU-1001,WH-03,31,31,59.63,0
701631,1,18/12/2025,21/12/2025,22/12/2025,CUST-127,SKU-1013,WH-01,125,125,75.26,0.125
701631,2,18/12/2025,21/12/2025,22/12/2025,CUST-127,SKU-1011,WH-01,12,12,39.0,0
701631,3,18/12/2025,21/12/2025,22/12/2025,CUST-127,SKU-1010,WH-01,93,93,75.49,0
701632,1,18/12/2025,22/12/2025,21/12/2025,CUST-121,SKU-1006,WH-03,31,31,54.97,0.1
701632,2,18/12/2025,22/12/2025,21/12/2025,CUST-121,SKU-1017,WH-03,25,25,44.62,0.1
701632,3,18/12/2025,22/12/2025,21/12/2025,CUST-121,SKU-1021,WH-03,25,10,50.68,0.1
701632,4,18/12/2025,22/12/2025,21/12/2025,CUST-121,SKU-1013,WH-03,62,62,75.26,0.125
701633,1,18/12/2025,21/12/2025,23/12/2025,CUST-119,SKU-1017,WH-02,125,125,44.62,0
701634,1,18/12/2025,20/12/2025,22/12/2025,CUST-142,SKU-1008,WH-02,12,12,12.26,0
701634,2,18/12/2025,20/12/2025,22/12/2025,CUST-142,SKU-1013,WH-02,125,125,75.26,0.1
701634,3,18/12/2025,20/12/2025,22/12/2025,CUST-142,SKU-1010,WH-02,250,250,75.49,0.1
701634,4,18/12/2025,20/12/2025,22/12/2025,CUST-142,SKU-1008,WH-02,12,12,12.26,0
701635,1,18/12/2025,20/12/2025,20/12/2025,CUST-118,SKU-1016,WH-03,12,12,19.18,0
701635,2,18/12/2025,20/12/2025,20/12/2025,CUST-118,SKU-1010,WH-03,187,168,75.49,0.05
701636,1,18/12/2025,21/12/2025,20/12/2025,CUST-137,SKU-1015,WH-02,25,25,27.45,0.05
701636,2,18/12/2025,21/12/2025,20/12/2025,CUST-137,SKU-1012,WH-02,250,250,54.11,0.1
701636,3,18/12/2025,21/12/2025,20/12/2025,CUST-137,SKU-1021,WH-02,25,25,50.68,0
701636,4,18/12/2025,21/12/2025,20/12/2025,CUST-137,SKU-1011,WH-02,62,62,39.0,0.125
701637,1,19/12/2025,23/12/2025,22/12/2025,CUST-125,SKU-1013,WH-04,93,93,75.26,0
701638,1,19/12/2025,23/12/2025,22/12/2025,CUST-105,SKU-1004,WH-02,31,12,44.52,0.1
701638,2,19/12/2025,23/12/2025,22/12/2025,CUST-105,SKU-1007,WH-02,31,31,66.6,0.125
701639,1,19/12/2025,24/12/2025,23/12/2025,CUST-104,SKU-1004,WH-03,25,25,44.52,0
701639,2,19/12/2025,24/12/2025,23/12/2025,CUST-104,SKU-1019,WH-03,62,62,68.25,0
701639,3,19/12/2025,24/12/2025,23/12/2025,CUST-104,SKU-1011,WH-03,62,62,39.0,0
701639,4,19/12/2025,24/12/2025,23/12/2025,CUST-104,SKU-1014,WH-03,250,250,100.88,0.05
701640,1,19/12/2025,24/12/2025,23/12/2025,CUST-111,SKU-1018,WH-04,12,12,66.93,0.05
701640,2,19/12/2025,24/12/2025,23/12/2025,CUST-111,SKU-1003,WH-04,12,12,52.5,0
701640,3,19/12/2025,24/12/2025,23/12/2025,CUST-111,SKU-1003,WH-04,187,187,52.5,0.125
701641,1,19/12/2025,23/12/2025,24/12/2025,CUST-127,SKU-1018,WH-04,25,22,66.93,0.05
701642,1,19/12/2025,22/12/2025,21/12/2025,CUST-123,SKU-1024,WH-01,12,12,68.06,0
701642,2,19/12/2025,22/12/2025,21/12/2025,CUST-123,SKU-1004,WH-01,12,12,44.52,0.125
701642,3,19/12/2025,22/12/2025,21/12/2025,CUST-123,SKU-1021,WH-01,25,15,50.68,0.05
701643,1,19/12/2025,23/12/2025,22/12/2025,CUST-122,SKU-1012,WH-04,25,25,54.11,0
701644,1,22/12/2025,26/12/2025,25/12/2025,CUST-116,SKU-1014,WH-01,25,25,100.88,0.05
701644,2,22/12/2025,26/12/2025,25/12/2025,CUST-116,SKU-1014,WH-01,125,125,100.88,0.05
701644,3,22/12/2025,26/12/2025,25/12/2025,CUST-116,SKU-1008,WH-01,25,25,12.26,0
701644,4,22/12/2025,26/12/2025,25/12/2025,CUST-116,SKU-1009,WH-01,62,62,32.15,0.125
701645,1,22/12/2025,26/12/2025,27/12/2025,CUST-126,SKU-1016,WH-04,187,187,19.18,0.125
701645,2,22/12/2025,26/12/2025,27/12/2025,CUST-126,SKU-1020,WH-04,62,62,72.1,0
701645,3,22/12/2025,26/12/2025,27/12/2025,CUST-126,SKU-1022,WH-04,12,11,11.23,0.05
701646,1,22/12/2025,29/12/2025,28/12/2025,CUST-160,SKU-1004,WH-03,250,250,44.52,0
701647,1,22/12/2025,25/12/2025,27/12/2025,CUST-156,SKU-1022,WH-04,31,31,11.23,0.1
701647,2,22/12/2025,25/12/2025,27/12/2025,CUST-156,SKU-1002,WH-04,125,125,54.08,0.125
701647,3,22/12/2025,25/12/2025,27/12/2025,CUST-156,SKU-1004,WH-04,25,25,44.52,0.1
701648,1,22/12/2025,27/12/2025,28/12/2025,CUST-139,SKU-1017,WH-02,125,125,44.62,0.125
701648,2,22/12/2025,27/12/2025,28/12/2025,CUST-139,SKU-1007,WH-02,31,31,66.6,0.125
701648,3,22/12/2025,27/12/2025,28/12/2025,CUST-139,SKU-1016,WH-02,187,187,19.18,0.05
701649,1,22/12/2025,29/12/2025,03/01/2026,CUST-112,SKU-1002,WH-01,250,250,54.08,0
701650,1,23/12/2025,28/12/2025,27/12/2025,CUST-127,SKU-1016,WH-01,93,93,19.18,0
701650,2,23/12/2025,28/12/2025,27/12/2025,CUST-127,SKU-1003,WH-01,125,125,52.5,0
701650,3,23/12/2025,28/12/2025,27/12/2025,CUST-127,SKU-1022,WH-01,62,25,11.23,0
701650,4,23/12/2025,28/12/2025,27/12/2025,CUST-127,SKU-1021,WH-01,62,56,50.68,0.125
701651,1,23/12/2025,27/12/2025,27/12/2025,CUST-112,SKU-1008,WH-03,31,31,12.26,0.1
701651,2,23/12/2025,27/12/2025,27/12/2025,CUST-112,SKU-1003,WH-03,31,31,52.5,0
701651,3,23/12/2025,27/12/2025,27/12/2025,CUST-112,SKU-1013,WH-03,62,56,75.26,0
701651,4,23/12/2025,27/12/2025,27/12/2025,CUST-112,SKU-1022,WH-03,125,125,11.23,0
701652,1,23/12/2025,27/12/2025,26/12/2025,CUST-149,SKU-1007,WH-01,250,100,66.6,0
701652,2,23/12/2025,27/12/2025,26/12/2025,CUST-149,SKU-1008,WH-01,93,93,12.26,0
701653,1,23/12/2025,26/12/2025,27/12/2025,CUST-157,SKU-1012,WH-03,125,125,54.11,0
701653,2,23/12/2025,26/12/2025,27/12/2025,CUST-157,SKU-1003,WH-03,31,31,52.5,0.05
701653,3,23/12/2025,26/12/2025,27/12/2025,CUST-157,SKU-1024,WH-03,25,10,68.06,0
701653,4,23/12/2025,26/12/2025,27/12/2025,CUST-157,SKU-1022,WH-03,93,93,11.23,0
701654,1,23/12/2025,30/12/2025,29/12/2025,CUST-117,SKU-1006,WH-02,62,62,54.97,0
701654,2,23/12/2025,30/12/2025,29/12/2025,CUST-117,SKU-1004,WH-02,125,125,44.52,0.1
701654,3,23/12/2025,30/12/2025,29/12/2025,CUST-117,SKU-1020,WH-02,31,31,72.1,0.1
701655,1,23/12/2025,26/12/2025,26/12/2025,CUST-144,SKU-1010,WH-03,12,12,75.49,0.125
701655,2,23/12/2025,26/12/2025,26/12/2025,CUST-144,SKU-1012,WH-03,12,12,54.11,0
701655,3,23/12/2025,26/12/2025,26/12/2025,CUST-144,SKU-1013,WH-03,25,22,75.26,0
701656,1,23/12/2025,27/12/2025,26/12/2025,CUST-118,SKU-1019,WH-03,25,25,68.25,0
701656,2,23/12/2025,27/12/2025,26/12/2025,CUST-118,SKU-1007,WH-03,93,93,66.6,0.1
701657,1,24/12/2025,27/12/2025,27/12/2025,CUST-108,SKU-1002,WH-03,187,187,54.08,0.05
701657,2,24/12/2025,27/12/2025,27/12/2025,CUST-108,SKU-1002,WH-03,62,62,54.08,0.1
701657,3,24/12/2025,27/12/2025,27/12/2025,CUST-108,SKU-1017,WH-03,31,31,44.62,0
701657,4,24/12/2025,27/12/2025,27/12/2025,CUST-108,SKU-1001,WH-03,62,62,59.63,0
701658,1,24/12/2025,28/12/2025,02/01/2026,CUST-136,SKU-1020,WH-04,12,12,72.1,0
701658,2,24/12/2025,28/12/2025,02/01/2026,CUST-136,SKU-1001,WH-04,125,125,59.63,0
701658,3,24/12/2025,28/12/2025,02/01/2026,CUST-136,SKU-1017,WH-04,187,187,44.62,0.125
701659,1,24/12/2025,28/12/2025,27/12/2025,CUST-123,SKU-1003,WH-04,125,125,52.5,0.125
701659,2,24/12/2025,28/12/2025,27/12/2025,CUST-123,SKU-1016,WH-04,25,25,19.18,0.1
701659,3,24/12/2025,28/12/2025,27/12/2025,CUST-123,SKU-1020,WH-04,187,187,72.1,0.05
701659,4,24/12/2025,28/12/2025,27/12/2025,CUST-123,SKU-1005,WH-04,25,20,77.98,0
701660,1,24/12/2025,27/12/2025,27/12/2025,CUST-141,SKU-1023,WH-01,187,168,19.51,0
701661,1,24/12/2025,28/12/2025,27/12/2025,CUST-155,SKU-1001,WH-01,187,187,59.63,0.125
701662,1,24/12/2025,26/12/2025,27/12/2025,CUST-145,SKU-1006,WH-01,125,125,54.97,0.1
701662,2,24/12/2025,26/12/2025,27/12/2025,CUST-145,SKU-1018,WH-01,62,62,66.93,0.05
701662,3,24/12/2025,26/12/2025,27/12/2025,CUST-145,SKU-1010,WH-01,25,25,75.49,0.1
701663,1,25/12/2025,27/12/2025,27/12/2025,CUST-150,SKU-1020,WH-03,93,93,72.1,0.05
701664,1,25/12/2025,30/12/2025,30/12/2025,CUST-155,SKU-1017,WH-03,125,125,44.62,0
701664,2,25/12/2025,30/12/2025,30/12/2025,CUST-155,SKU-1002,WH-03,62,62,54.08,0
701665,1,25/12/2025,30/12/2025,31/12/2025,CUST-105,SKU-1011,WH-04,25,25,39.0,0
701665,2,25/12/2025,30/12/2025,31/12/2025,CUST-105,SKU-1007,WH-04,93,93,66.6,0.125
701665,3,25/12/2025,30/12/2025,31/12/2025,CUST-105,SKU-1016,WH-04,93,93,19.18,0.125
701666,1,25/12/2025,28/12/2025,27/12/2025,CUST-101,SKU-1023,WH-02,12,12,19.51,0.05
701666,2,25/12/2025,28/12/2025,27/12/2025,CUST-101,SKU-1016,WH-02,25,25,19.18,0.05
701666,3,25/12/2025,28/12/2025,27/12/2025,CUST-101,SKU-1019,WH-02,93,93,68.25,0
701667,1,25/12/2025,28/12/2025,27/12/2025,CUST-124,SKU-1001,WH-01,93,93,59.63,0.1
701667,2,25/12/2025,28/12/2025,27/12/2025,CUST-124,SKU-1012,WH-01,125,125,54.11,0.05
701667,3,25/12/2025,28/12/2025,27/12/2025,CUST-124,SKU-1017,WH-01,93,93,44.62,0
701667,4,25/12/2025,28/12/2025,27/12/2025,CUST-124,SKU-1010,WH-01,31,25,75.49,0.1
701668,1,25/12/2025,30/12/2025,04/01/2026,CUST-119,SKU-1017,WH-02,12,12,44.62,0.1
701668,2,25/12/2025,30/12/2025,04/01/2026,CUST-119,SKU-1024,WH-02,31,31,68.06,0.1
701669,1,25/12/2025,30/12/2025,29/12/2025,CUST-155,SKU-1005,WH-01,187,187,77.98,0
701670,1,26/12/2025,28/12/2025,02/01/2026,CUST-128,SKU-1001,WH-02,187,112,59.63,0.125
701670,2,26/12/2025,28/12/2025,02/01/2026,CUST-128,SKU-1003,WH-02,25,25,52.5,0
701670,3,26/12/2025,28/12/2025,02/01/2026,CUST-128,SKU-1020,WH-02,62,37,72.1,0.05
701671,1,26/12/2025,30/12/2025,04/01/2026,CUST-107,SKU-1001,WH-02,12,12,59.63,0
701671,2,26/12/2025,30/12/2025,04/01/2026,CUST-107,SKU-1022,WH-02,125,125,11.23,0.125
701671,3,26/12/2025,30/12/2025,04/01/2026,CUST-107,SKU-1018,WH-02,12,12,66.93,0
701672,1,26/12/2025,29/12/2025,03/01/2026,CUST-157,SKU-1010,WH-03,93,37,75.49,0
701673,1,26/12/2025,29/12/2025,28/12/2025,CUST-113,SKU-1024,WH-01,31,31,68.06,0.05
701673,2,26/12/2025,29/12/2025,28/12/2025,CUST-113,SKU-1021,WH-01,62,62,50.68,0.125
701673,3,26/12/2025,29/12/2025,28/12/2025,CUST-113,SKU-1006,WH-01,12,12,54.97,0.125
701674,1,29/12/2025,01/01/2026,31/12/2025,CUST-115,SKU-1009,WH-02,62,50,32.15,0
701675,1,29/12/2025,01/01/2026,06/01/2026,CUST-110,SKU-1015,WH-01,12,12,27.45,0.05
701675,2,29/12/2025,01/01/2026,06/01/2026,CUST-110,SKU-1015,WH-01,25,25,27.45,0.05
701676,1,29/12/2025,02/01/2026,07/01/2026,CUST-118,SKU-1024,WH-02,12,12,68.06,0
701677,1,29/12/2025,01/01/2026,31/12/2025,CUST-154,SKU-1021,WH-02,187,187,50.68,0.1
701677,2,29/12/2025,01/01/2026,31/12/2025,CUST-154,SKU-1015,WH-02,31,31,27.45,0.05
701677,3,29/12/2025,01/01/2026,31/12/2025,CUST-154,SKU-1014,WH-02,125,125,100.88,0.1
701678,1,29/12/2025,01/01/2026,06/01/2026,CUST-131,SKU-1017,WH-03,25,25,44.62,0
701678,2,29/12/2025,01/01/2026,06/01/2026,CUST-131,SKU-1005,WH-03,31,31,77.98,0
701678,3,29/12/2025,01/01/2026,06/01/2026,CUST-131,SKU-1014,WH-03,31,31,100.88,0.05
701678,4,29/12/2025,01/01/2026,06/01/2026,CUST-131,SKU-1017,WH-03,187,187,44.62,0.125
701679,1,29/12/2025,01/01/2026,31/12/2025,CUST-113,SKU-1009,WH-01,12,12,32.15,0
701679,2,29/12/2025,01/01/2026,31/12/2025,CUST-113,SKU-1021,WH-01,62,62,50.68,0
701679,3,29/12/2025,01/01/2026,31/12/2025,CUST-113,SKU-1018,WH-01,125,125,66.93,0.1
701679,4,29/12/2025,01/01/2026,31/12/2025,CUST-113,SKU-1013,WH-01,25,25,75.26,0.05
701680,1,29/12/2025,01/01/2026,03/01/2026,CUST-147,SKU-1010,WH-01,12,12,75.49,0.1
701680,2,29/12/2025,01/01/2026,03/01/2026,CUST-147,SKU-1009,WH-01,31,31,32.15,0
701680,3,29/12/2025,01/01/2026,03/01/2026,CUST-147,SKU-1018,WH-01,12,12,66.93,0
701681,1,29/12/2025,01/01/2026,31/12/2025,CUST-136,SKU-1008,WH-01,125,125,12.26,0
701681,2,29/12/2025,01/01/2026,31/12/2025,CUST-136,SKU-1005,WH-01,62,56,77.98,0.1
701681,3,29/12/2025,01/01/2026,31/12/2025,CUST-136,SKU-1022,WH-01,93,93,11.23,0.05
701682,1,29/12/2025,05/01/2026,04/01/2026,CUST-104,SKU-1010,WH-03,187,187,75.49,0
701682,2,29/12/2025,05/01/2026,04/01/2026,CUST-104,SKU-1015,WH-03,62,62,27.45,0.05
701682,3,29/12/2025,05/01/2026,04/01/2026,CUST-104,SKU-1009,WH-03,125,125,32.15,0
701682,4,29/12/2025,05/01/2026,04/01/2026,CUST-104,SKU-1022,WH-03,187,187,11.23,0.05
701683,1,30/12/2025,02/01/2026,01/01/2026,CUST-114,SKU-1002,WH-03,12,12,54.08,0.05
701683,2,30/12/2025,02/01/2026,01/01/2026,CUST-114,SKU-1016,WH-03,62,62,19.18,0
701683,3,30/12/2025,02/01/2026,01/01/2026,CUST-114,SKU-1002,WH-03,62,62,54.08,0
701683,4,30/12/2025,02/01/2026,01/01/2026,CUST-114,SKU-1018,WH-03,12,12,66.93,0.1
701684,1,30/12/2025,02/01/2026,01/01/2026,CUST-142,SKU-1021,WH-01,125,125,50.68,0.1
701685,1,30/12/2025,03/01/2026,03/01/2026,CUST-145,SKU-1013,WH-01,187,187,75.26,0
701685,2,30/12/2025,03/01/2026,03/01/2026,CUST-145,SKU-1002,WH-01,93,93,54.08,0
701685,3,30/12/2025,03/01/2026,03/01/2026,CUST-145,SKU-1017,WH-01,125,125,44.62,0.125
701685,4,30/12/2025,03/01/2026,03/01/2026,CUST-145,SKU-1010,WH-01,187,187,75.49,0
701686,1,30/12/2025,03/01/2026,03/01/2026,CUST-115,SKU-1019,WH-04,187,187,68.25,0
701687,1,30/12/2025,02/01/2026,02/01/2026,CUST-130,SKU-1013,WH-01,62,56,75.26,0
701688,1,31/12/2025,07/01/2026,07/01/2026,CUST-155,SKU-1008,WH-02,31,31,12.26,0.05
701688,2,31/12/2025,07/01/2026,07/01/2026,CUST-155,SKU-1018,WH-02,62,50,66.93,0
701688,3,31/12/2025,07/01/2026,07/01/2026,CUST-155,SKU-1013,WH-02,187,187,75.26,0.05
701688,4,31/12/2025,07/01/2026,07/01/2026,CUST-155,SKU-1004,WH-02,93,93,44.52,0
701689,1,31/12/2025,03/01/2026,02/01/2026,CUST-137,SKU-1019,WH-03,25,25,68.25,0.1
701689,2,31/12/2025,03/01/2026,02/01/2026,CUST-137,SKU-1022,WH-03,12,12,11.23,0.05
701689,3,31/12/2025,03/01/2026,02/01/2026,CUST-137,SKU-1015,WH-03,62,62,27.45,0.1
701690,1,31/12/2025,03/01/2026,02/01/2026,CUST-154,SKU-1006,WH-04,31,31,54.97,0
701691,1,31/12/2025,03/01/2026,02/01/2026,CUST-109,SKU-1009,WH-01,31,31,32.15,0
701691,2,31/12/2025,03/01/2026,02/01/2026,CUST-109,SKU-1010,WH-01,12,12,75.49,0.05
701691,3,31/12/2025,03/01/2026,02/01/2026,CUST-109,SKU-1011,WH-01,187,187,39.0,0.125
701692,1,31/12/2025,03/01/2026,02/01/2026,CUST-160,SKU-1010,WH-02,125,112,75.49,0
700002,1,01/01/2025,04/01/2025,06/01/2025,CUST-141,SKU-1006,WH-02,75,75,54.97,0.1
