PONumber,LineNumber,SupplierID,SKU,WarehouseID,OrderDate,PromisedDate,ReceivedDate,QtyOrdered,QtyReceived
90001,1,SUP-02,SKU-1001,WH-03,06/01/2025,20/01/2025,20/01/2025,500,500
90001,2,SUP-02,SKU-1019,WH-04,06/01/2025,20/01/2025,20/01/2025,2000,2000
90001,3,SUP-02,SKU-1013,WH-02,06/01/2025,20/01/2025,20/01/2025,1500,1350
90002,1,SUP-04,SKU-1003,WH-03,06/01/2025,03/02/2025,05/02/2025,2000,2000
90002,2,SUP-04,SKU-1021,WH-02,06/01/2025,03/02/2025,05/02/2025,500,500
90003,1,SUP-04,SKU-1009,WH-01,06/01/2025,03/02/2025,03/02/2025,500,250
90003,2,SUP-04,SKU-1021,WH-04,06/01/2025,03/02/2025,03/02/2025,2000,2000
90004,1,SUP-05,SKU-1010,WH-03,06/01/2025,27/01/2025,27/01/2025,2000,2000
90004,2,SUP-05,SKU-1016,WH-03,06/01/2025,27/01/2025,27/01/2025,1000,1000
90004,3,SUP-05,SKU-1004,WH-01,06/01/2025,27/01/2025,27/01/2025,1000,900
90005,1,SUP-03,SKU-1020,WH-04,06/01/2025,16/01/2025,16/01/2025,1000,1000
90005,2,SUP-03,SKU-1008,WH-01,06/01/2025,16/01/2025,16/01/2025,1500,1500
90005,3,SUP-03,SKU-1002,WH-03,06/01/2025,16/01/2025,16/01/2025,500,500
90006,1,SUP-06,SKU-1005,WH-02,06/01/2025,20/02/2025,20/02/2025,2000,1500
90007,1,SUP-02,SKU-1001,WH-04,06/01/2025,20/01/2025,20/01/2025,2000,2000
90008,1,SUP-01,SKU-1006,WH-04,06/01/2025,13/01/2025,13/01/2025,1000,1000
90008,2,SUP-01,SKU-1024,WH-04,06/01/2025,13/01/2025,13/01/2025,500,500
90009,1,SUP-06,SKU-1023,WH-04,06/01/2025,20/02/2025,20/02/2025,1500,1500
90009,2,SUP-06,SKU-1023,WH-02,06/01/2025,20/02/2025,20/02/2025,2000,2000
90009,3,SUP-06,SKU-1017,WH-01,06/01/2025,20/02/2025,20/02/2025,1000,1000
90010,1,SUP-03,SKU-1020,WH-01,13/01/2025,23/01/2025,23/01/2025,500,500
90011,1,SUP-05,SKU-1022,WH-04,13/01/2025,03/02/2025,10/02/2025,2000,2000
90011,2,SUP-05,SKU-1010,WH-02,13/01/2025,03/02/2025,10/02/2025,1500,1500
90011,3,SUP-05,SKU-1004,WH-01,13/01/2025,03/02/2025,10/02/2025,500,500
90012,1,SUP-03,SKU-1014,WH-04,13/01/2025,23/01/2025,23/01/2025,1500,1500
90012,2,SUP-03,SKU-1020,WH-02,13/01/2025,23/01/2025,23/01/2025,1000,1000
90013,1,SUP-02,SKU-1019,WH-02,13/01/2025,27/01/2025,27/01/2025,1500,1500
90013,2,SUP-02,SKU-1001,WH-01,13/01/2025,27/01/2025,27/01/2025,500,500
90014,1,SUP-04,SKU-1015,WH-03,13/01/2025,10/02/2025,10/02/2025,2000,2000
90014,2,SUP-04,SKU-1003,WH-04,13/01/2025,10/02/2025,10/02/2025,1000,1000
90015,1,SUP-06,SKU-1005,WH-03,13/01/2025,27/02/2025,27/02/2025,2000,2000
90015,2,SUP-06,SKU-1023,WH-01,13/01/2025,27/02/2025,27/02/2025,1000,1000
90016,1,SUP-01,SKU-1024,WH-01,13/01/2025,20/01/2025,20/01/2025,1000,1000
90016,2,SUP-01,SKU-1012,WH-02,13/01/2025,20/01/2025,20/01/2025,1500,1500
90017,1,SUP-02,SKU-1013,WH-02,13/01/2025,27/01/2025,27/01/2025,500,250
90018,1,SUP-04,SKU-1003,WH-04,13/01/2025,10/02/2025,10/02/2025,2000,2000
90019,1,SUP-03,SKU-1020,WH-02,13/01/2025,23/01/2025,23/01/2025,1000,750
90019,2,SUP-03,SKU-1002,WH-02,13/01/2025,23/01/2025,23/01/2025,1000,1000
90019,3,SUP-03,SKU-1014,WH-03,13/01/2025,23/01/2025,23/01/2025,1500,1500
90020,1,SUP-01,SKU-1024,WH-02,20/01/2025,27/01/2025,27/01/2025,1500,1500
90020,2,SUP-01,SKU-1012,WH-04,20/01/2025,27/01/2025,27/01/2025,2000,2000
90021,1,SUP-02,SKU-1013,WH-03,20/01/2025,03/02/2025,03/02/2025,500,500
90021,2,SUP-02,SKU-1013,WH-02,20/01/2025,03/02/2025,03/02/2025,500,500
90021,3,SUP-02,SKU-1019,WH-02,20/01/2025,03/02/2025,03/02/2025,500,500
90022,1,SUP-02,SKU-1013,WH-03,20/01/2025,03/02/2025,03/02/2025,2000,2000
90022,2,SUP-02,SKU-1019,WH-03,20/01/2025,03/02/2025,03/02/2025,2000,2000
90023,1,SUP-05,SKU-1022,WH-01,20/01/2025,10/02/2025,10/02/2025,500,375
90024,1,SUP-05,SKU-1004,WH-02,20/01/2025,10/02/2025,10/02/2025,500,450
90024,2,SUP-05,SKU-1016,WH-01,20/01/2025,10/02/2025,10/02/2025,1000,500
90025,1,SUP-04,SKU-1021,WH-01,20/01/2025,17/02/2025,19/02/2025,1500,1500
90026,1,SUP-03,SKU-1014,WH-01,20/01/2025,30/01/2025,30/01/2025,500,500
90027,1,SUP-05,SKU-1022,WH-01,20/01/2025,10/02/2025,10/02/2025,1500,1500
90027,2,SUP-05,SKU-1022,WH-02,20/01/2025,10/02/2025,10/02/2025,500,500
90027,3,SUP-05,SKU-1016,WH-03,20/01/2025,10/02/2025,10/02/2025,500,250
90028,1,SUP-02,SKU-1001,WH-02,20/01/2025,03/02/2025,03/02/2025,1000,1000
90029,1,SUP-04,SKU-1009,WH-02,20/01/2025,17/02/2025,17/02/2025,2000,2000
90029,2,SUP-04,SKU-1003,WH-01,20/01/2025,17/02/2025,17/02/2025,500,500
90029,3,SUP-04,SKU-1021,WH-03,20/01/2025,17/02/2025,17/02/2025,1500,1500
90030,1,SUP-05,SKU-1010,WH-04,27/01/2025,17/02/2025,17/02/2025,2000,2000
90030,2,SUP-05,SKU-1010,WH-02,27/01/2025,17/02/2025,17/02/2025,1000,1000
90031,1,SUP-01,SKU-1006,WH-03,27/01/2025,03/02/2025,03/02/2025,500,500
90031,2,SUP-01,SKU-1024,WH-01,27/01/2025,03/02/2025,03/02/2025,2000,2000
90032,1,SUP-01,SKU-1024,WH-02,27/01/2025,03/02/2025,03/02/2025,1500,1500
90032,2,SUP-01,SKU-1006,WH-02,27/01/2025,03/02/2025,03/02/2025,1000,1000
90033,1,SUP-05,SKU-1010,WH-01,27/01/2025,17/02/2025,17/02/2025,500,375
90033,2,SUP-05,SKU-1022,WH-03,27/01/2025,17/02/2025,17/02/2025,500,500
90034,1,SUP-03,SKU-1020,WH-03,27/01/2025,06/02/2025,06/02/2025,500,500
90034,2,SUP-03,SKU-1008,WH-01,27/01/2025,06/02/2025,06/02/2025,1000,1000
90034,3,SUP-03,SKU-1014,WH-04,27/01/2025,06/02/2025,06/02/2025,2000,2000
90035,1,SUP-03,SKU-1008,WH-04,27/01/2025,06/02/2025,06/02/2025,500,450
90036,1,SUP-06,SKU-1017,WH-04,27/01/2025,13/03/2025,15/03/2025,500,500
90036,2,SUP-06,SKU-1011,WH-01,27/01/2025,13/03/2025,15/03/2025,1500,1500
90036,3,SUP-06,SKU-1023,WH-03,27/01/2025,13/03/2025,15/03/2025,500,500
90037,1,SUP-05,SKU-1016,WH-04,27/01/2025,17/02/2025,17/02/2025,1000,1000
90037,2,SUP-05,SKU-1022,WH-03,27/01/2025,17/02/2025,17/02/2025,2000,2000
90038,1,SUP-05,SKU-1010,WH-04,27/01/2025,17/02/2025,17/02/2025,1500,1500
90039,1,SUP-03,SKU-1002,WH-01,03/02/2025,13/02/2025,13/02/2025,1000,1000
90039,2,SUP-03,SKU-1020,WH-03,03/02/2025,13/02/2025,13/02/2025,500,500
90039,3,SUP-03,SKU-1008,WH-04,03/02/2025,13/02/2025,13/02/2025,1000,1000
90040,1,SUP-02,SKU-1001,WH-03,03/02/2025,17/02/2025,17/02/2025,2000,2000
90040,2,SUP-02,SKU-1013,WH-01,03/02/2025,17/02/2025,17/02/2025,1000,750
90040,3,SUP-02,SKU-1013,WH-03,03/02/2025,17/02/2025,17/02/2025,500,500
90041,1,SUP-04,SKU-1009,WH-01,03/02/2025,03/03/2025,03/03/2025,1000,1000
90041,2,SUP-04,SKU-1021,WH-04,03/02/2025,03/03/2025,03/03/2025,1500,1500
90041,3,SUP-04,SKU-1003,WH-01,03/02/2025,03/03/2025,03/03/2025,2000,2000
90042,1,SUP-01,SKU-1006,WH-02,03/02/2025,10/02/2025,10/02/2025,1500,1500
90042,2,SUP-01,SKU-1012,WH-04,03/02/2025,10/02/2025,10/02/2025,1000,900
90043,1,SUP-04,SKU-1015,WH-01,03/02/2025,03/03/2025,03/03/2025,2000,1500
90043,2,SUP-04,SKU-1021,WH-01,03/02/2025,03/03/2025,03/03/2025,2000,2000
90044,1,SUP-02,SKU-1007,WH-01,03/02/2025,17/02/2025,17/02/2025,1000,1000
90044,2,SUP-02,SKU-1019,WH-04,03/02/2025,17/02/2025,17/02/2025,1500,1500
90045,1,SUP-04,SKU-1009,WH-03,03/02/2025,03/03/2025,03/03/2025,1000,1000
90045,2,SUP-04,SKU-1003,WH-02,03/02/2025,03/03/2025,03/03/2025,2000,2000
90046,1,SUP-02,SKU-1001,WH-04,03/02/2025,17/02/2025,17/02/2025,1500,1500
90046,2,SUP-02,SKU-1001,WH-04,03/02/2025,17/02/2025,17/02/2025,2000,2000
90046,3,SUP-02,SKU-1007,WH-04,03/02/2025,17/02/2025,17/02/2025,2000,2000
90047,1,SUP-05,SKU-1022,WH-04,03/02/2025,24/02/2025,24/02/2025,500,500
90047,2,SUP-05,SKU-1022,WH-04,03/02/2025,24/02/2025,24/02/2025,500,500
90047,3,SUP-05,SKU-1010,WH-04,03/02/2025,24/02/2025,24/02/2025,2000,2000
90048,1,SUP-02,SKU-1013,WH-01,03/02/2025,17/02/2025,01/03/2025,1500,1500
90049,1,SUP-05,SKU-1016,WH-02,03/02/2025,24/02/2025,24/02/2025,1500,1350
90050,1,SUP-01,SKU-1006,WH-04,03/02/2025,10/02/2025,10/02/2025,1500,750
90050,2,SUP-01,SKU-1024,WH-04,03/02/2025,10/02/2025,10/02/2025,1000,1000
90051,1,SUP-06,SKU-1005,WH-02,10/02/2025,27/03/2025,27/03/2025,1000,1000
90051,2,SUP-06,SKU-1023,WH-04,10/02/2025,27/03/2025,27/03/2025,500,500
90051,3,SUP-06,SKU-1017,WH-02,10/02/2025,27/03/2025,27/03/2025,1500,1500
90052,1,SUP-03,SKU-1008,WH-02,10/02/2025,20/02/2025,20/02/2025,1500,1500
90052,2,SUP-03,SKU-1008,WH-01,10/02/2025,20/02/2025,20/02/2025,1000,1000
90052,3,SUP-03,SKU-1008,WH-02,10/02/2025,20/02/2025,20/02/2025,1500,1500
90053,1,SUP-06,SKU-1023,WH-02,10/02/2025,27/03/2025,31/03/2025,2000,2000
90053,2,SUP-06,SKU-1005,WH-03,10/02/2025,27/03/2025,31/03/2025,1500,1500
90053,3,SUP-06,SKU-1017,WH-04,10/02/2025,27/03/2025,31/03/2025,1000,900
90054,1,SUP-02,SKU-1013,WH-01,10/02/2025,24/02/2025,24/02/2025,1000,1000
90054,2,SUP-02,SKU-1007,WH-01,10/02/2025,24/02/2025,24/02/2025,2000,2000
90054,3,SUP-02,SKU-1013,WH-04,10/02/2025,24/02/2025,24/02/2025,1000,1000
90055,1,SUP-04,SKU-1021,WH-01,10/02/2025,10/03/2025,10/03/2025,500,500
90056,1,SUP-06,SKU-1005,WH-01,10/02/2025,27/03/2025,31/03/2025,1500,1500
90056,2,SUP-06,SKU-1011,WH-01,10/02/2025,27/03/2025,31/03/2025,1500,1500
90056,3,SUP-06,SKU-1017,WH-01,10/02/2025,27/03/2025,31/03/2025,2000,2000
90057,1,SUP-05,SKU-1016,WH-03,17/02/2025,10/03/2025,10/03/2025,2000,2000
90057,2,SUP-05,SKU-1016,WH-04,17/02/2025,10/03/2025,10/03/2025,2000,2000
90057,3,SUP-05,SKU-1016,WH-02,17/02/2025,10/03/2025,10/03/2025,500,500
90058,1,SUP-01,SKU-1024,WH-04,17/02/2025,24/02/2025,24/02/2025,500,500
90058,2,SUP-01,SKU-1012,WH-02,17/02/2025,24/02/2025,24/02/2025,500,500
90058,3,SUP-01,SKU-1006,WH-03,17/02/2025,24/02/2025,24/02/2025,2000,2000
90059,1,SUP-04,SKU-1015,WH-02,17/02/2025,17/03/2025,17/03/2025,500,500
90060,1,SUP-02,SKU-1007,WH-01,17/02/2025,03/03/2025,03/03/2025,1000,1000
90060,2,SUP-02,SKU-1013,WH-02,17/02/2025,03/03/2025,03/03/2025,1500,1500
90061,1,SUP-06,SKU-1005,WH-01,17/02/2025,03/04/2025,03/04/2025,1000,1000
90061,2,SUP-06,SKU-1005,WH-02,17/02/2025,03/04/2025,03/04/2025,1500,1500
90061,3,SUP-06,SKU-1005,WH-03,17/02/2025,03/04/2025,03/04/2025,1000,1000
90062,1,SUP-02,SKU-1013,WH-03,17/02/2025,03/03/2025,03/03/2025,1000,900
90062,2,SUP-02,SKU-1007,WH-04,17/02/2025,03/03/2025,03/03/2025,2000,2000
90063,1,SUP-03,SKU-1020,WH-02,17/02/2025,27/02/2025,27/02/2025,1000,1000
90063,2,SUP-03,SKU-1020,WH-01,17/02/2025,27/02/2025,27/02/2025,500,500
90064,1,SUP-04,SKU-1015,WH-02,17/02/2025,17/03/2025,18/03/2025,1500,1500
90065,1,SUP-05,SKU-1022,WH-04,17/02/2025,10/03/2025,10/03/2025,500,500
90065,2,SUP-05,SKU-1022,WH-01,17/02/2025,10/03/2025,10/03/2025,2000,2000
90065,3,SUP-05,SKU-1016,WH-02,17/02/2025,10/03/2025,10/03/2025,1000,1000
90066,1,SUP-01,SKU-1006,WH-02,17/02/2025,24/02/2025,24/02/2025,1000,900
90066,2,SUP-01,SKU-1006,WH-01,17/02/2025,24/02/2025,24/02/2025,2000,2000
90066,3,SUP-01,SKU-1018,WH-01,17/02/2025,24/02/2025,24/02/2025,2000,2000
90067,1,SUP-01,SKU-1012,WH-04,17/02/2025,24/02/2025,24/02/2025,1000,1000
90067,2,SUP-01,SKU-1006,WH-02,17/02/2025,24/02/2025,24/02/2025,2000,2000
90068,1,SUP-03,SKU-1020,WH-03,17/02/2025,27/02/2025,27/02/2025,1500,1500
90069,1,SUP-04,SKU-1003,WH-04,24/02/2025,24/03/2025,24/03/2025,2000,2000
90069,2,SUP-04,SKU-1021,WH-02,24/02/2025,24/03/2025,24/03/2025,2000,1800
90069,3,SUP-04,SKU-1021,WH-04,24/02/2025,24/03/2025,24/03/2025,1500,1500
90070,1,SUP-05,SKU-1022,WH-04,24/02/2025,17/03/2025,29/03/2025,500,500
90071,1,SUP-04,SKU-1015,WH-02,24/02/2025,24/03/2025,31/03/2025,500,500
90071,2,SUP-04,SKU-1021,WH-01,24/02/2025,24/03/2025,31/03/2025,2000,2000
90071,3,SUP-04,SKU-1015,WH-02,24/02/2025,24/03/2025,31/03/2025,2000,2000
90072,1,SUP-05,SKU-1016,WH-01,24/02/2025,17/03/2025,17/03/2025,1000,1000
90072,2,SUP-05,SKU-1022,WH-02,24/02/2025,17/03/2025,17/03/2025,1500,1500
90072,3,SUP-05,SKU-1022,WH-03,24/02/2025,17/03/2025,17/03/2025,500,500
90073,1,SUP-01,SKU-1012,WH-02,24/02/2025,03/03/2025,03/03/2025,1500,1500
90073,2,SUP-01,SKU-1006,WH-03,24/02/2025,03/03/2025,03/03/2025,2000,2000
90073,3,SUP-01,SKU-1006,WH-01,24/02/2025,03/03/2025,03/03/2025,2000,1500
90074,1,SUP-03,SKU-1002,WH-03,24/02/2025,06/03/2025,06/03/2025,500,375
90075,1,SUP-05,SKU-1004,WH-03,24/02/2025,17/03/2025,17/03/2025,500,500
90075,2,SUP-05,SKU-1010,WH-02,24/02/2025,17/03/2025,17/03/2025,2000,2000
90075,3,SUP-05,SKU-1022,WH-04,24/02/2025,17/03/2025,17/03/2025,2000,2000
90076,1,SUP-03,SKU-1014,WH-03,24/02/2025,06/03/2025,06/03/2025,500,450
90077,1,SUP-05,SKU-1016,WH-01,24/02/2025,17/03/2025,17/03/2025,1500,1500
90077,2,SUP-05,SKU-1004,WH-02,24/02/2025,17/03/2025,17/03/2025,1500,1500
90077,3,SUP-05,SKU-1010,WH-04,24/02/2025,17/03/2025,17/03/2025,1500,1500
90078,1,SUP-03,SKU-1002,WH-03,03/03/2025,13/03/2025,13/03/2025,1000,500
90078,2,SUP-03,SKU-1020,WH-04,03/03/2025,13/03/2025,13/03/2025,1500,1500
90079,1,SUP-06,SKU-1011,WH-02,03/03/2025,17/04/2025,17/04/2025,500,500
90079,2,SUP-06,SKU-1017,WH-04,03/03/2025,17/04/2025,17/04/2025,1500,1500
90079,3,SUP-06,SKU-1011,WH-01,03/03/2025,17/04/2025,17/04/2025,2000,2000
90080,1,SUP-04,SKU-1009,WH-04,03/03/2025,31/03/2025,01/04/2025,2000,2000
90081,1,SUP-04,SKU-1009,WH-04,03/03/2025,31/03/2025,02/04/2025,500,500
90081,2,SUP-04,SKU-1009,WH-03,03/03/2025,31/03/2025,02/04/2025,500,450
90082,1,SUP-04,SKU-1003,WH-01,03/03/2025,31/03/2025,31/03/2025,1500,1500
90082,2,SUP-04,SKU-1015,WH-03,03/03/2025,31/03/2025,31/03/2025,1500,1500
90082,3,SUP-04,SKU-1015,WH-01,03/03/2025,31/03/2025,31/03/2025,1000,1000
90083,1,SUP-03,SKU-1008,WH-04,03/03/2025,13/03/2025,13/03/2025,1500,1500
90083,2,SUP-03,SKU-1020,WH-03,03/03/2025,13/03/2025,13/03/2025,500,500
90084,1,SUP-05,SKU-1010,WH-03,03/03/2025,24/03/2025,24/03/2025,500,250
90084,2,SUP-05,SKU-1004,WH-02,03/03/2025,24/03/2025,24/03/2025,500,500
90084,3,SUP-05,SKU-1022,WH-04,03/03/2025,24/03/2025,24/03/2025,500,450
90085,1,SUP-01,SKU-1024,WH-02,03/03/2025,10/03/2025,10/03/2025,2000,2000
90085,2,SUP-01,SKU-1024,WH-01,03/03/2025,10/03/2025,10/03/2025,2000,2000
90085,3,SUP-01,SKU-1024,WH-02,03/03/2025,10/03/2025,10/03/2025,2000,1000
90086,1,SUP-04,SKU-1021,WH-02,03/03/2025,31/03/2025,04/04/2025,1500,1500
90087,1,SUP-03,SKU-1008,WH-04,03/03/2025,13/03/2025,20/03/2025,1000,750
90088,1,SUP-05,SKU-1016,WH-04,03/03/2025,24/03/2025,24/03/2025,500,500
90088,2,SUP-05,SKU-1022,WH-03,03/03/2025,24/03/2025,24/03/2025,2000,2000
90089,1,SUP-04,SKU-1015,WH-04,03/03/2025,31/03/2025,02/04/2025,1500,1500
90089,2,SUP-04,SKU-1009,WH-03,03/03/2025,31/03/2025,02/04/2025,1000,1000
90089,3,SUP-04,SKU-1009,WH-04,03/03/2025,31/03/2025,02/04/2025,500,500
90090,1,SUP-05,SKU-1004,WH-01,10/03/2025,31/03/2025,31/03/2025,500,500
90090,2,SUP-05,SKU-1010,WH-01,10/03/2025,31/03/2025,31/03/2025,1500,750
90091,1,SUP-03,SKU-1014,WH-01,10/03/2025,20/03/2025,20/03/2025,1000,1000
90091,2,SUP-03,SKU-1008,WH-01,10/03/2025,20/03/2025,20/03/2025,500,500
90092,1,SUP-02,SKU-1019,WH-04,10/03/2025,24/03/2025,24/03/2025,2000,2000
90092,2,SUP-02,SKU-1019,WH-04,10/03/2025,24/03/2025,24/03/2025,1500,1500
90093,1,SUP-01,SKU-1024,WH-01,10/03/2025,17/03/2025,19/03/2025,2000,2000
90093,2,SUP-01,SKU-1006,WH-01,10/03/2025,17/03/2025,19/03/2025,500,500
90094,1,SUP-02,SKU-1019,WH-03,10/03/2025,24/03/2025,24/03/2025,1000,1000
90094,2,SUP-02,SKU-1001,WH-02,10/03/2025,24/03/2025,24/03/2025,2000,2000
90095,1,SUP-04,SKU-1021,WH-03,10/03/2025,07/04/2025,14/04/2025,1000,1000
90096,1,SUP-04,SKU-1021,WH-04,10/03/2025,07/04/2025,07/04/2025,1000,1000
90097,1,SUP-02,SKU-1007,WH-03,17/03/2025,31/03/2025,31/03/2025,500,500
90097,2,SUP-02,SKU-1013,WH-04,17/03/2025,31/03/2025,31/03/2025,500,500
90098,1,SUP-05,SKU-1016,WH-03,17/03/2025,07/04/2025,07/04/2025,1500,1500
90099,1,SUP-02,SKU-1019,WH-04,17/03/2025,31/03/2025,31/03/2025,1000,1000
90100,1,SUP-06,SKU-1005,WH-01,17/03/2025,01/05/2025,13/05/2025,1000,1000
90100,2,SUP-06,SKU-1011,WH-02,17/03/2025,01/05/2025,13/05/2025,1000,900
90100,3,SUP-06,SKU-1011,WH-02,17/03/2025,01/05/2025,13/05/2025,500,500
90101,1,SUP-01,SKU-1018,WH-01,17/03/2025,24/03/2025,24/03/2025,1000,1000
90102,1,SUP-02,SKU-1007,WH-03,17/03/2025,31/03/2025,31/03/2025,1500,1500
90103,1,SUP-01,SKU-1012,WH-02,17/03/2025,24/03/2025,24/03/2025,1500,1500
90103,2,SUP-01,SKU-1012,WH-04,17/03/2025,24/03/2025,24/03/2025,500,500
90104,1,SUP-06,SKU-1005,WH-01,17/03/2025,01/05/2025,01/05/2025,1500,1500
90104,2,SUP-06,SKU-1011,WH-04,17/03/2025,01/05/2025,01/05/2025,1000,500
90105,1,SUP-06,SKU-1011,WH-02,17/03/2025,01/05/2025,08/05/2025,2000,2000
90106,1,SUP-06,SKU-1023,WH-04,24/03/2025,08/05/2025,15/05/2025,2000,2000
90106,2,SUP-06,SKU-1011,WH-02,24/03/2025,08/05/2025,15/05/2025,500,500
90106,3,SUP-06,SKU-1005,WH-04,24/03/2025,08/05/2025,15/05/2025,2000,2000
90107,1,SUP-05,SKU-1010,WH-04,24/03/2025,14/04/2025,14/04/2025,1500,1500
90107,2,SUP-05,SKU-1004,WH-03,24/03/2025,14/04/2025,14/04/2025,500,500
90107,3,SUP-05,SKU-1022,WH-01,24/03/2025,14/04/2025,14/04/2025,2000,1500
90108,1,SUP-04,SKU-1003,WH-01,24/03/2025,21/04/2025,21/04/2025,1000,900
90109,1,SUP-01,SKU-1006,WH-04,24/03/2025,31/03/2025,31/03/2025,500,500
90109,2,SUP-01,SKU-1006,WH-03,24/03/2025,31/03/2025,31/03/2025,1500,1500
90110,1,SUP-02,SKU-1019,WH-02,24/03/2025,07/04/2025,07/04/2025,1500,1500
90111,1,SUP-06,SKU-1023,WH-01,24/03/2025,08/05/2025,08/05/2025,1000,1000
90111,2,SUP-06,SKU-1005,WH-02,24/03/2025,08/05/2025,08/05/2025,1000,500
90112,1,SUP-04,SKU-1003,WH-02,24/03/2025,21/04/2025,22/04/2025,2000,1000
90113,1,SUP-02,SKU-1001,WH-02,31/03/2025,14/04/2025,14/04/2025,1500,1500
90113,2,SUP-02,SKU-1013,WH-01,31/03/2025,14/04/2025,14/04/2025,1500,1500
90114,1,SUP-03,SKU-1002,WH-01,31/03/2025,10/04/2025,22/04/2025,2000,2000
90114,2,SUP-03,SKU-1014,WH-02,31/03/2025,10/04/2025,22/04/2025,2000,2000
90114,3,SUP-03,SKU-1014,WH-01,31/03/2025,10/04/2025,22/04/2025,500,500
90115,1,SUP-03,SKU-1002,WH-01,31/03/2025,10/04/2025,10/04/2025,2000,2000
90115,2,SUP-03,SKU-1008,WH-04,31/03/2025,10/04/2025,10/04/2025,1500,1500
90115,3,SUP-03,SKU-1020,WH-04,31/03/2025,10/04/2025,10/04/2025,500,500
90116,1,SUP-04,SKU-1009,WH-01,31/03/2025,28/04/2025,28/04/2025,1500,1500
90116,2,SUP-04,SKU-1009,WH-04,31/03/2025,28/04/2025,28/04/2025,500,500
90117,1,SUP-04,SKU-1015,WH-04,31/03/2025,28/04/2025,28/04/2025,500,500
90118,1,SUP-01,SKU-1012,WH-04,31/03/2025,07/04/2025,09/04/2025,2000,1800
90119,1,SUP-02,SKU-1007,WH-01,31/03/2025,14/04/2025,14/04/2025,2000,2000
90119,2,SUP-02,SKU-1007,WH-02,31/03/2025,14/04/2025,14/04/2025,1000,1000
90119,3,SUP-02,SKU-1019,WH-04,31/03/2025,14/04/2025,14/04/2025,1500,1500
90120,1,SUP-01,SKU-1024,WH-04,31/03/2025,07/04/2025,11/04/2025,2000,2000
90120,2,SUP-01,SKU-1006,WH-02,31/03/2025,07/04/2025,11/04/2025,1000,1000
90120,3,SUP-01,SKU-1018,WH-02,31/03/2025,07/04/2025,11/04/2025,2000,2000
90121,1,SUP-04,SKU-1009,WH-04,31/03/2025,28/04/2025,28/04/2025,1000,1000
90121,2,SUP-04,SKU-1003,WH-03,31/03/2025,28/04/2025,28/04/2025,500,500
90122,1,SUP-02,SKU-1019,WH-03,31/03/2025,14/04/2025,14/04/2025,1000,1000
90122,2,SUP-02,SKU-1019,WH-03,31/03/2025,14/04/2025,14/04/2025,2000,2000
90123,1,SUP-05,SKU-1004,WH-04,07/04/2025,28/04/2025,28/04/2025,1500,1500
90123,2,SUP-05,SKU-1010,WH-03,07/04/2025,28/04/2025,28/04/2025,1000,900
90124,1,SUP-03,SKU-1014,WH-02,07/04/2025,17/04/2025,17/04/2025,1500,1500
90125,1,SUP-02,SKU-1019,WH-02,07/04/2025,21/04/2025,21/04/2025,2000,2000
90125,2,SUP-02,SKU-1019,WH-03,07/04/2025,21/04/2025,21/04/2025,1000,1000
90126,1,SUP-02,SKU-1013,WH-01,07/04/2025,21/04/2025,23/04/2025,500,250
90126,2,SUP-02,SKU-1019,WH-01,07/04/2025,21/04/2025,23/04/2025,2000,2000
90127,1,SUP-06,SKU-1011,WH-03,07/04/2025,22/05/2025,22/05/2025,2000,2000
90127,2,SUP-06,SKU-1005,WH-01,07/04/2025,22/05/2025,22/05/2025,1000,1000
90128,1,SUP-03,SKU-1014,WH-04,07/04/2025,17/04/2025,17/04/2025,2000,2000
90128,2,SUP-03,SKU-1002,WH-02,07/04/2025,17/04/2025,17/04/2025,1000,900
90128,3,SUP-03,SKU-1008,WH-03,07/04/2025,17/04/2025,17/04/2025,500,500
90129,1,SUP-04,SKU-1009,WH-04,07/04/2025,05/05/2025,05/05/2025,1500,1500
90130,1,SUP-04,SKU-1009,WH-01,07/04/2025,05/05/2025,12/05/2025,1000,1000
90130,2,SUP-04,SKU-1009,WH-03,07/04/2025,05/05/2025,12/05/2025,2000,2000
90131,1,SUP-04,SKU-1015,WH-01,07/04/2025,05/05/2025,09/05/2025,500,500
90131,2,SUP-04,SKU-1015,WH-01,07/04/2025,05/05/2025,09/05/2025,1000,1000
90132,1,SUP-03,SKU-1008,WH-03,14/04/2025,24/04/2025,24/04/2025,1000,1000
90133,1,SUP-04,SKU-1003,WH-03,14/04/2025,12/05/2025,12/05/2025,500,500
90134,1,SUP-03,SKU-1002,WH-03,14/04/2025,24/04/2025,24/04/2025,1500,1500
90134,2,SUP-03,SKU-1002,WH-02,14/04/2025,24/04/2025,24/04/2025,2000,1800
90135,1,SUP-05,SKU-1004,WH-03,14/04/2025,05/05/2025,05/05/2025,500,500
90135,2,SUP-05,SKU-1016,WH-02,14/04/2025,05/05/2025,05/05/2025,500,375
90135,3,SUP-05,SKU-1016,WH-03,14/04/2025,05/05/2025,05/05/2025,1500,1500
90136,1,SUP-01,SKU-1018,WH-03,14/04/2025,21/04/2025,21/04/2025,1500,1500
90136,2,SUP-01,SKU-1024,WH-01,14/04/2025,21/04/2025,21/04/2025,2000,2000
90136,3,SUP-01,SKU-1006,WH-01,14/04/2025,21/04/2025,21/04/2025,1500,1500
90137,1,SUP-06,SKU-1005,WH-02,14/04/2025,29/05/2025,30/05/2025,1500,750
90137,2,SUP-06,SKU-1011,WH-01,14/04/2025,29/05/2025,30/05/2025,500,500
90137,3,SUP-06,SKU-1023,WH-03,14/04/2025,29/05/2025,30/05/2025,1500,1500
90138,1,SUP-02,SKU-1013,WH-02,14/04/2025,28/04/2025,28/04/2025,2000,2000
90139,1,SUP-01,SKU-1006,WH-01,14/04/2025,21/04/2025,21/04/2025,1000,1000
90140,1,SUP-02,SKU-1019,WH-02,14/04/2025,28/04/2025,28/04/2025,500,250
90140,2,SUP-02,SKU-1019,WH-01,14/04/2025,28/04/2025,28/04/2025,1000,1000
90141,1,SUP-04,SKU-1015,WH-04,14/04/2025,12/05/2025,24/05/2025,1500,1500
90141,2,SUP-04,SKU-1003,WH-01,14/04/2025,12/05/2025,24/05/2025,1000,1000
90142,1,SUP-02,SKU-1019,WH-04,21/04/2025,05/05/2025,12/05/2025,1500,1500
90142,2,SUP-02,SKU-1001,WH-01,21/04/2025,05/05/2025,12/05/2025,1500,1500
90143,1,SUP-03,SKU-1002,WH-04,21/04/2025,01/05/2025,01/05/2025,2000,1500
90143,2,SUP-03,SKU-1014,WH-03,21/04/2025,01/05/2025,01/05/2025,1000,1000
90144,1,SUP-05,SKU-1010,WH-03,21/04/2025,12/05/2025,12/05/2025,2000,2000
90144,2,SUP-05,SKU-1016,WH-01,21/04/2025,12/05/2025,12/05/2025,1000,1000
90145,1,SUP-05,SKU-1010,WH-04,21/04/2025,12/05/2025,16/05/2025,1000,1000
90145,2,SUP-05,SKU-1010,WH-03,21/04/2025,12/05/2025,16/05/2025,1000,1000
90145,3,SUP-05,SKU-1004,WH-03,21/04/2025,12/05/2025,16/05/2025,1000,1000
90146,1,SUP-02,SKU-1001,WH-03,21/04/2025,05/05/2025,05/05/2025,2000,2000
90146,2,SUP-02,SKU-1007,WH-03,21/04/2025,05/05/2025,05/05/2025,500,500
90147,1,SUP-02,SKU-1013,WH-03,21/04/2025,05/05/2025,05/05/2025,2000,2000
90147,2,SUP-02,SKU-1019,WH-01,21/04/2025,05/05/2025,05/05/2025,500,500
90148,1,SUP-06,SKU-1011,WH-04,28/04/2025,12/06/2025,12/06/2025,2000,2000
90148,2,SUP-06,SKU-1023,WH-01,28/04/2025,12/06/2025,12/06/2025,500,500
90148,3,SUP-06,SKU-1023,WH-02,28/04/2025,12/06/2025,12/06/2025,1000,500
90149,1,SUP-04,SKU-1003,WH-01,28/04/2025,26/05/2025,26/05/2025,500,500
90149,2,SUP-04,SKU-1003,WH-03,28/04/2025,26/05/2025,26/05/2025,1000,1000
90149,3,SUP-04,SKU-1003,WH-04,28/04/2025,26/05/2025,26/05/2025,1500,1500
90150,1,SUP-05,SKU-1022,WH-04,28/04/2025,19/05/2025,31/05/2025,2000,2000
90151,1,SUP-05,SKU-1004,WH-02,28/04/2025,19/05/2025,21/05/2025,2000,2000
90151,2,SUP-05,SKU-1004,WH-04,28/04/2025,19/05/2025,21/05/2025,2000,2000
90152,1,SUP-02,SKU-1007,WH-03,28/04/2025,12/05/2025,12/05/2025,1000,1000
90152,2,SUP-02,SKU-1019,WH-03,28/04/2025,12/05/2025,12/05/2025,2000,2000
90152,3,SUP-02,SKU-1001,WH-01,28/04/2025,12/05/2025,12/05/2025,1500,1500
90153,1,SUP-05,SKU-1022,WH-02,28/04/2025,19/05/2025,20/05/2025,1500,1500
90153,2,SUP-05,SKU-1010,WH-03,28/04/2025,19/05/2025,20/05/2025,1000,1000
90153,3,SUP-05,SKU-1016,WH-03,28/04/2025,19/05/2025,20/05/2025,500,500
90154,1,SUP-06,SKU-1011,WH-01,28/04/2025,12/06/2025,19/06/2025,1500,1500
90154,2,SUP-06,SKU-1005,WH-02,28/04/2025,12/06/2025,19/06/2025,1500,1500
90154,3,SUP-06,SKU-1005,WH-04,28/04/2025,12/06/2025,19/06/2025,500,500
90155,1,SUP-02,SKU-1013,WH-03,28/04/2025,12/05/2025,12/05/2025,2000,2000
90155,2,SUP-02,SKU-1001,WH-02,28/04/2025,12/05/2025,12/05/2025,1500,1500
90155,3,SUP-02,SKU-1013,WH-02,28/04/2025,12/05/2025,12/05/2025,2000,2000
90156,1,SUP-06,SKU-1005,WH-02,28/04/2025,12/06/2025,12/06/2025,500,500
90156,2,SUP-06,SKU-1005,WH-01,28/04/2025,12/06/2025,12/06/2025,2000,2000
90157,1,SUP-01,SKU-1024,WH-04,28/04/2025,05/05/2025,05/05/2025,500,500
90157,2,SUP-01,SKU-1018,WH-02,28/04/2025,05/05/2025,05/05/2025,1500,1500
90157,3,SUP-01,SKU-1024,WH-04,28/04/2025,05/05/2025,05/05/2025,1500,1500
90158,1,SUP-04,SKU-1015,WH-04,05/05/2025,02/06/2025,04/06/2025,500,500
90158,2,SUP-04,SKU-1003,WH-02,05/05/2025,02/06/2025,04/06/2025,500,375
90158,3,SUP-04,SKU-1015,WH-02,05/05/2025,02/06/2025,04/06/2025,1000,1000
90159,1,SUP-03,SKU-1020,WH-04,05/05/2025,15/05/2025,15/05/2025,2000,1800
90159,2,SUP-03,SKU-1014,WH-02,05/05/2025,15/05/2025,15/05/2025,500,500
90160,1,SUP-03,SKU-1002,WH-04,05/05/2025,15/05/2025,15/05/2025,1500,1500
90160,2,SUP-03,SKU-1008,WH-02,05/05/2025,15/05/2025,15/05/2025,2000,2000
90160,3,SUP-03,SKU-1002,WH-01,05/05/2025,15/05/2025,15/05/2025,1500,1500
90161,1,SUP-06,SKU-1023,WH-02,05/05/2025,19/06/2025,19/06/2025,2000,2000
90161,2,SUP-06,SKU-1005,WH-04,05/05/2025,19/06/2025,19/06/2025,1500,1500
90161,3,SUP-06,SKU-1011,WH-04,05/05/2025,19/06/2025,19/06/2025,1500,1125
90162,1,SUP-05,SKU-1004,WH-03,05/05/2025,26/05/2025,26/05/2025,1500,1500
90162,2,SUP-05,SKU-1010,WH-01,05/05/2025,26/05/2025,26/05/2025,500,500
90162,3,SUP-05,SKU-1022,WH-03,05/05/2025,26/05/2025,26/05/2025,500,500
90163,1,SUP-03,SKU-1020,WH-04,05/05/2025,15/05/2025,15/05/2025,1500,1125
90163,2,SUP-03,SKU-1008,WH-02,05/05/2025,15/05/2025,15/05/2025,1500,1500
90163,3,SUP-03,SKU-1002,WH-01,05/05/2025,15/05/2025,15/05/2025,1000,900
90164,1,SUP-06,SKU-1017,WH-04,05/05/2025,19/06/2025,23/06/2025,2000,2000
90164,2,SUP-06,SKU-1005,WH-01,05/05/2025,19/06/2025,23/06/2025,1500,1500
90165,1,SUP-04,SKU-1009,WH-03,05/05/2025,02/06/2025,02/06/2025,2000,2000
90166,1,SUP-02,SKU-1001,WH-01,12/05/2025,26/05/2025,26/05/2025,500,500
90166,2,SUP-02,SKU-1001,WH-01,12/05/2025,26/05/2025,26/05/2025,1500,1500
90166,3,SUP-02,SKU-1019,WH-03,12/05/2025,26/05/2025,26/05/2025,1000,1000
90167,1,SUP-03,SKU-1008,WH-04,12/05/2025,22/05/2025,22/05/2025,500,500
90167,2,SUP-03,SKU-1020,WH-02,12/05/2025,22/05/2025,22/05/2025,500,500
90168,1,SUP-06,SKU-1005,WH-01,12/05/2025,26/06/2025,26/06/2025,2000,2000
90168,2,SUP-06,SKU-1011,WH-01,12/05/2025,26/06/2025,26/06/2025,1500,1500
90169,1,SUP-02,SKU-1007,WH-03,12/05/2025,26/05/2025,26/05/2025,1500,1500
90169,2,SUP-02,SKU-1001,WH-01,12/05/2025,26/05/2025,26/05/2025,500,500
90169,3,SUP-02,SKU-1007,WH-01,12/05/2025,26/05/2025,26/05/2025,1000,1000
90170,1,SUP-02,SKU-1019,WH-01,12/05/2025,26/05/2025,26/05/2025,2000,2000
90170,2,SUP-02,SKU-1013,WH-01,12/05/2025,26/05/2025,26/05/2025,500,500
90170,3,SUP-02,SKU-1013,WH-02,12/05/2025,26/05/2025,26/05/2025,1500,1500
90171,1,SUP-03,SKU-1020,WH-01,12/05/2025,22/05/2025,22/05/2025,2000,2000
90172,1,SUP-01,SKU-1018,WH-01,12/05/2025,19/05/2025,19/05/2025,1000,500
90172,2,SUP-01,SKU-1024,WH-01,12/05/2025,19/05/2025,19/05/2025,2000,2000
90173,1,SUP-05,SKU-1022,WH-02,12/05/2025,02/06/2025,02/06/2025,2000,2000
90173,2,SUP-05,SKU-1004,WH-01,12/05/2025,02/06/2025,02/06/2025,500,375
90173,3,SUP-05,SKU-1016,WH-03,12/05/2025,02/06/2025,02/06/2025,1000,1000
90174,1,SUP-01,SKU-1018,WH-02,12/05/2025,19/05/2025,19/05/2025,1500,1500
90174,2,SUP-01,SKU-1018,WH-04,12/05/2025,19/05/2025,19/05/2025,500,500
90174,3,SUP-01,SKU-1018,WH-04,12/05/2025,19/05/2025,19/05/2025,1000,500
90175,1,SUP-05,SKU-1016,WH-01,19/05/2025,09/06/2025,09/06/2025,2000,2000
90175,2,SUP-05,SKU-1004,WH-04,19/05/2025,09/06/2025,09/06/2025,2000,2000
90175,3,SUP-05,SKU-1016,WH-01,19/05/2025,09/06/2025,09/06/2025,2000,2000
90176,1,SUP-04,SKU-1021,WH-04,19/05/2025,16/06/2025,28/06/2025,1500,1500
90176,2,SUP-04,SKU-1003,WH-01,19/05/2025,16/06/2025,28/06/2025,500,500
90177,1,SUP-02,SKU-1013,WH-04,19/05/2025,02/06/2025,02/06/2025,1000,1000
90177,2,SUP-02,SKU-1013,WH-02,19/05/2025,02/06/2025,02/06/2025,2000,2000
90178,1,SUP-06,SKU-1005,WH-04,19/05/2025,03/07/2025,04/07/2025,2000,2000
90178,2,SUP-06,SKU-1005,WH-03,19/05/2025,03/07/2025,04/07/2025,500,500
90179,1,SUP-05,SKU-1010,WH-02,19/05/2025,09/06/2025,09/06/2025,1000,1000
90180,1,SUP-05,SKU-1010,WH-04,19/05/2025,09/06/2025,09/06/2025,500,500
90181,1,SUP-05,SKU-1022,WH-01,19/05/2025,09/06/2025,09/06/2025,1000,1000
90181,2,SUP-05,SKU-1022,WH-04,19/05/2025,09/06/2025,09/06/2025,1000,1000
90182,1,SUP-04,SKU-1009,WH-02,19/05/2025,16/06/2025,16/06/2025,500,500
90182,2,SUP-04,SKU-1015,WH-02,19/05/2025,16/06/2025,16/06/2025,500,500
90183,1,SUP-03,SKU-1008,WH-04,26/05/2025,05/06/2025,05/06/2025,1000,1000
90183,2,SUP-03,SKU-1002,WH-01,26/05/2025,05/06/2025,05/06/2025,2000,2000
90183,3,SUP-03,SKU-1014,WH-01,26/05/2025,05/06/2025,05/06/2025,500,500
90184,1,SUP-02,SKU-1019,WH-04,26/05/2025,09/06/2025,09/06/2025,1000,1000
90184,2,SUP-02,SKU-1019,WH-03,26/05/2025,09/06/2025,09/06/2025,2000,1800
90184,3,SUP-02,SKU-1013,WH-02,26/05/2025,09/06/2025,09/06/2025,2000,2000
90185,1,SUP-06,SKU-1005,WH-03,26/05/2025,10/07/2025,17/07/2025,2000,2000
90186,1,SUP-06,SKU-1011,WH-01,26/05/2025,10/07/2025,10/07/2025,1500,1500
90186,2,SUP-06,SKU-1005,WH-04,26/05/2025,10/07/2025,10/07/2025,2000,2000
90187,1,SUP-04,SKU-1021,WH-04,26/05/2025,23/06/2025,05/07/2025,1500,1500
90188,1,SUP-05,SKU-1004,WH-01,26/05/2025,16/06/2025,23/06/2025,500,450
90188,2,SUP-05,SKU-1010,WH-02,26/05/2025,16/06/2025,23/06/2025,1500,1125
90188,3,SUP-05,SKU-1004,WH-01,26/05/2025,16/06/2025,23/06/2025,2000,2000
90189,1,SUP-02,SKU-1001,WH-02,26/05/2025,09/06/2025,09/06/2025,1000,900
90189,2,SUP-02,SKU-1007,WH-01,26/05/2025,09/06/2025,09/06/2025,2000,2000
90189,3,SUP-02,SKU-1019,WH-03,26/05/2025,09/06/2025,09/06/2025,2000,2000
90190,1,SUP-02,SKU-1007,WH-04,26/05/2025,09/06/2025,09/06/2025,2000,2000
90191,1,SUP-02,SKU-1013,WH-04,26/05/2025,09/06/2025,09/06/2025,500,500
90191,2,SUP-02,SKU-1019,WH-04,26/05/2025,09/06/2025,09/06/2025,1500,1500
90192,1,SUP-04,SKU-1015,WH-04,26/05/2025,23/06/2025,23/06/2025,1000,750
90192,2,SUP-04,SKU-1009,WH-03,26/05/2025,23/06/2025,23/06/2025,2000,2000
90192,3,SUP-04,SKU-1003,WH-04,26/05/2025,23/06/2025,23/06/2025,2000,2000
90193,1,SUP-05,SKU-1010,WH-01,26/05/2025,16/06/2025,16/06/2025,2000,2000
90193,2,SUP-05,SKU-1022,WH-04,26/05/2025,16/06/2025,16/06/2025,1000,1000
90194,1,SUP-06,SKU-1011,WH-03,02/06/2025,17/07/2025,29/07/2025,1500,1500
90194,2,SUP-06,SKU-1017,WH-03,02/06/2025,17/07/2025,29/07/2025,1000,1000
90195,1,SUP-01,SKU-1018,WH-02,02/06/2025,09/06/2025,09/06/2025,500,500
90196,1,SUP-04,SKU-1015,WH-02,02/06/2025,30/06/2025,30/06/2025,1500,1500
90196,2,SUP-04,SKU-1015,WH-03,02/06/2025,30/06/2025,30/06/2025,1000,1000
90196,3,SUP-04,SKU-1015,WH-02,02/06/2025,30/06/2025,30/06/2025,500,500
90197,1,SUP-03,SKU-1020,WH-01,02/06/2025,12/06/2025,14/06/2025,2000,2000
90197,2,SUP-03,SKU-1008,WH-04,02/06/2025,12/06/2025,14/06/2025,1000,1000
90198,1,SUP-03,SKU-1020,WH-04,02/06/2025,12/06/2025,12/06/2025,2000,2000
90198,2,SUP-03,SKU-1002,WH-01,02/06/2025,12/06/2025,12/06/2025,2000,2000
90199,1,SUP-02,SKU-1007,WH-02,02/06/2025,16/06/2025,16/06/2025,500,500
90200,1,SUP-01,SKU-1012,WH-02,02/06/2025,09/06/2025,09/06/2025,1500,1500
90201,1,SUP-06,SKU-1023,WH-03,09/06/2025,24/07/2025,28/07/2025,1000,1000
90201,2,SUP-06,SKU-1023,WH-03,09/06/2025,24/07/2025,28/07/2025,1500,1500
90202,1,SUP-05,SKU-1004,WH-04,09/06/2025,30/06/2025,30/06/2025,500,500
90203,1,SUP-05,SKU-1022,WH-02,09/06/2025,30/06/2025,30/06/2025,1500,1500
90203,2,SUP-05,SKU-1010,WH-04,09/06/2025,30/06/2025,30/06/2025,500,500
90204,1,SUP-01,SKU-1024,WH-01,09/06/2025,16/06/2025,16/06/2025,500,500
90204,2,SUP-01,SKU-1018,WH-03,09/06/2025,16/06/2025,16/06/2025,1500,1500
90204,3,SUP-01,SKU-1012,WH-01,09/06/2025,16/06/2025,16/06/2025,1500,1500
90205,1,SUP-01,SKU-1012,WH-02,09/06/2025,16/06/2025,16/06/2025,500,500
90205,2,SUP-01,SKU-1018,WH-01,09/06/2025,16/06/2025,16/06/2025,1000,1000
90205,3,SUP-01,SKU-1024,WH-03,09/06/2025,16/06/2025,16/06/2025,1500,1500
90206,1,SUP-02,SKU-1001,WH-04,09/06/2025,23/06/2025,23/06/2025,2000,2000
90206,2,SUP-02,SKU-1007,WH-03,09/06/2025,23/06/2025,23/06/2025,1500,1500
90206,3,SUP-02,SKU-1001,WH-04,09/06/2025,23/06/2025,23/06/2025,500,375
90207,1,SUP-03,SKU-1020,WH-01,09/06/2025,19/06/2025,19/06/2025,1500,1500
90207,2,SUP-03,SKU-1002,WH-03,09/06/2025,19/06/2025,19/06/2025,1500,1500
90207,3,SUP-03,SKU-1020,WH-01,09/06/2025,19/06/2025,19/06/2025,2000,2000
90208,1,SUP-03,SKU-1014,WH-04,09/06/2025,19/06/2025,19/06/2025,1000,500
90208,2,SUP-03,SKU-1008,WH-02,09/06/2025,19/06/2025,19/06/2025,1500,1125
90209,1,SUP-05,SKU-1016,WH-01,16/06/2025,07/07/2025,14/07/2025,2000,2000
90209,2,SUP-05,SKU-1016,WH-04,16/06/2025,07/07/2025,14/07/2025,1500,1500
90209,3,SUP-05,SKU-1010,WH-02,16/06/2025,07/07/2025,14/07/2025,2000,2000
90210,1,SUP-05,SKU-1016,WH-01,16/06/2025,07/07/2025,07/07/2025,1000,1000
90211,1,SUP-01,SKU-1006,WH-03,16/06/2025,23/06/2025,23/06/2025,500,500
90212,1,SUP-03,SKU-1014,WH-03,16/06/2025,26/06/2025,26/06/2025,1500,1500
90212,2,SUP-03,SKU-1014,WH-03,16/06/2025,26/06/2025,26/06/2025,2000,2000
90212,3,SUP-03,SKU-1020,WH-04,16/06/2025,26/06/2025,26/06/2025,2000,2000
90213,1,SUP-03,SKU-1002,WH-01,16/06/2025,26/06/2025,26/06/2025,500,500
90213,2,SUP-03,SKU-1020,WH-01,16/06/2025,26/06/2025,26/06/2025,1000,1000
90213,3,SUP-03,SKU-1020,WH-04,16/06/2025,26/06/2025,26/06/2025,2000,2000
90214,1,SUP-01,SKU-1006,WH-03,16/06/2025,23/06/2025,23/06/2025,500,500
90214,2,SUP-01,SKU-1024,WH-03,16/06/2025,23/06/2025,23/06/2025,500,500
90215,1,SUP-02,SKU-1001,WH-04,16/06/2025,30/06/2025,01/07/2025,1000,1000
90216,1,SUP-03,SKU-1020,WH-02,16/06/2025,26/06/2025,26/06/2025,500,500
90217,1,SUP-04,SKU-1021,WH-02,16/06/2025,14/07/2025,14/07/2025,1000,1000
90217,2,SUP-04,SKU-1009,WH-01,16/06/2025,14/07/2025,14/07/2025,2000,2000
90217,3,SUP-04,SKU-1009,WH-01,16/06/2025,14/07/2025,14/07/2025,1500,1500
90218,1,SUP-03,SKU-1002,WH-02,23/06/2025,03/07/2025,03/07/2025,2000,2000
90218,2,SUP-03,SKU-1014,WH-01,23/06/2025,03/07/2025,03/07/2025,500,500
90219,1,SUP-05,SKU-1016,WH-03,23/06/2025,14/07/2025,14/07/2025,1500,1500
90219,2,SUP-05,SKU-1004,WH-02,23/06/2025,14/07/2025,14/07/2025,2000,2000
90219,3,SUP-05,SKU-1016,WH-01,23/06/2025,14/07/2025,14/07/2025,500,250
90220,1,SUP-06,SKU-1011,WH-02,23/06/2025,07/08/2025,14/08/2025,2000,2000
90221,1,SUP-04,SKU-1003,WH-04,23/06/2025,21/07/2025,02/08/2025,1000,1000
90221,2,SUP-04,SKU-1015,WH-01,23/06/2025,21/07/2025,02/08/2025,1500,1125
90222,1,SUP-01,SKU-1012,WH-04,23/06/2025,30/06/2025,30/06/2025,2000,2000
90223,1,SUP-06,SKU-1023,WH-03,23/06/2025,07/08/2025,07/08/2025,1000,1000
90223,2,SUP-06,SKU-1005,WH-03,23/06/2025,07/08/2025,07/08/2025,1000,1000
90224,1,SUP-04,SKU-1009,WH-03,23/06/2025,21/07/2025,21/07/2025,1500,750
90224,2,SUP-04,SKU-1009,WH-01,23/06/2025,21/07/2025,21/07/2025,500,500
90225,1,SUP-05,SKU-1004,WH-01,30/06/2025,21/07/2025,21/07/2025,1000,1000
90225,2,SUP-05,SKU-1022,WH-04,30/06/2025,21/07/2025,21/07/2025,1500,1500
90226,1,SUP-05,SKU-1004,WH-01,30/06/2025,21/07/2025,21/07/2025,1000,1000
90227,1,SUP-02,SKU-1019,WH-02,30/06/2025,14/07/2025,14/07/2025,1000,1000
90227,2,SUP-02,SKU-1019,WH-02,30/06/2025,14/07/2025,14/07/2025,2000,2000
90228,1,SUP-05,SKU-1004,WH-01,30/06/2025,21/07/2025,21/07/2025,2000,2000
90228,2,SUP-05,SKU-1004,WH-01,30/06/2025,21/07/2025,21/07/2025,1000,750
90228,3,SUP-05,SKU-1016,WH-02,30/06/2025,21/07/2025,21/07/2025,2000,2000
90229,1,SUP-06,SKU-1011,WH-02,30/06/2025,14/08/2025,14/08/2025,1000,1000
90229,2,SUP-06,SKU-1023,WH-03,30/06/2025,14/08/2025,14/08/2025,1000,900
90230,1,SUP-01,SKU-1018,WH-02,30/06/2025,07/07/2025,07/07/2025,1000,750
90231,1,SUP-04,SKU-1021,WH-04,30/06/2025,28/07/2025,28/07/2025,500,500
90232,1,SUP-06,SKU-1011,WH-03,07/07/2025,21/08/2025,22/08/2025,1500,1500
90232,2,SUP-06,SKU-1011,WH-01,07/07/2025,21/08/2025,22/08/2025,1500,1500
90233,1,SUP-04,SKU-1009,WH-04,07/07/2025,04/08/2025,16/08/2025,1000,750
90233,2,SUP-04,SKU-1003,WH-03,07/07/2025,04/08/2025,16/08/2025,2000,2000
90234,1,SUP-01,SKU-1006,WH-04,07/07/2025,14/07/2025,14/07/2025,500,500
90234,2,SUP-01,SKU-1024,WH-03,07/07/2025,14/07/2025,14/07/2025,1000,1000
90234,3,SUP-01,SKU-1018,WH-04,07/07/2025,14/07/2025,14/07/2025,1500,1500
90235,1,SUP-04,SKU-1009,WH-03,07/07/2025,04/08/2025,16/08/2025,1000,500
90235,2,SUP-04,SKU-1009,WH-02,07/07/2025,04/08/2025,16/08/2025,1500,1500
90236,1,SUP-05,SKU-1022,WH-02,07/07/2025,28/07/2025,28/07/2025,500,500
90236,2,SUP-05,SKU-1004,WH-01,07/07/2025,28/07/2025,28/07/2025,500,500
90237,1,SUP-02,SKU-1019,WH-04,07/07/2025,21/07/2025,23/07/2025,1000,1000
90237,2,SUP-02,SKU-1019,WH-02,07/07/2025,21/07/2025,23/07/2025,1000,1000
90238,1,SUP-05,SKU-1004,WH-03,07/07/2025,28/07/2025,30/07/2025,2000,2000
90239,1,SUP-06,SKU-1023,WH-04,14/07/2025,28/08/2025,29/08/2025,500,500
90239,2,SUP-06,SKU-1005,WH-04,14/07/2025,28/08/2025,29/08/2025,1500,1500
90239,3,SUP-06,SKU-1023,WH-01,14/07/2025,28/08/2025,29/08/2025,1500,1500
90240,1,SUP-01,SKU-1012,WH-01,14/07/2025,21/07/2025,21/07/2025,500,500
90240,2,SUP-01,SKU-1012,WH-04,14/07/2025,21/07/2025,21/07/2025,1500,1500
90240,3,SUP-01,SKU-1006,WH-01,14/07/2025,21/07/2025,21/07/2025,500,500
90241,1,SUP-02,SKU-1007,WH-02,14/07/2025,28/07/2025,28/07/2025,2000,2000
90241,2,SUP-02,SKU-1019,WH-03,14/07/2025,28/07/2025,28/07/2025,1500,1500
90241,3,SUP-02,SKU-1019,WH-03,14/07/2025,28/07/2025,28/07/2025,500,500
90242,1,SUP-05,SKU-1010,WH-03,14/07/2025,04/08/2025,04/08/2025,2000,1800
90242,2,SUP-05,SKU-1016,WH-04,14/07/2025,04/08/2025,04/08/2025,1000,1000
90243,1,SUP-03,SKU-1008,WH-03,14/07/2025,24/07/2025,24/07/2025,500,500
90243,2,SUP-03,SKU-1008,WH-01,14/07/2025,24/07/2025,24/07/2025,1000,1000
90244,1,SUP-01,SKU-1018,WH-02,14/07/2025,21/07/2025,21/07/2025,1000,1000
90244,2,SUP-01,SKU-1006,WH-01,14/07/2025,21/07/2025,21/07/2025,1500,1500
90244,3,SUP-01,SKU-1006,WH-03,14/07/2025,21/07/2025,21/07/2025,1000,1000
90245,1,SUP-04,SKU-1003,WH-03,14/07/2025,11/08/2025,11/08/2025,2000,2000
90245,2,SUP-04,SKU-1015,WH-03,14/07/2025,11/08/2025,11/08/2025,2000,1500
90245,3,SUP-04,SKU-1003,WH-04,14/07/2025,11/08/2025,11/08/2025,500,250
90246,1,SUP-02,SKU-1007,WH-02,21/07/2025,04/08/2025,04/08/2025,2000,2000
90247,1,SUP-05,SKU-1004,WH-04,21/07/2025,11/08/2025,11/08/2025,1500,1500
90248,1,SUP-04,SKU-1021,WH-04,21/07/2025,18/08/2025,30/08/2025,1500,1500
90248,2,SUP-04,SKU-1021,WH-02,21/07/2025,18/08/2025,30/08/2025,1000,750
90248,3,SUP-04,SKU-1009,WH-03,21/07/2025,18/08/2025,30/08/2025,1500,1500
90249,1,SUP-02,SKU-1019,WH-01,21/07/2025,04/08/2025,04/08/2025,2000,2000
90249,2,SUP-02,SKU-1007,WH-01,21/07/2025,04/08/2025,04/08/2025,2000,2000
90250,1,SUP-03,SKU-1014,WH-01,21/07/2025,31/07/2025,31/07/2025,1500,1500
90250,2,SUP-03,SKU-1002,WH-03,21/07/2025,31/07/2025,31/07/2025,1500,1500
90250,3,SUP-03,SKU-1020,WH-04,21/07/2025,31/07/2025,31/07/2025,500,500
90251,1,SUP-01,SKU-1018,WH-04,21/07/2025,28/07/2025,28/07/2025,1000,1000
90252,1,SUP-03,SKU-1014,WH-02,21/07/2025,31/07/2025,31/07/2025,500,500
90252,2,SUP-03,SKU-1014,WH-02,21/07/2025,31/07/2025,31/07/2025,500,500
90252,3,SUP-03,SKU-1008,WH-03,21/07/2025,31/07/2025,31/07/2025,1500,1500
90253,1,SUP-02,SKU-1007,WH-04,28/07/2025,11/08/2025,11/08/2025,2000,2000
90253,2,SUP-02,SKU-1013,WH-01,28/07/2025,11/08/2025,11/08/2025,500,500
90254,1,SUP-01,SKU-1024,WH-02,28/07/2025,04/08/2025,04/08/2025,1000,1000
90255,1,SUP-06,SKU-1005,WH-04,28/07/2025,11/09/2025,18/09/2025,1500,1500
90255,2,SUP-06,SKU-1005,WH-03,28/07/2025,11/09/2025,18/09/2025,500,500
90255,3,SUP-06,SKU-1011,WH-02,28/07/2025,11/09/2025,18/09/2025,500,500
90256,1,SUP-06,SKU-1023,WH-04,28/07/2025,11/09/2025,11/09/2025,1000,1000
90257,1,SUP-01,SKU-1012,WH-04,28/07/2025,04/08/2025,04/08/2025,1000,1000
90257,2,SUP-01,SKU-1018,WH-01,28/07/2025,04/08/2025,04/08/2025,1000,1000
90258,1,SUP-04,SKU-1015,WH-04,28/07/2025,25/08/2025,26/08/2025,1500,1500
90259,1,SUP-03,SKU-1020,WH-02,28/07/2025,07/08/2025,07/08/2025,1500,1350
90260,1,SUP-04,SKU-1021,WH-02,28/07/2025,25/08/2025,29/08/2025,2000,2000
90260,2,SUP-04,SKU-1009,WH-01,28/07/2025,25/08/2025,29/08/2025,500,500
90261,1,SUP-06,SKU-1017,WH-01,28/07/2025,11/09/2025,11/09/2025,2000,2000
90262,1,SUP-06,SKU-1017,WH-03,28/07/2025,11/09/2025,11/09/2025,1500,1500
90263,1,SUP-05,SKU-1010,WH-01,04/08/2025,25/08/2025,25/08/2025,1500,1500
90263,2,SUP-05,SKU-1022,WH-03,04/08/2025,25/08/2025,25/08/2025,1500,1500
90263,3,SUP-05,SKU-1010,WH-02,04/08/2025,25/08/2025,25/08/2025,500,500
90264,1,SUP-02,SKU-1019,WH-03,04/08/2025,18/08/2025,18/08/2025,2000,2000
90264,2,SUP-02,SKU-1019,WH-01,04/08/2025,18/08/2025,18/08/2025,2000,2000
90264,3,SUP-02,SKU-1001,WH-03,04/08/2025,18/08/2025,18/08/2025,2000,1500
90265,1,SUP-01,SKU-1018,WH-04,04/08/2025,11/08/2025,11/08/2025,1500,750
90265,2,SUP-01,SKU-1024,WH-01,04/08/2025,11/08/2025,11/08/2025,500,500
90265,3,SUP-01,SKU-1018,WH-04,04/08/2025,11/08/2025,11/08/2025,1500,1500
90266,1,SUP-05,SKU-1004,WH-04,04/08/2025,25/08/2025,25/08/2025,2000,2000
90266,2,SUP-05,SKU-1010,WH-01,04/08/2025,25/08/2025,25/08/2025,2000,1800
90267,1,SUP-03,SKU-1002,WH-03,04/08/2025,14/08/2025,14/08/2025,500,250
90267,2,SUP-03,SKU-1008,WH-04,04/08/2025,14/08/2025,14/08/2025,500,500
90267,3,SUP-03,SKU-1020,WH-01,04/08/2025,14/08/2025,14/08/2025,2000,2000
90268,1,SUP-02,SKU-1007,WH-01,04/08/2025,18/08/2025,18/08/2025,1000,900
90269,1,SUP-02,SKU-1001,WH-04,04/08/2025,18/08/2025,18/08/2025,2000,2000
90269,2,SUP-02,SKU-1007,WH-02,04/08/2025,18/08/2025,18/08/2025,500,500
90269,3,SUP-02,SKU-1007,WH-01,04/08/2025,18/08/2025,18/08/2025,2000,2000
90270,1,SUP-02,SKU-1007,WH-01,04/08/2025,18/08/2025,18/08/2025,1500,1500
90271,1,SUP-04,SKU-1009,WH-04,04/08/2025,01/09/2025,01/09/2025,2000,2000
90271,2,SUP-04,SKU-1021,WH-03,04/08/2025,01/09/2025,01/09/2025,1000,1000
90271,3,SUP-04,SKU-1009,WH-02,04/08/2025,01/09/2025,01/09/2025,2000,2000
90272,1,SUP-04,SKU-1003,WH-04,11/08/2025,08/09/2025,08/09/2025,1000,900
90272,2,SUP-04,SKU-1021,WH-03,11/08/2025,08/09/2025,08/09/2025,500,500
90273,1,SUP-02,SKU-1019,WH-03,11/08/2025,25/08/2025,01/09/2025,2000,2000
90274,1,SUP-06,SKU-1023,WH-03,11/08/2025,25/09/2025,02/10/2025,2000,1500
90274,2,SUP-06,SKU-1005,WH-03,11/08/2025,25/09/2025,02/10/2025,500,500
90274,3,SUP-06,SKU-1023,WH-03,11/08/2025,25/09/2025,02/10/2025,2000,2000
90275,1,SUP-04,SKU-1021,WH-03,11/08/2025,08/09/2025,08/09/2025,500,500
90275,2,SUP-04,SKU-1003,WH-04,11/08/2025,08/09/2025,08/09/2025,2000,2000
90276,1,SUP-05,SKU-1016,WH-01,11/08/2025,01/09/2025,01/09/2025,2000,1800
90276,2,SUP-05,SKU-1022,WH-04,11/08/2025,01/09/2025,01/09/2025,2000,2000
90277,1,SUP-03,SKU-1014,WH-02,11/08/2025,21/08/2025,21/08/2025,500,500
90277,2,SUP-03,SKU-1014,WH-04,11/08/2025,21/08/2025,21/08/2025,2000,1500
90277,3,SUP-03,SKU-1002,WH-01,11/08/2025,21/08/2025,21/08/2025,1500,1500
90278,1,SUP-02,SKU-1001,WH-04,18/08/2025,01/09/2025,01/09/2025,2000,2000
90278,2,SUP-02,SKU-1001,WH-04,18/08/2025,01/09/2025,01/09/2025,1000,900
90278,3,SUP-02,SKU-1007,WH-01,18/08/2025,01/09/2025,01/09/2025,1000,1000
90279,1,SUP-01,SKU-1006,WH-01,18/08/2025,25/08/2025,25/08/2025,1000,1000
90280,1,SUP-03,SKU-1020,WH-04,18/08/2025,28/08/2025,28/08/2025,500,500
90280,2,SUP-03,SKU-1020,WH-03,18/08/2025,28/08/2025,28/08/2025,1500,1500
90281,1,SUP-01,SKU-1012,WH-04,18/08/2025,25/08/2025,25/08/2025,2000,1500
90281,2,SUP-01,SKU-1012,WH-02,18/08/2025,25/08/2025,25/08/2025,1500,1500
90282,1,SUP-02,SKU-1001,WH-01,18/08/2025,01/09/2025,01/09/2025,1000,1000
90283,1,SUP-06,SKU-1005,WH-03,18/08/2025,02/10/2025,02/10/2025,1000,1000
90283,2,SUP-06,SKU-1011,WH-04,18/08/2025,02/10/2025,02/10/2025,2000,2000
90284,1,SUP-05,SKU-1004,WH-02,18/08/2025,08/09/2025,08/09/2025,2000,2000
90284,2,SUP-05,SKU-1016,WH-01,18/08/2025,08/09/2025,08/09/2025,500,500
90284,3,SUP-05,SKU-1016,WH-01,18/08/2025,08/09/2025,08/09/2025,1000,1000
90285,1,SUP-01,SKU-1024,WH-03,25/08/2025,01/09/2025,01/09/2025,500,500
90286,1,SUP-04,SKU-1009,WH-01,25/08/2025,22/09/2025,24/09/2025,1500,1500
90287,1,SUP-03,SKU-1002,WH-02,25/08/2025,04/09/2025,04/09/2025,1500,1500
90287,2,SUP-03,SKU-1008,WH-03,25/08/2025,04/09/2025,04/09/2025,2000,2000
90288,1,SUP-03,SKU-1020,WH-04,25/08/2025,04/09/2025,04/09/2025,1000,500
90288,2,SUP-03,SKU-1008,WH-03,25/08/2025,04/09/2025,04/09/2025,500,500
90288,3,SUP-03,SKU-1014,WH-04,25/08/2025,04/09/2025,04/09/2025,500,500
90289,1,SUP-03,SKU-1002,WH-01,25/08/2025,04/09/2025,04/09/2025,2000,2000
90289,2,SUP-03,SKU-1020,WH-01,25/08/2025,04/09/2025,04/09/2025,500,500
90290,1,SUP-01,SKU-1018,WH-04,25/08/2025,01/09/2025,01/09/2025,1500,750
90290,2,SUP-01,SKU-1024,WH-03,25/08/2025,01/09/2025,01/09/2025,500,500
90291,1,SUP-06,SKU-1005,WH-02,25/08/2025,09/10/2025,09/10/2025,500,500
90292,1,SUP-02,SKU-1007,WH-02,25/08/2025,08/09/2025,08/09/2025,2000,2000
90292,2,SUP-02,SKU-1019,WH-01,25/08/2025,08/09/2025,08/09/2025,1500,1500
90292,3,SUP-02,SKU-1001,WH-04,25/08/2025,08/09/2025,08/09/2025,1500,1350
90293,1,SUP-05,SKU-1016,WH-04,01/09/2025,22/09/2025,22/09/2025,2000,2000
90293,2,SUP-05,SKU-1022,WH-04,01/09/2025,22/09/2025,22/09/2025,1500,1500
90293,3,SUP-05,SKU-1004,WH-02,01/09/2025,22/09/2025,22/09/2025,500,500
90294,1,SUP-02,SKU-1013,WH-02,01/09/2025,15/09/2025,16/09/2025,500,500
90295,1,SUP-05,SKU-1010,WH-02,01/09/2025,22/09/2025,22/09/2025,1500,1500
90295,2,SUP-05,SKU-1016,WH-04,01/09/2025,22/09/2025,22/09/2025,1000,1000
90296,1,SUP-03,SKU-1008,WH-02,01/09/2025,11/09/2025,11/09/2025,2000,2000
90297,1,SUP-04,SKU-1003,WH-04,01/09/2025,29/09/2025,06/10/2025,500,500
90297,2,SUP-04,SKU-1015,WH-01,01/09/2025,29/09/2025,06/10/2025,500,500
90297,3,SUP-04,SKU-1009,WH-03,01/09/2025,29/09/2025,06/10/2025,500,500
90298,1,SUP-01,SKU-1006,WH-03,01/09/2025,08/09/2025,12/09/2025,1000,1000
90298,2,SUP-01,SKU-1024,WH-01,01/09/2025,08/09/2025,12/09/2025,500,500
90299,1,SUP-05,SKU-1004,WH-03,01/09/2025,22/09/2025,22/09/2025,2000,2000
90300,1,SUP-04,SKU-1021,WH-01,01/09/2025,29/09/2025,11/10/2025,2000,2000
90301,1,SUP-06,SKU-1023,WH-03,01/09/2025,16/10/2025,23/10/2025,500,450
90302,1,SUP-02,SKU-1001,WH-04,01/09/2025,15/09/2025,15/09/2025,1500,1125
90302,2,SUP-02,SKU-1019,WH-03,01/09/2025,15/09/2025,15/09/2025,500,500
90302,3,SUP-02,SKU-1001,WH-03,01/09/2025,15/09/2025,15/09/2025,500,500
90303,1,SUP-04,SKU-1003,WH-03,01/09/2025,29/09/2025,11/10/2025,500,500
90304,1,SUP-05,SKU-1016,WH-02,01/09/2025,22/09/2025,22/09/2025,1500,1500
90304,2,SUP-05,SKU-1022,WH-04,01/09/2025,22/09/2025,22/09/2025,2000,2000
90304,3,SUP-05,SKU-1010,WH-02,01/09/2025,22/09/2025,22/09/2025,500,500
90305,1,SUP-04,SKU-1015,WH-03,08/09/2025,06/10/2025,06/10/2025,1500,1125
90305,2,SUP-04,SKU-1003,WH-03,08/09/2025,06/10/2025,06/10/2025,1000,750
90305,3,SUP-04,SKU-1003,WH-03,08/09/2025,06/10/2025,06/10/2025,2000,2000
90306,1,SUP-06,SKU-1017,WH-02,08/09/2025,23/10/2025,23/10/2025,500,500
90306,2,SUP-06,SKU-1005,WH-02,08/09/2025,23/10/2025,23/10/2025,1500,1350
90306,3,SUP-06,SKU-1005,WH-04,08/09/2025,23/10/2025,23/10/2025,2000,1800
90307,1,SUP-06,SKU-1005,WH-01,08/09/2025,23/10/2025,23/10/2025,500,500
90307,2,SUP-06,SKU-1011,WH-03,08/09/2025,23/10/2025,23/10/2025,500,500
90308,1,SUP-05,SKU-1016,WH-03,08/09/2025,29/09/2025,29/09/2025,500,250
90309,1,SUP-06,SKU-1005,WH-01,08/09/2025,23/10/2025,23/10/2025,2000,2000
90309,2,SUP-06,SKU-1017,WH-01,08/09/2025,23/10/2025,23/10/2025,1500,1500
90310,1,SUP-03,SKU-1014,WH-04,08/09/2025,18/09/2025,18/09/2025,2000,2000
90311,1,SUP-05,SKU-1016,WH-03,08/09/2025,29/09/2025,29/09/2025,1000,1000
90312,1,SUP-04,SKU-1009,WH-04,08/09/2025,06/10/2025,06/10/2025,1000,1000
90313,1,SUP-05,SKU-1010,WH-02,08/09/2025,29/09/2025,29/09/2025,1000,1000
90313,2,SUP-05,SKU-1022,WH-02,08/09/2025,29/09/2025,29/09/2025,2000,2000
90313,3,SUP-05,SKU-1010,WH-03,08/09/2025,29/09/2025,29/09/2025,2000,1000
90314,1,SUP-06,SKU-1017,WH-03,08/09/2025,23/10/2025,30/10/2025,500,500
90314,2,SUP-06,SKU-1023,WH-04,08/09/2025,23/10/2025,30/10/2025,500,500
90315,1,SUP-06,SKU-1017,WH-02,08/09/2025,23/10/2025,25/10/2025,2000,2000
90316,1,SUP-01,SKU-1024,WH-03,08/09/2025,15/09/2025,15/09/2025,1500,1500
90317,1,SUP-01,SKU-1018,WH-02,15/09/2025,22/09/2025,22/09/2025,1500,1500
90318,1,SUP-01,SKU-1018,WH-01,15/09/2025,22/09/2025,22/09/2025,500,500
90318,2,SUP-01,SKU-1024,WH-02,15/09/2025,22/09/2025,22/09/2025,2000,1500
90318,3,SUP-01,SKU-1012,WH-01,15/09/2025,22/09/2025,22/09/2025,1000,750
90319,1,SUP-01,SKU-1006,WH-01,15/09/2025,22/09/2025,22/09/2025,1500,1500
90319,2,SUP-01,SKU-1012,WH-02,15/09/2025,22/09/2025,22/09/2025,1500,1500
90319,3,SUP-01,SKU-1012,WH-04,15/09/2025,22/09/2025,22/09/2025,2000,2000
90320,1,SUP-04,SKU-1015,WH-02,15/09/2025,13/10/2025,13/10/2025,1500,1500
90321,1,SUP-03,SKU-1014,WH-01,15/09/2025,25/09/2025,25/09/2025,1000,1000
90321,2,SUP-03,SKU-1014,WH-04,15/09/2025,25/09/2025,25/09/2025,2000,2000
90322,1,SUP-05,SKU-1004,WH-04,15/09/2025,06/10/2025,06/10/2025,2000,2000
90322,2,SUP-05,SKU-1016,WH-02,15/09/2025,06/10/2025,06/10/2025,1000,1000
90323,1,SUP-03,SKU-1020,WH-03,22/09/2025,02/10/2025,02/10/2025,500,500
90323,2,SUP-03,SKU-1008,WH-03,22/09/2025,02/10/2025,02/10/2025,2000,2000
90324,1,SUP-01,SKU-1006,WH-02,22/09/2025,29/09/2025,29/09/2025,500,500
90324,2,SUP-01,SKU-1024,WH-01,22/09/2025,29/09/2025,29/09/2025,1000,1000
90324,3,SUP-01,SKU-1006,WH-02,22/09/2025,29/09/2025,29/09/2025,1500,1500
90325,1,SUP-01,SKU-1018,WH-02,22/09/2025,29/09/2025,29/09/2025,2000,2000
90325,2,SUP-01,SKU-1024,WH-01,22/09/2025,29/09/2025,29/09/2025,500,500
90326,1,SUP-01,SKU-1024,WH-02,22/09/2025,29/09/2025,29/09/2025,1500,1500
90326,2,SUP-01,SKU-1012,WH-02,22/09/2025,29/09/2025,29/09/2025,1500,1500
90326,3,SUP-01,SKU-1006,WH-02,22/09/2025,29/09/2025,29/09/2025,1500,1500
90327,1,SUP-04,SKU-1021,WH-03,22/09/2025,20/10/2025,20/10/2025,500,500
90327,2,SUP-04,SKU-1021,WH-02,22/09/2025,20/10/2025,20/10/2025,2000,2000
90328,1,SUP-05,SKU-1022,WH-02,22/09/2025,13/10/2025,13/10/2025,2000,2000
90328,2,SUP-05,SKU-1022,WH-04,22/09/2025,13/10/2025,13/10/2025,2000,2000
90329,1,SUP-06,SKU-1017,WH-01,22/09/2025,06/11/2025,13/11/2025,2000,2000
90330,1,SUP-02,SKU-1019,WH-02,22/09/2025,06/10/2025,06/10/2025,2000,2000
90330,2,SUP-02,SKU-1013,WH-04,22/09/2025,06/10/2025,06/10/2025,1500,1500
90331,1,SUP-02,SKU-1007,WH-04,22/09/2025,06/10/2025,06/10/2025,2000,2000
90332,1,SUP-06,SKU-1005,WH-03,22/09/2025,06/11/2025,06/11/2025,500,500
90333,1,SUP-03,SKU-1014,WH-04,29/09/2025,09/10/2025,09/10/2025,1500,1500
90333,2,SUP-03,SKU-1014,WH-03,29/09/2025,09/10/2025,09/10/2025,2000,2000
90333,3,SUP-03,SKU-1002,WH-04,29/09/2025,09/10/2025,09/10/2025,500,500
90334,1,SUP-02,SKU-1019,WH-02,29/09/2025,13/10/2025,13/10/2025,500,500
90335,1,SUP-02,SKU-1019,WH-01,29/09/2025,13/10/2025,13/10/2025,1500,1500
90336,1,SUP-06,SKU-1017,WH-03,29/09/2025,13/11/2025,20/11/2025,2000,2000
90336,2,SUP-06,SKU-1017,WH-01,29/09/2025,13/11/2025,20/11/2025,1000,1000
90336,3,SUP-06,SKU-1011,WH-04,29/09/2025,13/11/2025,20/11/2025,2000,2000
90337,1,SUP-05,SKU-1010,WH-01,29/09/2025,20/10/2025,20/10/2025,2000,1800
90337,2,SUP-05,SKU-1016,WH-02,29/09/2025,20/10/2025,20/10/2025,500,500
90338,1,SUP-01,SKU-1006,WH-02,29/09/2025,06/10/2025,06/10/2025,1000,750
90338,2,SUP-01,SKU-1024,WH-01,29/09/2025,06/10/2025,06/10/2025,1500,1500
90339,1,SUP-04,SKU-1003,WH-04,29/09/2025,27/10/2025,27/10/2025,1000,1000
90340,1,SUP-06,SKU-1005,WH-02,29/09/2025,13/11/2025,13/11/2025,1500,1500
90340,2,SUP-06,SKU-1023,WH-03,29/09/2025,13/11/2025,13/11/2025,1000,1000
90341,1,SUP-03,SKU-1002,WH-04,29/09/2025,09/10/2025,09/10/2025,2000,2000
90341,2,SUP-03,SKU-1008,WH-02,29/09/2025,09/10/2025,09/10/2025,2000,2000
90342,1,SUP-04,SKU-1009,WH-04,29/09/2025,27/10/2025,27/10/2025,1500,1500
90342,2,SUP-04,SKU-1021,WH-03,29/09/2025,27/10/2025,27/10/2025,1000,1000
90342,3,SUP-04,SKU-1003,WH-03,29/09/2025,27/10/2025,27/10/2025,1500,1500
90343,1,SUP-03,SKU-1020,WH-02,29/09/2025,09/10/2025,09/10/2025,500,500
90344,1,SUP-05,SKU-1004,WH-03,29/09/2025,20/10/2025,20/10/2025,2000,2000
90344,2,SUP-05,SKU-1016,WH-03,29/09/2025,20/10/2025,20/10/2025,500,500
90345,1,SUP-04,SKU-1003,WH-03,06/10/2025,03/11/2025,03/11/2025,1000,1000
90346,1,SUP-04,SKU-1021,WH-02,06/10/2025,03/11/2025,03/11/2025,1000,1000
90346,2,SUP-04,SKU-1021,WH-04,06/10/2025,03/11/2025,03/11/2025,500,500
90347,1,SUP-03,SKU-1020,WH-02,06/10/2025,16/10/2025,16/10/2025,500,500
90347,2,SUP-03,SKU-1014,WH-04,06/10/2025,16/10/2025,16/10/2025,500,500
90347,3,SUP-03,SKU-1020,WH-01,06/10/2025,16/10/2025,16/10/2025,1500,1500
90348,1,SUP-03,SKU-1014,WH-04,06/10/2025,16/10/2025,16/10/2025,2000,2000
90348,2,SUP-03,SKU-1014,WH-01,06/10/2025,16/10/2025,16/10/2025,2000,2000
90348,3,SUP-03,SKU-1002,WH-01,06/10/2025,16/10/2025,16/10/2025,1000,1000
90349,1,SUP-01,SKU-1006,WH-03,06/10/2025,13/10/2025,13/10/2025,1500,1350
90350,1,SUP-01,SKU-1024,WH-03,06/10/2025,13/10/2025,13/10/2025,500,500
90351,1,SUP-04,SKU-1003,WH-01,06/10/2025,03/11/2025,03/11/2025,1000,900
90352,1,SUP-05,SKU-1016,WH-04,06/10/2025,27/10/2025,27/10/2025,2000,2000
90352,2,SUP-05,SKU-1010,WH-01,06/10/2025,27/10/2025,27/10/2025,1500,1500
90352,3,SUP-05,SKU-1004,WH-04,06/10/2025,27/10/2025,27/10/2025,2000,2000
90353,1,SUP-06,SKU-1011,WH-04,13/10/2025,27/11/2025,28/11/2025,1500,1500
90353,2,SUP-06,SKU-1023,WH-04,13/10/2025,27/11/2025,28/11/2025,500,450
90354,1,SUP-06,SKU-1023,WH-01,13/10/2025,27/11/2025,04/12/2025,1000,1000
90355,1,SUP-03,SKU-1008,WH-03,13/10/2025,23/10/2025,23/10/2025,1000,1000
90355,2,SUP-03,SKU-1002,WH-03,13/10/2025,23/10/2025,23/10/2025,500,500
90355,3,SUP-03,SKU-1008,WH-01,13/10/2025,23/10/2025,23/10/2025,500,500
90356,1,SUP-01,SKU-1006,WH-04,13/10/2025,20/10/2025,20/10/2025,1000,1000
90356,2,SUP-01,SKU-1012,WH-03,13/10/2025,20/10/2025,20/10/2025,2000,2000
90356,3,SUP-01,SKU-1006,WH-04,13/10/2025,20/10/2025,20/10/2025,1500,1500
90357,1,SUP-05,SKU-1010,WH-01,13/10/2025,03/11/2025,03/11/2025,2000,2000
90357,2,SUP-05,SKU-1004,WH-02,13/10/2025,03/11/2025,03/11/2025,1500,1500
90357,3,SUP-05,SKU-1004,WH-03,13/10/2025,03/11/2025,03/11/2025,1000,1000
90358,1,SUP-01,SKU-1006,WH-03,13/10/2025,20/10/2025,20/10/2025,2000,2000
90359,1,SUP-06,SKU-1005,WH-04,13/10/2025,27/11/2025,27/11/2025,2000,2000
90359,2,SUP-06,SKU-1011,WH-04,13/10/2025,27/11/2025,27/11/2025,500,500
90360,1,SUP-05,SKU-1004,WH-04,13/10/2025,03/11/2025,03/11/2025,1000,1000
90360,2,SUP-05,SKU-1022,WH-03,13/10/2025,03/11/2025,03/11/2025,500,375
90361,1,SUP-04,SKU-1021,WH-01,13/10/2025,10/11/2025,12/11/2025,500,500
90361,2,SUP-04,SKU-1021,WH-04,13/10/2025,10/11/2025,12/11/2025,1000,1000
90362,1,SUP-06,SKU-1005,WH-03,20/10/2025,04/12/2025,11/12/2025,500,500
90363,1,SUP-06,SKU-1005,WH-03,20/10/2025,04/12/2025,04/12/2025,2000,2000
90363,2,SUP-06,SKU-1017,WH-04,20/10/2025,04/12/2025,04/12/2025,2000,2000
90364,1,SUP-05,SKU-1022,WH-01,20/10/2025,10/11/2025,10/11/2025,1000,1000
90364,2,SUP-05,SKU-1004,WH-04,20/10/2025,10/11/2025,10/11/2025,1000,1000
90365,1,SUP-06,SKU-1017,WH-04,20/10/2025,04/12/2025,04/12/2025,500,500
90366,1,SUP-01,SKU-1018,WH-02,20/10/2025,27/10/2025,27/10/2025,1500,1500
90366,2,SUP-01,SKU-1006,WH-02,20/10/2025,27/10/2025,27/10/2025,500,500
90366,3,SUP-01,SKU-1012,WH-04,20/10/2025,27/10/2025,27/10/2025,1000,1000
90367,1,SUP-01,SKU-1012,WH-02,20/10/2025,27/10/2025,27/10/2025,1500,1500
90368,1,SUP-02,SKU-1019,WH-02,20/10/2025,03/11/2025,03/11/2025,2000,2000
90368,2,SUP-02,SKU-1001,WH-02,20/10/2025,03/11/2025,03/11/2025,500,250
90369,1,SUP-05,SKU-1004,WH-01,20/10/2025,10/11/2025,10/11/2025,1500,1500
90369,2,SUP-05,SKU-1022,WH-01,20/10/2025,10/11/2025,10/11/2025,1000,1000
90369,3,SUP-05,SKU-1010,WH-01,20/10/2025,10/11/2025,10/11/2025,2000,2000
90370,1,SUP-05,SKU-1022,WH-02,27/10/2025,17/11/2025,17/11/2025,1500,1350
90371,1,SUP-04,SKU-1003,WH-01,27/10/2025,24/11/2025,24/11/2025,2000,2000
90371,2,SUP-04,SKU-1021,WH-01,27/10/2025,24/11/2025,24/11/2025,1500,1500
90372,1,SUP-04,SKU-1015,WH-01,27/10/2025,24/11/2025,01/12/2025,1500,1500
90372,2,SUP-04,SKU-1009,WH-01,27/10/2025,24/11/2025,01/12/2025,1000,1000
90373,1,SUP-01,SKU-1018,WH-03,27/10/2025,03/11/2025,15/11/2025,2000,2000
90373,2,SUP-01,SKU-1024,WH-02,27/10/2025,03/11/2025,15/11/2025,2000,2000
90374,1,SUP-03,SKU-1002,WH-03,27/10/2025,06/11/2025,06/11/2025,1500,1500
90374,2,SUP-03,SKU-1014,WH-03,27/10/2025,06/11/2025,06/11/2025,1500,1500
90374,3,SUP-03,SKU-1014,WH-01,27/10/2025,06/11/2025,06/11/2025,500,500
90375,1,SUP-05,SKU-1004,WH-03,27/10/2025,17/11/2025,17/11/2025,1500,1500
90376,1,SUP-03,SKU-1014,WH-02,27/10/2025,06/11/2025,06/11/2025,1500,1500
90376,2,SUP-03,SKU-1002,WH-04,27/10/2025,06/11/2025,06/11/2025,1000,1000
90376,3,SUP-03,SKU-1014,WH-02,27/10/2025,06/11/2025,06/11/2025,500,500
90377,1,SUP-04,SKU-1015,WH-03,27/10/2025,24/11/2025,24/11/2025,500,500
90377,2,SUP-04,SKU-1015,WH-04,27/10/2025,24/11/2025,24/11/2025,1500,1500
90378,1,SUP-02,SKU-1001,WH-01,03/11/2025,17/11/2025,17/11/2025,500,500
90378,2,SUP-02,SKU-1013,WH-02,03/11/2025,17/11/2025,17/11/2025,1000,900
90378,3,SUP-02,SKU-1019,WH-03,03/11/2025,17/11/2025,17/11/2025,1000,1000
90379,1,SUP-01,SKU-1012,WH-01,03/11/2025,10/11/2025,10/11/2025,1000,1000
90379,2,SUP-01,SKU-1006,WH-03,03/11/2025,10/11/2025,10/11/2025,2000,2000
90380,1,SUP-01,SKU-1024,WH-01,03/11/2025,10/11/2025,10/11/2025,500,500
90381,1,SUP-01,SKU-1024,WH-04,03/11/2025,10/11/2025,10/11/2025,1000,1000
90381,2,SUP-01,SKU-1012,WH-03,03/11/2025,10/11/2025,10/11/2025,500,500
90382,1,SUP-01,SKU-1024,WH-02,03/11/2025,10/11/2025,10/11/2025,1000,1000
90382,2,SUP-01,SKU-1018,WH-02,03/11/2025,10/11/2025,10/11/2025,2000,1800
90383,1,SUP-01,SKU-1018,WH-04,03/11/2025,10/11/2025,10/11/2025,1000,1000
90383,2,SUP-01,SKU-1018,WH-04,03/11/2025,10/11/2025,10/11/2025,500,500
90383,3,SUP-01,SKU-1006,WH-01,03/11/2025,10/11/2025,10/11/2025,500,500
90384,1,SUP-05,SKU-1022,WH-02,03/11/2025,24/11/2025,26/11/2025,1500,1350
90384,2,SUP-05,SKU-1010,WH-02,03/11/2025,24/11/2025,26/11/2025,1000,1000
90385,1,SUP-01,SKU-1024,WH-03,03/11/2025,10/11/2025,10/11/2025,500,500
90385,2,SUP-01,SKU-1012,WH-04,03/11/2025,10/11/2025,10/11/2025,1500,1350
90386,1,SUP-06,SKU-1011,WH-03,03/11/2025,18/12/2025,19/12/2025,1000,1000
90387,1,SUP-03,SKU-1020,WH-01,10/11/2025,20/11/2025,20/11/2025,1500,1500
90388,1,SUP-01,SKU-1012,WH-01,10/11/2025,17/11/2025,29/11/2025,1500,1500
90389,1,SUP-05,SKU-1004,WH-04,10/11/2025,01/12/2025,13/12/2025,500,500
90389,2,SUP-05,SKU-1004,WH-04,10/11/2025,01/12/2025,13/12/2025,500,250
90389,3,SUP-05,SKU-1022,WH-03,10/11/2025,01/12/2025,13/12/2025,1500,1500
90390,1,SUP-05,SKU-1022,WH-04,10/11/2025,01/12/2025,01/12/2025,1500,1350
90390,2,SUP-05,SKU-1004,WH-04,10/11/2025,01/12/2025,01/12/2025,500,500
90390,3,SUP-05,SKU-1004,WH-02,10/11/2025,01/12/2025,01/12/2025,500,500
90391,1,SUP-06,SKU-1023,WH-03,10/11/2025,25/12/2025,01/01/2026,1000,1000
90391,2,SUP-06,SKU-1017,WH-04,10/11/2025,25/12/2025,01/01/2026,1500,1500
90392,1,SUP-03,SKU-1020,WH-03,10/11/2025,20/11/2025,20/11/2025,1000,1000
90392,2,SUP-03,SKU-1002,WH-02,10/11/2025,20/11/2025,20/11/2025,2000,2000
90392,3,SUP-03,SKU-1020,WH-02,10/11/2025,20/11/2025,20/11/2025,1500,1500
90393,1,SUP-05,SKU-1022,WH-03,17/11/2025,08/12/2025,08/12/2025,1500,1500
90393,2,SUP-05,SKU-1010,WH-04,17/11/2025,08/12/2025,08/12/2025,2000,1800
90394,1,SUP-03,SKU-1014,WH-03,17/11/2025,27/11/2025,27/11/2025,500,500
90394,2,SUP-03,SKU-1014,WH-01,17/11/2025,27/11/2025,27/11/2025,2000,2000
90395,1,SUP-06,SKU-1017,WH-03,17/11/2025,01/01/2026,01/01/2026,1500,1500
90396,1,SUP-05,SKU-1022,WH-03,17/11/2025,08/12/2025,10/12/2025,1500,1500
90397,1,SUP-03,SKU-1014,WH-01,17/11/2025,27/11/2025,27/11/2025,1000,1000
90397,2,SUP-03,SKU-1014,WH-03,17/11/2025,27/11/2025,27/11/2025,2000,2000
90397,3,SUP-03,SKU-1014,WH-04,17/11/2025,27/11/2025,27/11/2025,1000,1000
90398,1,SUP-06,SKU-1011,WH-01,17/11/2025,01/01/2026,08/01/2026,500,450
90398,2,SUP-06,SKU-1011,WH-04,17/11/2025,01/01/2026,08/01/2026,500,500
90399,1,SUP-05,SKU-1004,WH-02,17/11/2025,08/12/2025,08/12/2025,1500,1125
90399,2,SUP-05,SKU-1016,WH-04,17/11/2025,08/12/2025,08/12/2025,1000,1000
90400,1,SUP-04,SKU-1021,WH-03,17/11/2025,15/12/2025,22/12/2025,1500,1500
90400,2,SUP-04,SKU-1021,WH-03,17/11/2025,15/12/2025,22/12/2025,1500,1500
90401,1,SUP-04,SKU-1021,WH-03,24/11/2025,22/12/2025,03/01/2026,1000,1000
90401,2,SUP-04,SKU-1015,WH-03,24/11/2025,22/12/2025,03/01/2026,1000,1000
90401,3,SUP-04,SKU-1009,WH-03,24/11/2025,22/12/2025,03/01/2026,2000,2000
90402,1,SUP-03,SKU-1020,WH-01,24/11/2025,04/12/2025,04/12/2025,2000,2000
90403,1,SUP-03,SKU-1008,WH-01,24/11/2025,04/12/2025,04/12/2025,1500,750
90403,2,SUP-03,SKU-1008,WH-01,24/11/2025,04/12/2025,04/12/2025,1500,750
90403,3,SUP-03,SKU-1014,WH-04,24/11/2025,04/12/2025,04/12/2025,500,500
90404,1,SUP-01,SKU-1006,WH-01,24/11/2025,01/12/2025,01/12/2025,1000,1000
90405,1,SUP-03,SKU-1020,WH-04,24/11/2025,04/12/2025,04/12/2025,1500,1350
90406,1,SUP-02,SKU-1019,WH-03,24/11/2025,08/12/2025,08/12/2025,1000,750
90407,1,SUP-01,SKU-1012,WH-04,24/11/2025,01/12/2025,01/12/2025,1500,1500
90407,2,SUP-01,SKU-1024,WH-01,24/11/2025,01/12/2025,01/12/2025,1500,1500
90407,3,SUP-01,SKU-1018,WH-01,24/11/2025,01/12/2025,01/12/2025,2000,2000
90408,1,SUP-06,SKU-1005,WH-04,24/11/2025,08/01/2026,08/01/2026,1500,1500
90408,2,SUP-06,SKU-1011,WH-01,24/11/2025,08/01/2026,08/01/2026,2000,2000
90408,3,SUP-06,SKU-1023,WH-02,24/11/2025,08/01/2026,08/01/2026,500,500
90409,1,SUP-06,SKU-1011,WH-03,24/11/2025,08/01/2026,08/01/2026,500,500
90409,2,SUP-06,SKU-1011,WH-02,24/11/2025,08/01/2026,08/01/2026,500,500
90409,3,SUP-06,SKU-1011,WH-02,24/11/2025,08/01/2026,08/01/2026,1000,1000
90410,1,SUP-02,SKU-1019,WH-02,24/11/2025,08/12/2025,08/12/2025,1500,1500
90410,2,SUP-02,SKU-1013,WH-03,24/11/2025,08/12/2025,08/12/2025,1000,1000
90410,3,SUP-02,SKU-1001,WH-03,24/11/2025,08/12/2025,08/12/2025,500,500
90411,1,SUP-02,SKU-1013,WH-01,24/11/2025,08/12/2025,08/12/2025,2000,1800
90412,1,SUP-02,SKU-1019,WH-04,24/11/2025,08/12/2025,09/12/2025,500,500
90413,1,SUP-06,SKU-1005,WH-04,01/12/2025,15/01/2026,15/01/2026,2000,2000
90413,2,SUP-06,SKU-1017,WH-02,01/12/2025,15/01/2026,15/01/2026,2000,2000
90413,3,SUP-06,SKU-1017,WH-03,01/12/2025,15/01/2026,15/01/2026,1000,1000
90414,1,SUP-04,SKU-1003,WH-01,01/12/2025,29/12/2025,29/12/2025,1000,1000
90415,1,SUP-06,SKU-1011,WH-04,01/12/2025,15/01/2026,19/01/2026,1000,1000
90415,2,SUP-06,SKU-1011,WH-02,01/12/2025,15/01/2026,19/01/2026,500,500
90416,1,SUP-04,SKU-1015,WH-01,01/12/2025,29/12/2025,30/12/2025,1000,1000
90417,1,SUP-02,SKU-1019,WH-02,01/12/2025,15/12/2025,15/12/2025,1000,1000
90417,2,SUP-02,SKU-1001,WH-03,01/12/2025,15/12/2025,15/12/2025,1000,1000
90417,3,SUP-02,SKU-1013,WH-02,01/12/2025,15/12/2025,15/12/2025,2000,2000
90418,1,SUP-03,SKU-1014,WH-01,01/12/2025,11/12/2025,11/12/2025,2000,2000
90419,1,SUP-02,SKU-1013,WH-01,01/12/2025,15/12/2025,15/12/2025,1000,900
90419,2,SUP-02,SKU-1013,WH-01,01/12/2025,15/12/2025,15/12/2025,1000,1000
90420,1,SUP-06,SKU-1023,WH-04,01/12/2025,15/01/2026,15/01/2026,1000,750
90420,2,SUP-06,SKU-1005,WH-04,01/12/2025,15/01/2026,15/01/2026,500,500
90420,3,SUP-06,SKU-1023,WH-04,01/12/2025,15/01/2026,15/01/2026,2000,2000
90421,1,SUP-05,SKU-1010,WH-04,01/12/2025,22/12/2025,22/12/2025,500,500
90421,2,SUP-05,SKU-1016,WH-02,01/12/2025,22/12/2025,22/12/2025,1000,500
90421,3,SUP-05,SKU-1022,WH-02,01/12/2025,22/12/2025,22/12/2025,500,450
90422,1,SUP-06,SKU-1011,WH-03,01/12/2025,15/01/2026,22/01/2026,1000,1000
90423,1,SUP-02,SKU-1001,WH-01,08/12/2025,22/12/2025,22/12/2025,500,500
90423,2,SUP-02,SKU-1013,WH-03,08/12/2025,22/12/2025,22/12/2025,500,500
90423,3,SUP-02,SKU-1007,WH-03,08/12/2025,22/12/2025,22/12/2025,2000,1500
90424,1,SUP-02,SKU-1001,WH-01,08/12/2025,22/12/2025,22/12/2025,500,500
90424,2,SUP-02,SKU-1019,WH-02,08/12/2025,22/12/2025,22/12/2025,1500,1500
90425,1,SUP-05,SKU-1016,WH-04,08/12/2025,29/12/2025,29/12/2025,1000,1000
90425,2,SUP-05,SKU-1022,WH-03,08/12/2025,29/12/2025,29/12/2025,1000,1000
90425,3,SUP-05,SKU-1010,WH-01,08/12/2025,29/12/2025,29/12/2025,2000,2000
90426,1,SUP-05,SKU-1010,WH-02,08/12/2025,29/12/2025,29/12/2025,1500,1500
90426,2,SUP-05,SKU-1016,WH-02,08/12/2025,29/12/2025,29/12/2025,500,500
90426,3,SUP-05,SKU-1010,WH-02,08/12/2025,29/12/2025,29/12/2025,500,500
90427,1,SUP-06,SKU-1017,WH-04,08/12/2025,22/01/2026,03/02/2026,1500,1500
90428,1,SUP-06,SKU-1017,WH-01,08/12/2025,22/01/2026,24/01/2026,2000,2000
90428,2,SUP-06,SKU-1005,WH-04,08/12/2025,22/01/2026,24/01/2026,1500,1500
90428,3,SUP-06,SKU-1023,WH-04,08/12/2025,22/01/2026,24/01/2026,1500,1500
90429,1,SUP-04,SKU-1003,WH-01,08/12/2025,05/01/2026,17/01/2026,1500,1500
90429,2,SUP-04,SKU-1003,WH-04,08/12/2025,05/01/2026,17/01/2026,500,500
90429,3,SUP-04,SKU-1021,WH-02,08/12/2025,05/01/2026,17/01/2026,2000,2000
90430,1,SUP-02,SKU-1007,WH-02,08/12/2025,22/12/2025,22/12/2025,1000,900
90431,1,SUP-05,SKU-1022,WH-02,08/12/2025,29/12/2025,29/12/2025,500,500
90431,2,SUP-05,SKU-1010,WH-03,08/12/2025,29/12/2025,29/12/2025,500,500
90432,1,SUP-05,SKU-1010,WH-03,15/12/2025,05/01/2026,05/01/2026,1000,1000
90433,1,SUP-02,SKU-1013,WH-04,15/12/2025,29/12/2025,29/12/2025,2000,1800
90434,1,SUP-01,SKU-1006,WH-02,15/12/2025,22/12/2025,22/12/2025,1500,1500
90435,1,SUP-01,SKU-1018,WH-02,15/12/2025,22/12/2025,22/12/2025,1000,750
90436,1,SUP-06,SKU-1011,WH-02,15/12/2025,29/01/2026,10/02/2026,2000,2000
90436,2,SUP-06,SKU-1005,WH-04,15/12/2025,29/01/2026,10/02/2026,1500,1125
90437,1,SUP-03,SKU-1014,WH-04,15/12/2025,25/12/2025,25/12/2025,2000,1500
90437,2,SUP-03,SKU-1002,WH-01,15/12/2025,25/12/2025,25/12/2025,1000,1000
90437,3,SUP-03,SKU-1014,WH-02,15/12/2025,25/12/2025,25/12/2025,500,450
90438,1,SUP-06,SKU-1023,WH-04,15/12/2025,29/01/2026,29/01/2026,2000,2000
90438,2,SUP-06,SKU-1023,WH-01,15/12/2025,29/01/2026,29/01/2026,1000,1000
90438,3,SUP-06,SKU-1005,WH-01,15/12/2025,29/01/2026,29/01/2026,500,500
90439,1,SUP-06,SKU-1011,WH-04,15/12/2025,29/01/2026,29/01/2026,1000,1000
90439,2,SUP-06,SKU-1011,WH-03,15/12/2025,29/01/2026,29/01/2026,1500,1350
90440,1,SUP-04,SKU-1015,WH-04,15/12/2025,12/01/2026,12/01/2026,500,450
90440,2,SUP-04,SKU-1015,WH-02,15/12/2025,12/01/2026,12/01/2026,1000,1000
90440,3,SUP-04,SKU-1009,WH-03,15/12/2025,12/01/2026,12/01/2026,1000,900
90441,1,SUP-02,SKU-1019,WH-02,15/12/2025,29/12/2025,29/12/2025,1500,1350
90442,1,SUP-03,SKU-1002,WH-03,15/12/2025,25/12/2025,25/12/2025,1500,1500
90442,2,SUP-03,SKU-1014,WH-01,15/12/2025,25/12/2025,25/12/2025,1500,1500
90443,1,SUP-03,SKU-1008,WH-03,15/12/2025,25/12/2025,25/12/2025,2000,2000
90443,2,SUP-03,SKU-1008,WH-01,15/12/2025,25/12/2025,25/12/2025,2000,2000
90443,3,SUP-03,SKU-1002,WH-04,15/12/2025,25/12/2025,25/12/2025,2000,2000
90444,1,SUP-02,SKU-1001,WH-03,22/12/2025,05/01/2026,05/01/2026,1000,1000
90444,2,SUP-02,SKU-1001,WH-01,22/12/2025,05/01/2026,05/01/2026,1500,1500
90445,1,SUP-06,SKU-1023,WH-02,22/12/2025,05/02/2026,09/02/2026,1500,1125
90445,2,SUP-06,SKU-1023,WH-03,22/12/2025,05/02/2026,09/02/2026,2000,2000
90445,3,SUP-06,SKU-1005,WH-01,22/12/2025,05/02/2026,09/02/2026,500,500
90446,1,SUP-05,SKU-1004,WH-03,22/12/2025,12/01/2026,13/01/2026,500,500
90446,2,SUP-05,SKU-1016,WH-02,22/12/2025,12/01/2026,13/01/2026,1000,500
90447,1,SUP-06,SKU-1011,WH-02,22/12/2025,05/02/2026,05/02/2026,2000,2000
90448,1,SUP-05,SKU-1022,WH-04,22/12/2025,12/01/2026,12/01/2026,500,500
90449,1,SUP-04,SKU-1015,WH-03,22/12/2025,19/01/2026,19/01/2026,1500,1500
90450,1,SUP-02,SKU-1013,WH-04,29/12/2025,12/01/2026,12/01/2026,500,500
90451,1,SUP-01,SKU-1018,WH-01,29/12/2025,05/01/2026,05/01/2026,2000,1500
90451,2,SUP-01,SKU-1024,WH-04,29/12/2025,05/01/2026,05/01/2026,2000,2000
90452,1,SUP-06,SKU-1011,WH-04,29/12/2025,12/02/2026,12/02/2026,1000,1000
90452,2,SUP-06,SKU-1023,WH-03,29/12/2025,12/02/2026,12/02/2026,1500,1350
90452,3,SUP-06,SKU-1005,WH-03,29/12/2025,12/02/2026,12/02/2026,2000,2000
90453,1,SUP-02,SKU-1001,WH-02,29/12/2025,12/01/2026,12/01/2026,1000,500
90453,2,SUP-02,SKU-1013,WH-02,29/12/2025,12/01/2026,12/01/2026,1000,1000
90453,3,SUP-02,SKU-1001,WH-03,29/12/2025,12/01/2026,12/01/2026,2000,2000
90454,1,SUP-05,SKU-1010,WH-04,29/12/2025,19/01/2026,19/01/2026,1000,500
90454,2,SUP-05,SKU-1010,WH-01,29/12/2025,19/01/2026,19/01/2026,2000,2000
90455,1,SUP-02,SKU-1019,WH-03,29/12/2025,12/01/2026,12/01/2026,500,450
90456,1,SUP-06,SKU-1023,WH-01,05/01/2026,19/02/2026,20/02/2026,1000,1000
90456,2,SUP-06,SKU-1017,WH-01,05/01/2026,19/02/2026,20/02/2026,500,500
90456,3,SUP-06,SKU-1023,WH-04,05/01/2026,19/02/2026,20/02/2026,500,500
90457,1,SUP-01,SKU-1006,WH-01,05/01/2026,12/01/2026,12/01/2026,1000,1000
90457,2,SUP-01,SKU-1024,WH-03,05/01/2026,12/01/2026,12/01/2026,1500,1125
90457,3,SUP-01,SKU-1024,WH-02,05/01/2026,12/01/2026,12/01/2026,1000,1000
90458,1,SUP-01,SKU-1006,WH-01,05/01/2026,12/01/2026,13/01/2026,500,500
90458,2,SUP-01,SKU-1006,WH-02,05/01/2026,12/01/2026,13/01/2026,1500,1500
90458,3,SUP-01,SKU-1006,WH-04,05/01/2026,12/01/2026,13/01/2026,500,500
90459,1,SUP-03,SKU-1014,WH-02,05/01/2026,15/01/2026,15/01/2026,500,500
90459,2,SUP-03,SKU-1020,WH-04,05/01/2026,15/01/2026,15/01/2026,500,500
90460,1,SUP-02,SKU-1001,WH-04,05/01/2026,19/01/2026,19/01/2026,2000,2000
90460,2,SUP-02,SKU-1019,WH-01,05/01/2026,19/01/2026,19/01/2026,500,500
90461,1,SUP-02,SKU-1013,WH-01,05/01/2026,19/01/2026,19/01/2026,500,500
90461,2,SUP-02,SKU-1013,WH-03,05/01/2026,19/01/2026,19/01/2026,1000,1000
90461,3,SUP-02,SKU-1001,WH-02,05/01/2026,19/01/2026,19/01/2026,2000,1800
90462,1,SUP-05,SKU-1004,WH-01,05/01/2026,26/01/2026,26/01/2026,2000,2000
90462,2,SUP-05,SKU-1010,WH-01,05/01/2026,26/01/2026,26/01/2026,1500,1500
90463,1,SUP-05,SKU-1010,WH-03,05/01/2026,26/01/2026,26/01/2026,1000,500
90463,2,SUP-05,SKU-1004,WH-02,05/01/2026,26/01/2026,26/01/2026,1500,1125
90463,3,SUP-05,SKU-1010,WH-03,05/01/2026,26/01/2026,26/01/2026,2000,2000
90464,1,SUP-04,SKU-1003,WH-02,05/01/2026,02/02/2026,02/02/2026,500,500
90464,2,SUP-04,SKU-1009,WH-02,05/01/2026,02/02/2026,02/02/2026,500,500
90464,3,SUP-04,SKU-1009,WH-03,05/01/2026,02/02/2026,02/02/2026,1500,1500
90465,1,SUP-03,SKU-1020,WH-04,05/01/2026,15/01/2026,15/01/2026,1000,1000
90466,1,SUP-04,SKU-1021,WH-03,12/01/2026,09/02/2026,09/02/2026,2000,1500
90466,2,SUP-04,SKU-1015,WH-04,12/01/2026,09/02/2026,09/02/2026,2000,2000
90467,1,SUP-06,SKU-1023,WH-02,12/01/2026,26/02/2026,26/02/2026,500,500
90468,1,SUP-03,SKU-1020,WH-04,12/01/2026,22/01/2026,22/01/2026,2000,1000
90468,2,SUP-03,SKU-1014,WH-02,12/01/2026,22/01/2026,22/01/2026,1000,1000
90468,3,SUP-03,SKU-1008,WH-04,12/01/2026,22/01/2026,22/01/2026,2000,1000
90469,1,SUP-02,SKU-1007,WH-01,12/01/2026,26/01/2026,26/01/2026,2000,2000
90470,1,SUP-04,SKU-1015,WH-02,12/01/2026,09/02/2026,09/02/2026,2000,2000
90470,2,SUP-04,SKU-1021,WH-02,12/01/2026,09/02/2026,09/02/2026,1000,1000
90470,3,SUP-04,SKU-1009,WH-02,12/01/2026,09/02/2026,09/02/2026,2000,1000
90471,1,SUP-02,SKU-1007,WH-03,12/01/2026,26/01/2026,30/01/2026,1000,1000
90471,2,SUP-02,SKU-1019,WH-01,12/01/2026,26/01/2026,30/01/2026,1000,1000
90472,1,SUP-02,SKU-1001,WH-04,12/01/2026,26/01/2026,26/01/2026,1000,500
90473,1,SUP-02,SKU-1013,WH-04,12/01/2026,26/01/2026,26/01/2026,2000,2000
90473,2,SUP-02,SKU-1013,WH-02,12/01/2026,26/01/2026,26/01/2026,1500,1350
90474,1,SUP-02,SKU-1007,WH-03,12/01/2026,26/01/2026,26/01/2026,2000,1000
90475,1,SUP-02,SKU-1013,WH-02,12/01/2026,26/01/2026,26/01/2026,1000,1000
90475,2,SUP-02,SKU-1013,WH-03,12/01/2026,26/01/2026,26/01/2026,500,500
90476,1,SUP-06,SKU-1017,WH-04,12/01/2026,26/02/2026,27/02/2026,2000,2000
90476,2,SUP-06,SKU-1017,WH-02,12/01/2026,26/02/2026,27/02/2026,2000,2000
90477,1,SUP-05,SKU-1016,WH-01,19/01/2026,09/02/2026,09/02/2026,1000,1000
90478,1,SUP-02,SKU-1019,WH-03,19/01/2026,02/02/2026,02/02/2026,2000,2000
90478,2,SUP-02,SKU-1007,WH-04,19/01/2026,02/02/2026,02/02/2026,2000,2000
90479,1,SUP-02,SKU-1007,WH-01,19/01/2026,02/02/2026,02/02/2026,1000,1000
90480,1,SUP-03,SKU-1020,WH-03,19/01/2026,29/01/2026,29/01/2026,1000,1000
90480,2,SUP-03,SKU-1014,WH-03,19/01/2026,29/01/2026,29/01/2026,2000,2000
90480,3,SUP-03,SKU-1002,WH-04,19/01/2026,29/01/2026,29/01/2026,1500,1500
90481,1,SUP-03,SKU-1014,WH-04,19/01/2026,29/01/2026,29/01/2026,2000,2000
90481,2,SUP-03,SKU-1002,WH-01,19/01/2026,29/01/2026,29/01/2026,1000,750
90482,1,SUP-02,SKU-1001,WH-03,19/01/2026,02/02/2026,02/02/2026,1500,1500
90482,2,SUP-02,SKU-1001,WH-01,19/01/2026,02/02/2026,02/02/2026,2000,2000
90483,1,SUP-02,SKU-1013,WH-04,19/01/2026,02/02/2026,02/02/2026,1500,1500
90484,1,SUP-05,SKU-1022,WH-01,19/01/2026,09/02/2026,09/02/2026,1500,1500
90484,2,SUP-05,SKU-1004,WH-02,19/01/2026,09/02/2026,09/02/2026,1000,1000
90485,1,SUP-01,SKU-1012,WH-04,19/01/2026,26/01/2026,26/01/2026,500,450
90485,2,SUP-01,SKU-1024,WH-02,19/01/2026,26/01/2026,26/01/2026,500,500
90486,1,SUP-02,SKU-1007,WH-02,19/01/2026,02/02/2026,02/02/2026,2000,2000
90486,2,SUP-02,SKU-1019,WH-01,19/01/2026,02/02/2026,02/02/2026,1000,1000
90487,1,SUP-06,SKU-1011,WH-03,19/01/2026,05/03/2026,05/03/2026,2000,2000
90487,2,SUP-06,SKU-1023,WH-01,19/01/2026,05/03/2026,05/03/2026,2000,2000
90488,1,SUP-01,SKU-1012,WH-03,26/01/2026,02/02/2026,02/02/2026,2000,2000
90489,1,SUP-03,SKU-1002,WH-01,26/01/2026,05/02/2026,05/02/2026,2000,1000
90489,2,SUP-03,SKU-1014,WH-04,26/01/2026,05/02/2026,05/02/2026,1500,1500
90490,1,SUP-03,SKU-1020,WH-03,26/01/2026,05/02/2026,05/02/2026,1000,1000
90490,2,SUP-03,SKU-1002,WH-03,26/01/2026,05/02/2026,05/02/2026,1500,1500
90491,1,SUP-03,SKU-1008,WH-04,26/01/2026,05/02/2026,07/02/2026,2000,2000
90492,1,SUP-06,SKU-1017,WH-02,26/01/2026,12/03/2026,19/03/2026,1500,1500
90493,1,SUP-02,SKU-1013,WH-03,26/01/2026,09/02/2026,09/02/2026,500,500
90493,2,SUP-02,SKU-1013,WH-02,26/01/2026,09/02/2026,09/02/2026,1000,1000
90494,1,SUP-05,SKU-1022,WH-04,26/01/2026,16/02/2026,23/02/2026,1500,1500
90494,2,SUP-05,SKU-1022,WH-04,26/01/2026,16/02/2026,23/02/2026,1000,1000
90494,3,SUP-05,SKU-1004,WH-03,26/01/2026,16/02/2026,23/02/2026,1000,900
90495,1,SUP-01,SKU-1012,WH-01,02/02/2026,09/02/2026,09/02/2026,500,500
90495,2,SUP-01,SKU-1006,WH-04,02/02/2026,09/02/2026,09/02/2026,1500,1500
90495,3,SUP-01,SKU-1006,WH-02,02/02/2026,09/02/2026,09/02/2026,2000,2000
90496,1,SUP-02,SKU-1013,WH-01,02/02/2026,16/02/2026,16/02/2026,2000,2000
90496,2,SUP-02,SKU-1019,WH-04,02/02/2026,16/02/2026,16/02/2026,2000,2000
90496,3,SUP-02,SKU-1019,WH-04,02/02/2026,16/02/2026,16/02/2026,2000,2000
90497,1,SUP-01,SKU-1024,WH-04,02/02/2026,09/02/2026,09/02/2026,500,500
90497,2,SUP-01,SKU-1018,WH-02,02/02/2026,09/02/2026,09/02/2026,1000,1000
90498,1,SUP-05,SKU-1004,WH-01,02/02/2026,23/02/2026,23/02/2026,2000,2000
90498,2,SUP-05,SKU-1010,WH-04,02/02/2026,23/02/2026,23/02/2026,500,250
90498,3,SUP-05,SKU-1016,WH-04,02/02/2026,23/02/2026,23/02/2026,2000,1000
90499,1,SUP-02,SKU-1007,WH-03,02/02/2026,16/02/2026,16/02/2026,500,500
90500,1,SUP-01,SKU-1024,WH-02,02/02/2026,09/02/2026,13/02/2026,1000,1000
90500,2,SUP-01,SKU-1024,WH-02,02/02/2026,09/02/2026,13/02/2026,500,500
90500,3,SUP-01,SKU-1024,WH-01,02/02/2026,09/02/2026,13/02/2026,1000,900
90501,1,SUP-06,SKU-1023,WH-03,02/02/2026,19/03/2026,19/03/2026,1500,1500
90501,2,SUP-06,SKU-1011,WH-03,02/02/2026,19/03/2026,19/03/2026,2000,2000
90501,3,SUP-06,SKU-1017,WH-03,02/02/2026,19/03/2026,19/03/2026,1500,1500
90502,1,SUP-01,SKU-1006,WH-04,02/02/2026,09/02/2026,09/02/2026,2000,2000
90503,1,SUP-05,SKU-1022,WH-04,02/02/2026,23/02/2026,23/02/2026,500,500
90503,2,SUP-05,SKU-1004,WH-01,02/02/2026,23/02/2026,23/02/2026,500,250
90503,3,SUP-05,SKU-1010,WH-04,02/02/2026,23/02/2026,23/02/2026,500,500
90504,1,SUP-02,SKU-1019,WH-01,02/02/2026,16/02/2026,16/02/2026,500,250
90504,2,SUP-02,SKU-1013,WH-02,02/02/2026,16/02/2026,16/02/2026,1500,1500
90505,1,SUP-06,SKU-1011,WH-03,02/02/2026,19/03/2026,20/03/2026,500,500
90505,2,SUP-06,SKU-1005,WH-01,02/02/2026,19/03/2026,20/03/2026,2000,2000
90506,1,SUP-01,SKU-1012,WH-01,09/02/2026,16/02/2026,16/02/2026,1000,1000
90507,1,SUP-04,SKU-1021,WH-02,09/02/2026,09/03/2026,09/03/2026,500,500
90507,2,SUP-04,SKU-1021,WH-04,09/02/2026,09/03/2026,09/03/2026,2000,2000
90507,3,SUP-04,SKU-1021,WH-01,09/02/2026,09/03/2026,09/03/2026,1000,1000
90508,1,SUP-04,SKU-1021,WH-03,09/02/2026,09/03/2026,09/03/2026,1500,750
90509,1,SUP-04,SKU-1015,WH-04,09/02/2026,09/03/2026,21/03/2026,1000,1000
90509,2,SUP-04,SKU-1021,WH-01,09/02/2026,09/03/2026,21/03/2026,1000,1000
90509,3,SUP-04,SKU-1015,WH-02,09/02/2026,09/03/2026,21/03/2026,2000,2000
90510,1,SUP-01,SKU-1012,WH-01,09/02/2026,16/02/2026,16/02/2026,1500,1500
90510,2,SUP-01,SKU-1024,WH-01,09/02/2026,16/02/2026,16/02/2026,2000,2000
90510,3,SUP-01,SKU-1006,WH-01,09/02/2026,16/02/2026,16/02/2026,2000,2000
90511,1,SUP-03,SKU-1008,WH-02,09/02/2026,19/02/2026,19/02/2026,1500,1350
90511,2,SUP-03,SKU-1014,WH-03,09/02/2026,19/02/2026,19/02/2026,1500,1500
90511,3,SUP-03,SKU-1002,WH-04,09/02/2026,19/02/2026,19/02/2026,1000,1000
90512,1,SUP-01,SKU-1024,WH-02,09/02/2026,16/02/2026,16/02/2026,1000,1000
90513,1,SUP-03,SKU-1008,WH-02,09/02/2026,19/02/2026,19/02/2026,1000,1000
90514,1,SUP-04,SKU-1009,WH-01,09/02/2026,09/03/2026,16/03/2026,500,450
90514,2,SUP-04,SKU-1015,WH-01,09/02/2026,09/03/2026,16/03/2026,1500,1350
90515,1,SUP-03,SKU-1014,WH-02,09/02/2026,19/02/2026,19/02/2026,1500,1500
90515,2,SUP-03,SKU-1008,WH-04,09/02/2026,19/02/2026,19/02/2026,1000,1000
90515,3,SUP-03,SKU-1008,WH-04,09/02/2026,19/02/2026,19/02/2026,1500,1500
90516,1,SUP-04,SKU-1003,WH-04,09/02/2026,09/03/2026,09/03/2026,2000,1000
90516,2,SUP-04,SKU-1021,WH-02,09/02/2026,09/03/2026,09/03/2026,500,500
90516,3,SUP-04,SKU-1003,WH-03,09/02/2026,09/03/2026,09/03/2026,1000,1000
90517,1,SUP-06,SKU-1011,WH-04,16/02/2026,02/04/2026,02/04/2026,1000,500
90517,2,SUP-06,SKU-1017,WH-04,16/02/2026,02/04/2026,02/04/2026,1000,1000
90517,3,SUP-06,SKU-1005,WH-02,16/02/2026,02/04/2026,02/04/2026,500,500
90518,1,SUP-02,SKU-1001,WH-02,16/02/2026,02/03/2026,02/03/2026,1000,1000
90519,1,SUP-01,SKU-1018,WH-04,16/02/2026,23/02/2026,23/02/2026,2000,2000
90519,2,SUP-01,SKU-1018,WH-04,16/02/2026,23/02/2026,23/02/2026,2000,1000
90519,3,SUP-01,SKU-1024,WH-01,16/02/2026,23/02/2026,23/02/2026,1000,1000
90520,1,SUP-03,SKU-1020,WH-03,16/02/2026,26/02/2026,26/02/2026,1000,1000
90521,1,SUP-06,SKU-1023,WH-02,16/02/2026,02/04/2026,03/04/2026,500,500
90522,1,SUP-02,SKU-1007,WH-01,16/02/2026,02/03/2026,02/03/2026,500,500
90523,1,SUP-02,SKU-1019,WH-02,16/02/2026,02/03/2026,02/03/2026,500,500
90524,1,SUP-01,SKU-1024,WH-04,16/02/2026,23/02/2026,23/02/2026,1000,1000
90524,2,SUP-01,SKU-1024,WH-01,16/02/2026,23/02/2026,23/02/2026,2000,2000
90525,1,SUP-02,SKU-1013,WH-04,16/02/2026,02/03/2026,02/03/2026,1000,1000
90526,1,SUP-02,SKU-1019,WH-03,16/02/2026,02/03/2026,02/03/2026,500,500
90526,2,SUP-02,SKU-1001,WH-04,16/02/2026,02/03/2026,02/03/2026,1000,1000
90527,1,SUP-01,SKU-1012,WH-02,23/02/2026,02/03/2026,03/03/2026,2000,2000
90527,2,SUP-01,SKU-1012,WH-02,23/02/2026,02/03/2026,03/03/2026,1500,1125
90527,3,SUP-01,SKU-1006,WH-04,23/02/2026,02/03/2026,03/03/2026,1500,1500
90528,1,SUP-01,SKU-1018,WH-02,23/02/2026,02/03/2026,02/03/2026,500,500
90529,1,SUP-06,SKU-1017,WH-04,23/02/2026,09/04/2026,21/04/2026,1000,1000
90530,1,SUP-05,SKU-1010,WH-04,23/02/2026,16/03/2026,16/03/2026,1500,1500
90530,2,SUP-05,SKU-1004,WH-04,23/02/2026,16/03/2026,16/03/2026,1500,1350
90530,3,SUP-05,SKU-1010,WH-03,23/02/2026,16/03/2026,16/03/2026,1000,1000
90531,1,SUP-04,SKU-1009,WH-01,23/02/2026,23/03/2026,23/03/2026,2000,2000
90531,2,SUP-04,SKU-1015,WH-01,23/02/2026,23/03/2026,23/03/2026,1500,1500
90531,3,SUP-04,SKU-1015,WH-01,23/02/2026,23/03/2026,23/03/2026,1500,1500
90532,1,SUP-03,SKU-1008,WH-02,23/02/2026,05/03/2026,17/03/2026,1000,1000
90533,1,SUP-04,SKU-1009,WH-02,23/02/2026,23/03/2026,23/03/2026,2000,2000
90534,1,SUP-06,SKU-1023,WH-03,23/02/2026,09/04/2026,09/04/2026,1000,1000
90534,2,SUP-06,SKU-1011,WH-02,23/02/2026,09/04/2026,09/04/2026,2000,2000
90534,3,SUP-06,SKU-1011,WH-04,23/02/2026,09/04/2026,09/04/2026,1500,1500
90535,1,SUP-06,SKU-1023,WH-02,23/02/2026,09/04/2026,13/04/2026,1500,1500
90536,1,SUP-04,SKU-1021,WH-02,23/02/2026,23/03/2026,23/03/2026,1500,1500
90537,1,SUP-04,SKU-1021,WH-04,23/02/2026,23/03/2026,30/03/2026,1000,1000
90538,1,SUP-06,SKU-1023,WH-03,02/03/2026,16/04/2026,16/04/2026,2000,2000
90539,1,SUP-02,SKU-1019,WH-01,02/03/2026,16/03/2026,16/03/2026,2000,2000
90540,1,SUP-03,SKU-1020,WH-04,02/03/2026,12/03/2026,12/03/2026,500,500
90541,1,SUP-06,SKU-1005,WH-02,02/03/2026,16/04/2026,16/04/2026,2000,2000
90541,2,SUP-06,SKU-1005,WH-01,02/03/2026,16/04/2026,16/04/2026,1000,1000
90541,3,SUP-06,SKU-1005,WH-01,02/03/2026,16/04/2026,16/04/2026,1500,1500
90542,1,SUP-03,SKU-1002,WH-04,02/03/2026,12/03/2026,12/03/2026,2000,2000
90542,2,SUP-03,SKU-1014,WH-02,02/03/2026,12/03/2026,12/03/2026,500,500
90542,3,SUP-03,SKU-1008,WH-02,02/03/2026,12/03/2026,12/03/2026,1500,1500
90543,1,SUP-04,SKU-1021,WH-01,02/03/2026,30/03/2026,31/03/2026,1500,1500
90544,1,SUP-04,SKU-1009,WH-02,09/03/2026,06/04/2026,07/04/2026,1000,900
90544,2,SUP-04,SKU-1009,WH-01,09/03/2026,06/04/2026,07/04/2026,1000,1000
90545,1,SUP-02,SKU-1019,WH-03,09/03/2026,23/03/2026,23/03/2026,2000,2000
90546,1,SUP-06,SKU-1005,WH-03,09/03/2026,23/04/2026,23/04/2026,2000,2000
90547,1,SUP-05,SKU-1016,WH-03,09/03/2026,30/03/2026,30/03/2026,1500,1500
90547,2,SUP-05,SKU-1010,WH-02,09/03/2026,30/03/2026,30/03/2026,1000,1000
90547,3,SUP-05,SKU-1004,WH-03,09/03/2026,30/03/2026,30/03/2026,1500,1500
90548,1,SUP-05,SKU-1010,WH-04,09/03/2026,30/03/2026,30/03/2026,2000,2000
90549,1,SUP-01,SKU-1012,WH-01,09/03/2026,16/03/2026,16/03/2026,1500,1500
90549,2,SUP-01,SKU-1012,WH-01,09/03/2026,16/03/2026,16/03/2026,500,500
90550,1,SUP-02,SKU-1019,WH-03,09/03/2026,23/03/2026,23/03/2026,1500,1500
90550,2,SUP-02,SKU-1001,WH-02,09/03/2026,23/03/2026,23/03/2026,1500,1500
90551,1,SUP-04,SKU-1021,WH-04,09/03/2026,06/04/2026,13/04/2026,500,500
90551,2,SUP-04,SKU-1003,WH-03,09/03/2026,06/04/2026,13/04/2026,500,500
90552,1,SUP-04,SKU-1003,WH-01,09/03/2026,06/04/2026,06/04/2026,500,500
90552,2,SUP-04,SKU-1015,WH-04,09/03/2026,06/04/2026,06/04/2026,2000,2000
90552,3,SUP-04,SKU-1021,WH-04,09/03/2026,06/04/2026,06/04/2026,2000,2000
90553,1,SUP-06,SKU-1017,WH-04,09/03/2026,23/04/2026,23/04/2026,500,500
90553,2,SUP-06,SKU-1023,WH-01,09/03/2026,23/04/2026,23/04/2026,2000,1500
90553,3,SUP-06,SKU-1011,WH-03,09/03/2026,23/04/2026,23/04/2026,1000,750
90554,1,SUP-01,SKU-1006,WH-04,09/03/2026,16/03/2026,16/03/2026,2000,2000
90554,2,SUP-01,SKU-1012,WH-02,09/03/2026,16/03/2026,16/03/2026,2000,2000
90555,1,SUP-01,SKU-1006,WH-01,16/03/2026,23/03/2026,23/03/2026,500,250
90556,1,SUP-01,SKU-1024,WH-03,16/03/2026,23/03/2026,23/03/2026,2000,2000
90556,2,SUP-01,SKU-1012,WH-04,16/03/2026,23/03/2026,23/03/2026,2000,1800
90556,3,SUP-01,SKU-1018,WH-02,16/03/2026,23/03/2026,23/03/2026,1500,1500
90557,1,SUP-05,SKU-1022,WH-02,16/03/2026,06/04/2026,06/04/2026,1000,1000
90557,2,SUP-05,SKU-1022,WH-04,16/03/2026,06/04/2026,06/04/2026,1000,1000
90557,3,SUP-05,SKU-1004,WH-02,16/03/2026,06/04/2026,06/04/2026,2000,2000
90558,1,SUP-01,SKU-1012,WH-04,16/03/2026,23/03/2026,27/03/2026,2000,2000
90558,2,SUP-01,SKU-1006,WH-03,16/03/2026,23/03/2026,27/03/2026,1500,1500
90558,3,SUP-01,SKU-1006,WH-03,16/03/2026,23/03/2026,27/03/2026,1000,1000
90559,1,SUP-06,SKU-1017,WH-02,16/03/2026,30/04/2026,02/05/2026,500,375
90560,1,SUP-05,SKU-1004,WH-04,16/03/2026,06/04/2026,06/04/2026,1500,1350
90561,1,SUP-06,SKU-1011,WH-03,16/03/2026,30/04/2026,30/04/2026,1500,1500
90561,2,SUP-06,SKU-1005,WH-04,16/03/2026,30/04/2026,30/04/2026,1000,750
90562,1,SUP-02,SKU-1001,WH-02,23/03/2026,06/04/2026,06/04/2026,2000,2000
90563,1,SUP-02,SKU-1007,WH-04,23/03/2026,06/04/2026,06/04/2026,1000,1000
90564,1,SUP-05,SKU-1004,WH-01,23/03/2026,13/04/2026,13/04/2026,2000,2000
90564,2,SUP-05,SKU-1016,WH-04,23/03/2026,13/04/2026,13/04/2026,2000,2000
90564,3,SUP-05,SKU-1022,WH-01,23/03/2026,13/04/2026,13/04/2026,2000,2000
90565,1,SUP-01,SKU-1018,WH-04,23/03/2026,30/03/2026,30/03/2026,2000,2000
90565,2,SUP-01,SKU-1012,WH-03,23/03/2026,30/03/2026,30/03/2026,2000,2000
90565,3,SUP-01,SKU-1012,WH-02,23/03/2026,30/03/2026,30/03/2026,1500,1500
90566,1,SUP-05,SKU-1016,WH-04,23/03/2026,13/04/2026,20/04/2026,500,500
90566,2,SUP-05,SKU-1010,WH-01,23/03/2026,13/04/2026,20/04/2026,2000,2000
90567,1,SUP-04,SKU-1003,WH-01,23/03/2026,20/04/2026,22/04/2026,1500,1500
90567,2,SUP-04,SKU-1003,WH-04,23/03/2026,20/04/2026,22/04/2026,500,500
90568,1,SUP-03,SKU-1020,WH-03,30/03/2026,09/04/2026,09/04/2026,1000,1000
90568,2,SUP-03,SKU-1014,WH-03,30/03/2026,09/04/2026,09/04/2026,1000,1000
90568,3,SUP-03,SKU-1008,WH-01,30/03/2026,09/04/2026,09/04/2026,1500,1500
90569,1,SUP-06,SKU-1005,WH-02,30/03/2026,14/05/2026,26/05/2026,2000,2000
90570,1,SUP-03,SKU-1002,WH-02,30/03/2026,09/04/2026,09/04/2026,500,500
90570,2,SUP-03,SKU-1002,WH-01,30/03/2026,09/04/2026,09/04/2026,2000,2000
90571,1,SUP-06,SKU-1023,WH-01,30/03/2026,14/05/2026,14/05/2026,2000,2000
90571,2,SUP-06,SKU-1017,WH-03,30/03/2026,14/05/2026,14/05/2026,2000,2000
90572,1,SUP-04,SKU-1003,WH-02,30/03/2026,27/04/2026,09/05/2026,1500,1350
90572,2,SUP-04,SKU-1003,WH-03,30/03/2026,27/04/2026,09/05/2026,500,500
90573,1,SUP-01,SKU-1006,WH-04,30/03/2026,06/04/2026,07/04/2026,500,500
90573,2,SUP-01,SKU-1006,WH-03,30/03/2026,06/04/2026,07/04/2026,500,500
90573,3,SUP-01,SKU-1006,WH-01,30/03/2026,06/04/2026,07/04/2026,1500,1500
90574,1,SUP-05,SKU-1004,WH-01,06/04/2026,27/04/2026,27/04/2026,1000,900
90575,1,SUP-04,SKU-1009,WH-01,06/04/2026,04/05/2026,04/05/2026,1500,1500
90576,1,SUP-04,SKU-1015,WH-03,06/04/2026,04/05/2026,04/05/2026,500,500
90576,2,SUP-04,SKU-1021,WH-04,06/04/2026,04/05/2026,04/05/2026,2000,2000
90577,1,SUP-04,SKU-1021,WH-01,06/04/2026,04/05/2026,11/05/2026,1500,1500
90578,1,SUP-03,SKU-1014,WH-01,06/04/2026,16/04/2026,16/04/2026,500,450
90578,2,SUP-03,SKU-1020,WH-04,06/04/2026,16/04/2026,16/04/2026,2000,1000
90579,1,SUP-03,SKU-1002,WH-01,06/04/2026,16/04/2026,16/04/2026,500,500
90579,2,SUP-03,SKU-1020,WH-02,06/04/2026,16/04/2026,16/04/2026,1500,1500
90579,3,SUP-03,SKU-1014,WH-02,06/04/2026,16/04/2026,16/04/2026,500,500
90580,1,SUP-03,SKU-1008,WH-01,06/04/2026,16/04/2026,20/04/2026,2000,1800
90580,2,SUP-03,SKU-1014,WH-03,06/04/2026,16/04/2026,20/04/2026,2000,2000
90581,1,SUP-02,SKU-1019,WH-01,06/04/2026,20/04/2026,20/04/2026,1500,1500
90582,1,SUP-01,SKU-1006,WH-01,06/04/2026,13/04/2026,13/04/2026,1500,1500
90582,2,SUP-01,SKU-1018,WH-04,06/04/2026,13/04/2026,13/04/2026,1000,1000
90582,3,SUP-01,SKU-1012,WH-03,06/04/2026,13/04/2026,13/04/2026,1000,750
90583,1,SUP-01,SKU-1006,WH-03,06/04/2026,13/04/2026,13/04/2026,500,500
90584,1,SUP-02,SKU-1019,WH-02,06/04/2026,20/04/2026,20/04/2026,500,500
90585,1,SUP-03,SKU-1014,WH-02,13/04/2026,23/04/2026,23/04/2026,500,500
90585,2,SUP-03,SKU-1008,WH-03,13/04/2026,23/04/2026,23/04/2026,500,500
90585,3,SUP-03,SKU-1008,WH-04,13/04/2026,23/04/2026,23/04/2026,1500,1500
90586,1,SUP-06,SKU-1017,WH-01,13/04/2026,28/05/2026,09/06/2026,2000,2000
90586,2,SUP-06,SKU-1017,WH-03,13/04/2026,28/05/2026,09/06/2026,1000,1000
90586,3,SUP-06,SKU-1023,WH-04,13/04/2026,28/05/2026,09/06/2026,500,500
90587,1,SUP-03,SKU-1002,WH-02,13/04/2026,23/04/2026,24/04/2026,500,500
90587,2,SUP-03,SKU-1008,WH-01,13/04/2026,23/04/2026,24/04/2026,1000,900
90588,1,SUP-02,SKU-1001,WH-01,13/04/2026,27/04/2026,27/04/2026,1000,1000
90588,2,SUP-02,SKU-1013,WH-02,13/04/2026,27/04/2026,27/04/2026,2000,2000
90588,3,SUP-02,SKU-1013,WH-03,13/04/2026,27/04/2026,27/04/2026,1000,1000
90589,1,SUP-02,SKU-1019,WH-01,13/04/2026,27/04/2026,28/04/2026,1000,1000
90589,2,SUP-02,SKU-1001,WH-02,13/04/2026,27/04/2026,28/04/2026,500,500
90590,1,SUP-02,SKU-1001,WH-04,13/04/2026,27/04/2026,27/04/2026,1000,1000
90591,1,SUP-05,SKU-1022,WH-04,13/04/2026,04/05/2026,04/05/2026,1000,1000
90591,2,SUP-05,SKU-1004,WH-02,13/04/2026,04/05/2026,04/05/2026,2000,2000
90592,1,SUP-02,SKU-1019,WH-03,20/04/2026,04/05/2026,16/05/2026,500,500
90592,2,SUP-02,SKU-1001,WH-03,20/04/2026,04/05/2026,16/05/2026,1500,750
90592,3,SUP-02,SKU-1013,WH-02,20/04/2026,04/05/2026,16/05/2026,2000,2000
90593,1,SUP-01,SKU-1018,WH-02,20/04/2026,27/04/2026,27/04/2026,1500,1500
90593,2,SUP-01,SKU-1024,WH-02,20/04/2026,27/04/2026,27/04/2026,2000,2000
90594,1,SUP-02,SKU-1019,WH-02,20/04/2026,04/05/2026,04/05/2026,1000,1000
90595,1,SUP-04,SKU-1021,WH-04,20/04/2026,18/05/2026,18/05/2026,1000,500
90596,1,SUP-02,SKU-1019,WH-01,20/04/2026,04/05/2026,04/05/2026,1000,1000
90596,2,SUP-02,SKU-1001,WH-02,20/04/2026,04/05/2026,04/05/2026,500,500
90597,1,SUP-02,SKU-1007,WH-04,20/04/2026,04/05/2026,04/05/2026,1500,1500
90597,2,SUP-02,SKU-1001,WH-03,20/04/2026,04/05/2026,04/05/2026,500,375
90597,3,SUP-02,SKU-1019,WH-02,20/04/2026,04/05/2026,04/05/2026,2000,1500
90598,1,SUP-02,SKU-1013,WH-04,20/04/2026,04/05/2026,04/05/2026,1500,1500
90598,2,SUP-02,SKU-1013,WH-02,20/04/2026,04/05/2026,04/05/2026,1500,1500
90598,3,SUP-02,SKU-1013,WH-04,20/04/2026,04/05/2026,04/05/2026,1500,1500
90599,1,SUP-03,SKU-1014,WH-02,20/04/2026,30/04/2026,07/05/2026,1000,1000
90600,1,SUP-06,SKU-1023,WH-02,20/04/2026,04/06/2026,04/06/2026,1000,1000
90600,2,SUP-06,SKU-1017,WH-03,20/04/2026,04/06/2026,04/06/2026,2000,2000
90601,1,SUP-05,SKU-1010,WH-04,20/04/2026,11/05/2026,11/05/2026,1000,1000
90601,2,SUP-05,SKU-1022,WH-03,20/04/2026,11/05/2026,11/05/2026,1000,750
90602,1,SUP-01,SKU-1012,WH-04,27/04/2026,04/05/2026,04/05/2026,500,500
90602,2,SUP-01,SKU-1018,WH-03,27/04/2026,04/05/2026,04/05/2026,2000,1800
90602,3,SUP-01,SKU-1018,WH-02,27/04/2026,04/05/2026,04/05/2026,1000,1000
90603,1,SUP-02,SKU-1013,WH-03,27/04/2026,11/05/2026,11/05/2026,2000,2000
90604,1,SUP-01,SKU-1012,WH-04,27/04/2026,04/05/2026,04/05/2026,500,500
90605,1,SUP-02,SKU-1001,WH-02,27/04/2026,11/05/2026,11/05/2026,1000,1000
90606,1,SUP-01,SKU-1012,WH-02,27/04/2026,04/05/2026,04/05/2026,1000,1000
90606,2,SUP-01,SKU-1018,WH-01,27/04/2026,04/05/2026,04/05/2026,2000,2000
90607,1,SUP-04,SKU-1003,WH-02,27/04/2026,25/05/2026,25/05/2026,500,500
90607,2,SUP-04,SKU-1015,WH-01,27/04/2026,25/05/2026,25/05/2026,2000,1000
90607,3,SUP-04,SKU-1021,WH-01,27/04/2026,25/05/2026,25/05/2026,1000,1000
90608,1,SUP-04,SKU-1009,WH-02,27/04/2026,25/05/2026,01/06/2026,1000,1000
90609,1,SUP-06,SKU-1011,WH-01,27/04/2026,11/06/2026,11/06/2026,1000,1000
90609,2,SUP-06,SKU-1023,WH-02,27/04/2026,11/06/2026,11/06/2026,2000,2000
90609,3,SUP-06,SKU-1017,WH-04,27/04/2026,11/06/2026,11/06/2026,1500,1500
90610,1,SUP-03,SKU-1008,WH-04,27/04/2026,07/05/2026,07/05/2026,1000,1000
90611,1,SUP-05,SKU-1004,WH-02,27/04/2026,18/05/2026,18/05/2026,1500,1500
90611,2,SUP-05,SKU-1022,WH-04,27/04/2026,18/05/2026,18/05/2026,500,500
90611,3,SUP-05,SKU-1010,WH-02,27/04/2026,18/05/2026,18/05/2026,1000,1000
90612,1,SUP-05,SKU-1016,WH-03,27/04/2026,18/05/2026,18/05/2026,1500,1500
90612,2,SUP-05,SKU-1016,WH-04,27/04/2026,18/05/2026,18/05/2026,2000,2000
90612,3,SUP-05,SKU-1010,WH-02,27/04/2026,18/05/2026,18/05/2026,2000,1800
90613,1,SUP-02,SKU-1001,WH-04,27/04/2026,11/05/2026,11/05/2026,1500,1500
90614,1,SUP-06,SKU-1017,WH-03,04/05/2026,18/06/2026,30/06/2026,2000,2000
90614,2,SUP-06,SKU-1023,WH-03,04/05/2026,18/06/2026,30/06/2026,1500,1500
90614,3,SUP-06,SKU-1017,WH-01,04/05/2026,18/06/2026,30/06/2026,500,500
90615,1,SUP-03,SKU-1014,WH-02,04/05/2026,14/05/2026,14/05/2026,2000,2000
90615,2,SUP-03,SKU-1008,WH-03,04/05/2026,14/05/2026,14/05/2026,500,500
90616,1,SUP-01,SKU-1012,WH-02,04/05/2026,11/05/2026,11/05/2026,1500,1500
90616,2,SUP-01,SKU-1006,WH-01,04/05/2026,11/05/2026,11/05/2026,2000,2000
90616,3,SUP-01,SKU-1024,WH-02,04/05/2026,11/05/2026,11/05/2026,1000,500
90617,1,SUP-04,SKU-1009,WH-04,04/05/2026,01/06/2026,08/06/2026,1000,1000
90617,2,SUP-04,SKU-1003,WH-04,04/05/2026,01/06/2026,08/06/2026,500,500
90617,3,SUP-04,SKU-1003,WH-04,04/05/2026,01/06/2026,08/06/2026,1500,1500
90618,1,SUP-02,SKU-1001,WH-03,04/05/2026,18/05/2026,18/05/2026,1000,1000
90618,2,SUP-02,SKU-1013,WH-03,04/05/2026,18/05/2026,18/05/2026,1500,1500
90619,1,SUP-02,SKU-1019,WH-03,04/05/2026,18/05/2026,18/05/2026,1500,1500
90619,2,SUP-02,SKU-1007,WH-03,04/05/2026,18/05/2026,18/05/2026,2000,2000
90620,1,SUP-01,SKU-1018,WH-03,04/05/2026,11/05/2026,11/05/2026,2000,1800
90620,2,SUP-01,SKU-1018,WH-03,04/05/2026,11/05/2026,11/05/2026,2000,2000
90621,1,SUP-06,SKU-1023,WH-04,11/05/2026,25/06/2026,25/06/2026,500,500
90621,2,SUP-06,SKU-1017,WH-01,11/05/2026,25/06/2026,25/06/2026,500,500
90621,3,SUP-06,SKU-1017,WH-03,11/05/2026,25/06/2026,25/06/2026,1500,1500
90622,1,SUP-03,SKU-1020,WH-04,11/05/2026,21/05/2026,21/05/2026,1500,1500
90622,2,SUP-03,SKU-1008,WH-02,11/05/2026,21/05/2026,21/05/2026,2000,2000
90623,1,SUP-06,SKU-1005,WH-02,11/05/2026,25/06/2026,25/06/2026,1000,1000
90623,2,SUP-06,SKU-1023,WH-01,11/05/2026,25/06/2026,25/06/2026,1000,1000
90623,3,SUP-06,SKU-1011,WH-04,11/05/2026,25/06/2026,25/06/2026,2000,2000
90624,1,SUP-04,SKU-1015,WH-01,11/05/2026,08/06/2026,09/06/2026,1500,1500
90625,1,SUP-04,SKU-1009,WH-01,11/05/2026,08/06/2026,08/06/2026,1000,1000
90626,1,SUP-05,SKU-1004,WH-01,11/05/2026,01/06/2026,01/06/2026,500,500
90626,2,SUP-05,SKU-1022,WH-04,11/05/2026,01/06/2026,01/06/2026,500,500
90626,3,SUP-05,SKU-1022,WH-03,11/05/2026,01/06/2026,01/06/2026,1500,1500
90627,1,SUP-02,SKU-1013,WH-01,11/05/2026,25/05/2026,25/05/2026,1000,1000
90627,2,SUP-02,SKU-1013,WH-03,11/05/2026,25/05/2026,25/05/2026,1500,1500
90628,1,SUP-03,SKU-1020,WH-01,11/05/2026,21/05/2026,21/05/2026,1000,1000
90629,1,SUP-02,SKU-1001,WH-04,11/05/2026,25/05/2026,25/05/2026,2000,2000
90629,2,SUP-02,SKU-1001,WH-03,11/05/2026,25/05/2026,25/05/2026,2000,2000
90630,1,SUP-02,SKU-1019,WH-03,11/05/2026,25/05/2026,25/05/2026,2000,2000
90630,2,SUP-02,SKU-1001,WH-04,11/05/2026,25/05/2026,25/05/2026,2000,2000
90631,1,SUP-05,SKU-1022,WH-03,11/05/2026,01/06/2026,01/06/2026,1500,1500
90631,2,SUP-05,SKU-1016,WH-02,11/05/2026,01/06/2026,01/06/2026,500,375
90631,3,SUP-05,SKU-1010,WH-03,11/05/2026,01/06/2026,01/06/2026,1000,900
90632,1,SUP-01,SKU-1006,WH-02,11/05/2026,18/05/2026,18/05/2026,2000,2000
90632,2,SUP-01,SKU-1018,WH-04,11/05/2026,18/05/2026,18/05/2026,1500,1500
90633,1,SUP-04,SKU-1015,WH-02,18/05/2026,15/06/2026,19/06/2026,1000,1000
90634,1,SUP-05,SKU-1004,WH-03,18/05/2026,08/06/2026,08/06/2026,1000,1000
90634,2,SUP-05,SKU-1016,WH-03,18/05/2026,08/06/2026,08/06/2026,1000,1000
90635,1,SUP-06,SKU-1023,WH-04,18/05/2026,02/07/2026,02/07/2026,1500,1500
90635,2,SUP-06,SKU-1011,WH-04,18/05/2026,02/07/2026,02/07/2026,1000,500
90636,1,SUP-05,SKU-1022,WH-01,18/05/2026,08/06/2026,08/06/2026,1000,1000
90637,1,SUP-02,SKU-1019,WH-02,18/05/2026,01/06/2026,01/06/2026,500,375
90638,1,SUP-06,SKU-1023,WH-01,18/05/2026,02/07/2026,02/07/2026,500,500
90638,2,SUP-06,SKU-1023,WH-02,18/05/2026,02/07/2026,02/07/2026,1000,900
90638,3,SUP-06,SKU-1023,WH-04,18/05/2026,02/07/2026,02/07/2026,2000,2000
90639,1,SUP-01,SKU-1012,WH-01,18/05/2026,25/05/2026,01/06/2026,1000,1000
90639,2,SUP-01,SKU-1012,WH-04,18/05/2026,25/05/2026,01/06/2026,2000,2000
90639,3,SUP-01,SKU-1024,WH-04,18/05/2026,25/05/2026,01/06/2026,500,500
90640,1,SUP-03,SKU-1002,WH-01,18/05/2026,28/05/2026,28/05/2026,2000,1800
90641,1,SUP-03,SKU-1002,WH-02,18/05/2026,28/05/2026,28/05/2026,1000,1000
90642,1,SUP-06,SKU-1011,WH-01,18/05/2026,02/07/2026,03/07/2026,1500,750
90643,1,SUP-06,SKU-1011,WH-02,18/05/2026,02/07/2026,02/07/2026,2000,2000
90643,2,SUP-06,SKU-1011,WH-04,18/05/2026,02/07/2026,02/07/2026,1500,1500
90644,1,SUP-02,SKU-1007,WH-01,18/05/2026,01/06/2026,01/06/2026,2000,2000
90644,2,SUP-02,SKU-1001,WH-03,18/05/2026,01/06/2026,01/06/2026,1000,1000
90645,1,SUP-02,SKU-1001,WH-02,25/05/2026,08/06/2026,08/06/2026,1000,1000
90646,1,SUP-05,SKU-1010,WH-04,25/05/2026,15/06/2026,15/06/2026,1500,1500
90646,2,SUP-05,SKU-1022,WH-02,25/05/2026,15/06/2026,15/06/2026,500,500
90646,3,SUP-05,SKU-1004,WH-04,25/05/2026,15/06/2026,15/06/2026,1500,750
90647,1,SUP-05,SKU-1004,WH-03,25/05/2026,15/06/2026,15/06/2026,2000,2000
90647,2,SUP-05,SKU-1022,WH-04,25/05/2026,15/06/2026,15/06/2026,1500,1500
90648,1,SUP-03,SKU-1008,WH-01,25/05/2026,04/06/2026,04/06/2026,500,500
90648,2,SUP-03,SKU-1020,WH-01,25/05/2026,04/06/2026,04/06/2026,500,500
90649,1,SUP-02,SKU-1007,WH-04,25/05/2026,08/06/2026,08/06/2026,2000,2000
90649,2,SUP-02,SKU-1001,WH-02,25/05/2026,08/06/2026,08/06/2026,1000,1000
90650,1,SUP-01,SKU-1018,WH-03,25/05/2026,01/06/2026,01/06/2026,500,500
90650,2,SUP-01,SKU-1012,WH-02,25/05/2026,01/06/2026,01/06/2026,500,500
90650,3,SUP-01,SKU-1012,WH-04,25/05/2026,01/06/2026,01/06/2026,2000,1000
90651,1,SUP-03,SKU-1002,WH-04,01/06/2026,11/06/2026,11/06/2026,2000,2000
90651,2,SUP-03,SKU-1020,WH-04,01/06/2026,11/06/2026,11/06/2026,2000,2000
90652,1,SUP-06,SKU-1017,WH-04,01/06/2026,16/07/2026,28/07/2026,1500,1500
90652,2,SUP-06,SKU-1023,WH-01,01/06/2026,16/07/2026,28/07/2026,500,500
90653,1,SUP-02,SKU-1019,WH-01,01/06/2026,15/06/2026,15/06/2026,1000,1000
90654,1,SUP-01,SKU-1018,WH-04,01/06/2026,08/06/2026,08/06/2026,1500,1500
90654,2,SUP-01,SKU-1012,WH-04,01/06/2026,08/06/2026,08/06/2026,1000,1000
90654,3,SUP-01,SKU-1006,WH-01,01/06/2026,08/06/2026,08/06/2026,500,500
90655,1,SUP-03,SKU-1020,WH-04,01/06/2026,11/06/2026,11/06/2026,500,500
90656,1,SUP-05,SKU-1022,WH-03,01/06/2026,22/06/2026,22/06/2026,1500,1500
90656,2,SUP-05,SKU-1010,WH-04,01/06/2026,22/06/2026,22/06/2026,500,500
90657,1,SUP-03,SKU-1008,WH-01,01/06/2026,11/06/2026,11/06/2026,2000,2000
90658,1,SUP-02,SKU-1007,WH-02,01/06/2026,15/06/2026,15/06/2026,500,500
90658,2,SUP-02,SKU-1019,WH-02,01/06/2026,15/06/2026,15/06/2026,1500,1500
90658,3,SUP-02,SKU-1001,WH-01,01/06/2026,15/06/2026,15/06/2026,2000,2000
90659,1,SUP-04,SKU-1009,WH-04,01/06/2026,29/06/2026,29/06/2026,1000,1000
90660,1,SUP-06,SKU-1005,WH-01,01/06/2026,16/07/2026,16/07/2026,500,500
90660,2,SUP-06,SKU-1011,WH-01,01/06/2026,16/07/2026,16/07/2026,500,500
90661,1,SUP-06,SKU-1017,WH-03,01/06/2026,16/07/2026,16/07/2026,1000,1000
90661,2,SUP-06,SKU-1005,WH-04,01/06/2026,16/07/2026,16/07/2026,2000,1000
90661,3,SUP-06,SKU-1011,WH-04,01/06/2026,16/07/2026,16/07/2026,2000,1000
90662,1,SUP-05,SKU-1016,WH-04,08/06/2026,29/06/2026,29/06/2026,500,500
90662,2,SUP-05,SKU-1022,WH-02,08/06/2026,29/06/2026,29/06/2026,1500,1500
90663,1,SUP-06,SKU-1023,WH-01,08/06/2026,23/07/2026,23/07/2026,500,500
90663,2,SUP-06,SKU-1023,WH-01,08/06/2026,23/07/2026,23/07/2026,1500,1500
90663,3,SUP-06,SKU-1005,WH-03,08/06/2026,23/07/2026,23/07/2026,500,250
90664,1,SUP-05,SKU-1010,WH-04,08/06/2026,29/06/2026,29/06/2026,1500,1500
90664,2,SUP-05,SKU-1022,WH-02,08/06/2026,29/06/2026,29/06/2026,1500,1500
90665,1,SUP-04,SKU-1003,WH-02,08/06/2026,06/07/2026,06/07/2026,1000,1000
90666,1,SUP-04,SKU-1009,WH-04,08/06/2026,06/07/2026,06/07/2026,1000,1000
90666,2,SUP-04,SKU-1003,WH-04,08/06/2026,06/07/2026,06/07/2026,2000,2000
90666,3,SUP-04,SKU-1021,WH-02,08/06/2026,06/07/2026,06/07/2026,500,500
90667,1,SUP-06,SKU-1011,WH-02,08/06/2026,23/07/2026,04/08/2026,1000,1000
90667,2,SUP-06,SKU-1023,WH-04,08/06/2026,23/07/2026,04/08/2026,1000,1000
90667,3,SUP-06,SKU-1023,WH-04,08/06/2026,23/07/2026,04/08/2026,2000,2000
90668,1,SUP-05,SKU-1004,WH-03,08/06/2026,29/06/2026,29/06/2026,2000,2000
90668,2,SUP-05,SKU-1016,WH-03,08/06/2026,29/06/2026,29/06/2026,1000,1000
90668,3,SUP-05,SKU-1016,WH-04,08/06/2026,29/06/2026,29/06/2026,500,500
90669,1,SUP-05,SKU-1022,WH-01,15/06/2026,06/07/2026,06/07/2026,500,500
90670,1,SUP-05,SKU-1022,WH-02,15/06/2026,06/07/2026,06/07/2026,500,500
90671,1,SUP-06,SKU-1017,WH-03,15/06/2026,30/07/2026,30/07/2026,2000,2000
90671,2,SUP-06,SKU-1017,WH-02,15/06/2026,30/07/2026,30/07/2026,1000,1000
90671,3,SUP-06,SKU-1011,WH-01,15/06/2026,30/07/2026,30/07/2026,1000,1000
90672,1,SUP-04,SKU-1003,WH-03,15/06/2026,13/07/2026,13/07/2026,2000,2000
90672,2,SUP-04,SKU-1015,WH-01,15/06/2026,13/07/2026,13/07/2026,500,500
90673,1,SUP-02,SKU-1007,WH-04,15/06/2026,29/06/2026,29/06/2026,500,500
90674,1,SUP-02,SKU-1001,WH-02,15/06/2026,29/06/2026,29/06/2026,1000,1000
90674,2,SUP-02,SKU-1013,WH-01,15/06/2026,29/06/2026,29/06/2026,1500,1500
90674,3,SUP-02,SKU-1019,WH-01,15/06/2026,29/06/2026,29/06/2026,500,500
90675,1,SUP-01,SKU-1018,WH-02,15/06/2026,22/06/2026,22/06/2026,1000,1000
90675,2,SUP-01,SKU-1024,WH-01,15/06/2026,22/06/2026,22/06/2026,500,375
90676,1,SUP-01,SKU-1024,WH-01,15/06/2026,22/06/2026,24/06/2026,2000,2000
90676,2,SUP-01,SKU-1018,WH-02,15/06/2026,22/06/2026,24/06/2026,1500,1500
90677,1,SUP-02,SKU-1007,WH-04,22/06/2026,06/07/2026,06/07/2026,500,500
90677,2,SUP-02,SKU-1019,WH-02,22/06/2026,06/07/2026,06/07/2026,1000,1000
90677,3,SUP-02,SKU-1007,WH-04,22/06/2026,06/07/2026,06/07/2026,500,500
90678,1,SUP-06,SKU-1005,WH-04,22/06/2026,06/08/2026,06/08/2026,500,500
90679,1,SUP-04,SKU-1009,WH-02,22/06/2026,20/07/2026,20/07/2026,1500,1125
90679,2,SUP-04,SKU-1003,WH-01,22/06/2026,20/07/2026,20/07/2026,500,500
90679,3,SUP-04,SKU-1009,WH-02,22/06/2026,20/07/2026,20/07/2026,2000,2000
90680,1,SUP-03,SKU-1008,WH-02,22/06/2026,02/07/2026,02/07/2026,1500,1125
90680,2,SUP-03,SKU-1002,WH-02,22/06/2026,02/07/2026,02/07/2026,500,500
90681,1,SUP-02,SKU-1013,WH-04,22/06/2026,06/07/2026,06/07/2026,2000,2000
90682,1,SUP-04,SKU-1021,WH-03,22/06/2026,20/07/2026,24/07/2026,1500,1500
90683,1,SUP-05,SKU-1022,WH-01,22/06/2026,13/07/2026,13/07/2026,1500,1500
90683,2,SUP-05,SKU-1016,WH-01,22/06/2026,13/07/2026,13/07/2026,500,450
90684,1,SUP-05,SKU-1004,WH-02,22/06/2026,13/07/2026,13/07/2026,500,500
90685,1,SUP-01,SKU-1024,WH-03,22/06/2026,29/06/2026,29/06/2026,1500,1500
90686,1,SUP-04,SKU-1015,WH-02,22/06/2026,20/07/2026,20/07/2026,1500,1125
90687,1,SUP-02,SKU-1019,WH-03,22/06/2026,06/07/2026,06/07/2026,1000,1000
90687,2,SUP-02,SKU-1013,WH-03,22/06/2026,06/07/2026,06/07/2026,2000,2000
90688,1,SUP-06,SKU-1023,WH-04,29/06/2026,13/08/2026,15/08/2026,2000,2000
90689,1,SUP-04,SKU-1015,WH-03,29/06/2026,27/07/2026,27/07/2026,500,500
90689,2,SUP-04,SKU-1021,WH-02,29/06/2026,27/07/2026,27/07/2026,2000,2000
90690,1,SUP-03,SKU-1020,WH-03,29/06/2026,09/07/2026,09/07/2026,2000,2000
90691,1,SUP-02,SKU-1013,WH-02,29/06/2026,13/07/2026,13/07/2026,500,250
90692,1,SUP-03,SKU-1002,WH-04,29/06/2026,09/07/2026,09/07/2026,1500,1500
90692,2,SUP-03,SKU-1014,WH-01,29/06/2026,09/07/2026,09/07/2026,2000,2000
90693,1,SUP-06,SKU-1017,WH-02,29/06/2026,13/08/2026,13/08/2026,2000,2000
90693,2,SUP-06,SKU-1023,WH-02,29/06/2026,13/08/2026,13/08/2026,1500,1500
90693,3,SUP-06,SKU-1005,WH-04,29/06/2026,13/08/2026,13/08/2026,2000,2000
90694,1,SUP-02,SKU-1007,WH-01,29/06/2026,13/07/2026,17/07/2026,2000,2000
90694,2,SUP-02,SKU-1001,WH-01,29/06/2026,13/07/2026,17/07/2026,500,500
90695,1,SUP-01,SKU-1006,WH-01,06/07/2026,13/07/2026,13/07/2026,1000,1000
90695,2,SUP-01,SKU-1006,WH-03,06/07/2026,13/07/2026,13/07/2026,500,500
90696,1,SUP-06,SKU-1023,WH-04,06/07/2026,20/08/2026,20/08/2026,500,500
90697,1,SUP-04,SKU-1009,WH-01,06/07/2026,03/08/2026,04/08/2026,1500,1500
90697,2,SUP-04,SKU-1009,WH-03,06/07/2026,03/08/2026,04/08/2026,2000,2000
90698,1,SUP-03,SKU-1020,WH-01,06/07/2026,16/07/2026,16/07/2026,1000,900
90698,2,SUP-03,SKU-1014,WH-02,06/07/2026,16/07/2026,16/07/2026,500,500
90699,1,SUP-05,SKU-1004,WH-01,06/07/2026,27/07/2026,27/07/2026,500,450
90699,2,SUP-05,SKU-1022,WH-01,06/07/2026,27/07/2026,27/07/2026,1000,1000
90700,1,SUP-01,SKU-1006,WH-04,06/07/2026,13/07/2026,13/07/2026,1500,1500
90701,1,SUP-02,SKU-1001,WH-04,13/07/2026,27/07/2026,27/07/2026,1500,1125
90702,1,SUP-03,SKU-1020,WH-03,13/07/2026,23/07/2026,23/07/2026,1000,1000
90702,2,SUP-03,SKU-1002,WH-02,13/07/2026,23/07/2026,23/07/2026,2000,1800
90703,1,SUP-05,SKU-1004,WH-03,13/07/2026,03/08/2026,03/08/2026,1000,1000
90704,1,SUP-04,SKU-1003,WH-02,13/07/2026,10/08/2026,10/08/2026,1000,1000
90704,2,SUP-04,SKU-1003,WH-02,13/07/2026,10/08/2026,10/08/2026,1500,1500
90705,1,SUP-01,SKU-1012,WH-02,13/07/2026,20/07/2026,21/07/2026,2000,1800
90706,1,SUP-05,SKU-1010,WH-02,13/07/2026,03/08/2026,03/08/2026,1000,500
90706,2,SUP-05,SKU-1016,WH-04,13/07/2026,03/08/2026,03/08/2026,1500,1500
90706,3,SUP-05,SKU-1022,WH-02,13/07/2026,03/08/2026,03/08/2026,2000,2000
90707,1,SUP-02,SKU-1001,WH-04,13/07/2026,27/07/2026,27/07/2026,1000,1000
90707,2,SUP-02,SKU-1013,WH-03,13/07/2026,27/07/2026,27/07/2026,1500,1500
90708,1,SUP-02,SKU-1019,WH-04,20/07/2026,03/08/2026,03/08/2026,1000,1000
90709,1,SUP-04,SKU-1015,WH-01,20/07/2026,17/08/2026,17/08/2026,500,500
90710,1,SUP-01,SKU-1024,WH-03,20/07/2026,27/07/2026,27/07/2026,1000,1000
90710,2,SUP-01,SKU-1012,WH-01,20/07/2026,27/07/2026,27/07/2026,2000,2000
90710,3,SUP-01,SKU-1018,WH-03,20/07/2026,27/07/2026,27/07/2026,1500,1350
90711,1,SUP-06,SKU-1017,WH-04,20/07/2026,03/09/2026,03/09/2026,1500,1500
90712,1,SUP-02,SKU-1013,WH-04,20/07/2026,03/08/2026,03/08/2026,1500,1500
90712,2,SUP-02,SKU-1019,WH-01,20/07/2026,03/08/2026,03/08/2026,500,500
90712,3,SUP-02,SKU-1019,WH-04,20/07/2026,03/08/2026,03/08/2026,2000,2000
90713,1,SUP-01,SKU-1018,WH-02,20/07/2026,27/07/2026,27/07/2026,500,375
90713,2,SUP-01,SKU-1012,WH-04,20/07/2026,27/07/2026,27/07/2026,1500,1500
90713,3,SUP-01,SKU-1024,WH-03,20/07/2026,27/07/2026,27/07/2026,1000,750
90714,1,SUP-04,SKU-1009,WH-04,20/07/2026,17/08/2026,21/08/2026,1500,1500
90715,1,SUP-05,SKU-1010,WH-01,20/07/2026,10/08/2026,10/08/2026,500,500
90715,2,SUP-05,SKU-1004,WH-02,20/07/2026,10/08/2026,10/08/2026,2000,1000
90715,3,SUP-05,SKU-1022,WH-02,20/07/2026,10/08/2026,10/08/2026,1000,1000
90716,1,SUP-05,SKU-1004,WH-01,20/07/2026,10/08/2026,10/08/2026,1500,1125
90716,2,SUP-05,SKU-1010,WH-03,20/07/2026,10/08/2026,10/08/2026,2000,1800
90717,1,SUP-04,SKU-1015,WH-01,20/07/2026,17/08/2026,29/08/2026,2000,2000
90717,2,SUP-04,SKU-1009,WH-04,20/07/2026,17/08/2026,29/08/2026,1000,1000
90718,1,SUP-04,SKU-1015,WH-01,20/07/2026,17/08/2026,18/08/2026,1500,1500
90718,2,SUP-04,SKU-1021,WH-01,20/07/2026,17/08/2026,18/08/2026,2000,1800
90718,3,SUP-04,SKU-1003,WH-04,20/07/2026,17/08/2026,18/08/2026,1000,1000
90719,1,SUP-02,SKU-1007,WH-03,27/07/2026,10/08/2026,10/08/2026,2000,2000
90719,2,SUP-02,SKU-1019,WH-02,27/07/2026,10/08/2026,10/08/2026,1500,1500
90720,1,SUP-02,SKU-1019,WH-02,27/07/2026,10/08/2026,10/08/2026,1500,1500
90721,1,SUP-04,SKU-1009,WH-03,27/07/2026,24/08/2026,24/08/2026,2000,2000
90721,2,SUP-04,SKU-1021,WH-03,27/07/2026,24/08/2026,24/08/2026,500,500
90722,1,SUP-04,SKU-1015,WH-02,27/07/2026,24/08/2026,24/08/2026,2000,2000
90722,2,SUP-04,SKU-1015,WH-04,27/07/2026,24/08/2026,24/08/2026,1000,1000
90722,3,SUP-04,SKU-1003,WH-03,27/07/2026,24/08/2026,24/08/2026,1500,1500
90723,1,SUP-04,SKU-1009,WH-04,27/07/2026,24/08/2026,26/08/2026,1000,900
90723,2,SUP-04,SKU-1003,WH-01,27/07/2026,24/08/2026,26/08/2026,1000,1000
90723,3,SUP-04,SKU-1015,WH-02,27/07/2026,24/08/2026,26/08/2026,500,500
90724,1,SUP-05,SKU-1016,WH-01,27/07/2026,17/08/2026,17/08/2026,1500,1500
90724,2,SUP-05,SKU-1022,WH-03,27/07/2026,17/08/2026,17/08/2026,1500,1500
90724,3,SUP-05,SKU-1016,WH-03,27/07/2026,17/08/2026,17/08/2026,500,500
90725,1,SUP-06,SKU-1011,WH-01,27/07/2026,10/09/2026,10/09/2026,2000,2000
90725,2,SUP-06,SKU-1023,WH-04,27/07/2026,10/09/2026,10/09/2026,1500,1500
90726,1,SUP-02,SKU-1013,WH-01,27/07/2026,10/08/2026,10/08/2026,2000,2000
90727,1,SUP-02,SKU-1019,WH-04,03/08/2026,17/08/2026,17/08/2026,500,500
90727,2,SUP-02,SKU-1019,WH-03,03/08/2026,17/08/2026,17/08/2026,2000,2000
90728,1,SUP-01,SKU-1018,WH-01,03/08/2026,10/08/2026,10/08/2026,1500,1500
90729,1,SUP-03,SKU-1020,WH-01,03/08/2026,13/08/2026,13/08/2026,500,500
90729,2,SUP-03,SKU-1008,WH-02,03/08/2026,13/08/2026,13/08/2026,2000,2000
90729,3,SUP-03,SKU-1020,WH-04,03/08/2026,13/08/2026,13/08/2026,2000,1500
90730,1,SUP-06,SKU-1005,WH-01,03/08/2026,17/09/2026,18/09/2026,1000,1000
90730,2,SUP-06,SKU-1017,WH-01,03/08/2026,17/09/2026,18/09/2026,1500,1500
90730,3,SUP-06,SKU-1005,WH-03,03/08/2026,17/09/2026,18/09/2026,1500,1500
90731,1,SUP-03,SKU-1020,WH-03,03/08/2026,13/08/2026,13/08/2026,1500,1125
90731,2,SUP-03,SKU-1014,WH-03,03/08/2026,13/08/2026,13/08/2026,500,500
90732,1,SUP-02,SKU-1007,WH-02,03/08/2026,17/08/2026,17/08/2026,1500,1500
90733,1,SUP-02,SKU-1001,WH-01,03/08/2026,17/08/2026,17/08/2026,1000,1000
90733,2,SUP-02,SKU-1001,WH-04,03/08/2026,17/08/2026,17/08/2026,500,250
90734,1,SUP-02,SKU-1001,WH-03,03/08/2026,17/08/2026,17/08/2026,1000,1000
90734,2,SUP-02,SKU-1007,WH-03,03/08/2026,17/08/2026,17/08/2026,1000,900
90735,1,SUP-06,SKU-1005,WH-03,03/08/2026,17/09/2026,17/09/2026,1500,1500
90735,2,SUP-06,SKU-1011,WH-02,03/08/2026,17/09/2026,17/09/2026,1500,1500
90735,3,SUP-06,SKU-1017,WH-03,03/08/2026,17/09/2026,17/09/2026,1000,1000
90736,1,SUP-01,SKU-1006,WH-03,03/08/2026,10/08/2026,10/08/2026,1000,1000
90736,2,SUP-01,SKU-1006,WH-03,03/08/2026,10/08/2026,10/08/2026,500,500
90736,3,SUP-01,SKU-1024,WH-03,03/08/2026,10/08/2026,10/08/2026,1000,1000
90737,1,SUP-03,SKU-1020,WH-04,10/08/2026,20/08/2026,20/08/2026,500,500
90737,2,SUP-03,SKU-1014,WH-01,10/08/2026,20/08/2026,20/08/2026,1500,1500
90737,3,SUP-03,SKU-1020,WH-02,10/08/2026,20/08/2026,20/08/2026,1500,1500
90738,1,SUP-01,SKU-1012,WH-03,10/08/2026,17/08/2026,17/08/2026,1500,750
90738,2,SUP-01,SKU-1018,WH-03,10/08/2026,17/08/2026,17/08/2026,500,500
90739,1,SUP-01,SKU-1012,WH-01,10/08/2026,17/08/2026,17/08/2026,500,500
90739,2,SUP-01,SKU-1024,WH-01,10/08/2026,17/08/2026,17/08/2026,1500,1500
90739,3,SUP-01,SKU-1024,WH-02,10/08/2026,17/08/2026,17/08/2026,500,500
90740,1,SUP-05,SKU-1004,WH-04,10/08/2026,31/08/2026,31/08/2026,1000,1000
90741,1,SUP-01,SKU-1024,WH-03,10/08/2026,17/08/2026,17/08/2026,2000,2000
90741,2,SUP-01,SKU-1024,WH-04,10/08/2026,17/08/2026,17/08/2026,2000,2000
90742,1,SUP-02,SKU-1001,WH-03,10/08/2026,24/08/2026,24/08/2026,2000,2000
90742,2,SUP-02,SKU-1019,WH-03,10/08/2026,24/08/2026,24/08/2026,2000,2000
90742,3,SUP-02,SKU-1001,WH-01,10/08/2026,24/08/2026,24/08/2026,500,500
90743,1,SUP-04,SKU-1003,WH-04,10/08/2026,07/09/2026,19/09/2026,1500,1500
90743,2,SUP-04,SKU-1021,WH-01,10/08/2026,07/09/2026,19/09/2026,500,500
90744,1,SUP-04,SKU-1009,WH-02,10/08/2026,07/09/2026,07/09/2026,2000,2000
90744,2,SUP-04,SKU-1009,WH-02,10/08/2026,07/09/2026,07/09/2026,1000,1000
90745,1,SUP-02,SKU-1019,WH-01,10/08/2026,24/08/2026,24/08/2026,1500,1500
90745,2,SUP-02,SKU-1007,WH-03,10/08/2026,24/08/2026,24/08/2026,1000,1000
90745,3,SUP-02,SKU-1007,WH-03,10/08/2026,24/08/2026,24/08/2026,1000,1000
90746,1,SUP-04,SKU-1003,WH-04,10/08/2026,07/09/2026,09/09/2026,2000,1500
90746,2,SUP-04,SKU-1009,WH-01,10/08/2026,07/09/2026,09/09/2026,1000,1000
90747,1,SUP-04,SKU-1009,WH-01,17/08/2026,14/09/2026,16/09/2026,500,500
90747,2,SUP-04,SKU-1021,WH-02,17/08/2026,14/09/2026,16/09/2026,2000,2000
90748,1,SUP-06,SKU-1023,WH-01,17/08/2026,01/10/2026,08/10/2026,500,500
90749,1,SUP-02,SKU-1013,WH-01,17/08/2026,31/08/2026,31/08/2026,1500,1500
90750,1,SUP-06,SKU-1017,WH-01,17/08/2026,01/10/2026,03/10/2026,1000,1000
90750,2,SUP-06,SKU-1005,WH-03,17/08/2026,01/10/2026,03/10/2026,500,375
90750,3,SUP-06,SKU-1005,WH-01,17/08/2026,01/10/2026,03/10/2026,2000,2000
90751,1,SUP-04,SKU-1021,WH-03,17/08/2026,14/09/2026,14/09/2026,1500,1500
90751,2,SUP-04,SKU-1015,WH-03,17/08/2026,14/09/2026,14/09/2026,2000,2000
90752,1,SUP-06,SKU-1011,WH-01,17/08/2026,01/10/2026,13/10/2026,1500,1500
90752,2,SUP-06,SKU-1011,WH-02,17/08/2026,01/10/2026,13/10/2026,500,500
90753,1,SUP-05,SKU-1016,WH-03,17/08/2026,07/09/2026,07/09/2026,1000,1000
90754,1,SUP-04,SKU-1015,WH-04,24/08/2026,21/09/2026,21/09/2026,2000,2000
90755,1,SUP-04,SKU-1015,WH-04,24/08/2026,21/09/2026,21/09/2026,1000,500
90756,1,SUP-06,SKU-1005,WH-02,24/08/2026,08/10/2026,08/10/2026,500,500
90756,2,SUP-06,SKU-1023,WH-04,24/08/2026,08/10/2026,08/10/2026,2000,1800
90756,3,SUP-06,SKU-1017,WH-03,24/08/2026,08/10/2026,08/10/2026,500,500
90757,1,SUP-01,SKU-1006,WH-04,24/08/2026,31/08/2026,31/08/2026,1500,1500
90757,2,SUP-01,SKU-1018,WH-04,24/08/2026,31/08/2026,31/08/2026,500,500
90757,3,SUP-01,SKU-1018,WH-03,24/08/2026,31/08/2026,31/08/2026,500,500
90758,1,SUP-06,SKU-1017,WH-04,24/08/2026,08/10/2026,20/10/2026,500,500
90758,2,SUP-06,SKU-1011,WH-03,24/08/2026,08/10/2026,20/10/2026,1000,1000
90758,3,SUP-06,SKU-1023,WH-01,24/08/2026,08/10/2026,20/10/2026,1500,750
90759,1,SUP-04,SKU-1003,WH-04,24/08/2026,21/09/2026,21/09/2026,1500,1500
90760,1,SUP-05,SKU-1010,WH-03,24/08/2026,14/09/2026,14/09/2026,1000,1000
90760,2,SUP-05,SKU-1004,WH-02,24/08/2026,14/09/2026,14/09/2026,500,500
90760,3,SUP-05,SKU-1016,WH-04,24/08/2026,14/09/2026,14/09/2026,2000,2000
90761,1,SUP-04,SKU-1009,WH-02,24/08/2026,21/09/2026,21/09/2026,1000,1000
90761,2,SUP-04,SKU-1009,WH-01,24/08/2026,21/09/2026,21/09/2026,2000,2000
90762,1,SUP-01,SKU-1018,WH-02,24/08/2026,31/08/2026,31/08/2026,2000,2000
90763,1,SUP-05,SKU-1010,WH-02,31/08/2026,21/09/2026,21/09/2026,2000,2000
90764,1,SUP-06,SKU-1005,WH-04,31/08/2026,15/10/2026,15/10/2026,500,500
90764,2,SUP-06,SKU-1017,WH-04,31/08/2026,15/10/2026,15/10/2026,500,500
90765,1,SUP-05,SKU-1022,WH-01,31/08/2026,21/09/2026,21/09/2026,500,500
90765,2,SUP-05,SKU-1010,WH-03,31/08/2026,21/09/2026,21/09/2026,1500,1500
90765,3,SUP-05,SKU-1004,WH-02,31/08/2026,21/09/2026,21/09/2026,2000,1000
90766,1,SUP-04,SKU-1021,WH-02,31/08/2026,28/09/2026,28/09/2026,1000,1000
90766,2,SUP-04,SKU-1021,WH-03,31/08/2026,28/09/2026,28/09/2026,2000,1500
90766,3,SUP-04,SKU-1021,WH-01,31/08/2026,28/09/2026,28/09/2026,1500,1500
90767,1,SUP-03,SKU-1020,WH-01,31/08/2026,10/09/2026,10/09/2026,500,500
90767,2,SUP-03,SKU-1014,WH-02,31/08/2026,10/09/2026,10/09/2026,1500,1500
90768,1,SUP-05,SKU-1004,WH-03,31/08/2026,21/09/2026,21/09/2026,1000,1000
90768,2,SUP-05,SKU-1010,WH-01,31/08/2026,21/09/2026,21/09/2026,1000,1000
90769,1,SUP-02,SKU-1001,WH-01,31/08/2026,14/09/2026,14/09/2026,1500,750
90769,2,SUP-02,SKU-1019,WH-03,31/08/2026,14/09/2026,14/09/2026,1500,1125
90770,1,SUP-05,SKU-1016,WH-03,31/08/2026,21/09/2026,21/09/2026,2000,2000
90770,2,SUP-05,SKU-1016,WH-01,31/08/2026,21/09/2026,21/09/2026,500,500
90770,3,SUP-05,SKU-1022,WH-04,31/08/2026,21/09/2026,21/09/2026,2000,2000
